<?xml version="1.0" encoding="UTF-8"?>
<bwmeta xmlns="http://yadda.icm.edu.pl/bwmeta-2.1.0.xsd">
  <element id="02585200">
    <affiliation id="aff.2">
      <text>Department of Industrial and Organisational Psychology, University of South Africa, South Africa</text>
    </affiliation>
    <affiliation id="aff.1">
      <text>Department of Industrial and Organisational Psychology, Nelson Mandela Metropolitan University, South Africa</text>
    </affiliation>
    <attribute key="email">
      <value>Gerrit.louw@nmmu.ac.za</value>
    </attribute>
    <contents>
      <file format="application/pdf" id="0" type="full-text">
        <location>yadda.pack:/archive/02585200/content/full-text/02585200.pdf</location>
      </file>
    </contents>
    <contributor institution="false" role="author">
      <affiliation-ref ref="aff.1" />
      <name lang="und" type="forenames">Gerrit J.</name>
      <name lang="und" type="surname">Louw</name>
      <name lang="und" type="canonical">Gerrit J. Louw</name>
    </contributor>
    <contributor institution="false" role="author">
      <affiliation-ref ref="aff.2" />
      <name lang="und" type="forenames">Adriaan</name>
      <name lang="und" type="surname">Viviers</name>
      <name lang="und" type="canonical">Adriaan Viviers</name>
    </contributor>
    <date type="received" day="24" month="4" year="2008">24 Apr. 2008</date>
    <date type="accepted" day="20" month="11" year="2009">20 Nov. 2009</date>
    <date type="published" day="16" month="7" year="2010">16 July 2010</date>
    <description lang="und" type="abstract">Orientation: Stress is a social reality which does not exist in isolation, but in many social situations,
especially work-related environments. Police officers in particular suffer from highly negative stress
related outcomes.
Research purpose: The purpose of the study was to determine how Moos's hypothesised stress and
coping model (1994) fitted a sample of police officers.
Motivation for the study: The study was an attempt to understand police officers' unique needs and
how the frequency and/or intensity of perceived stress could be reduced so that they would be able
to cope more effectively with stress.
Research design, approach and method: A non-experimental survey design, following the
quantitative tradition, was used in pursuit of the research objectives. A random sample of 505
participants was extracted from a population of serving male and female police officers reflecting
the typical South African ethnic groups. Structural equation modelling (SEM) was used to establish
the adequacy of between the hypothesised Moos model and the sample.
Main findings: The hypothesised theoretical framework was disproved. A respecified model
and inter-correlations confirm that some officers experience burnout, while, paradoxically, others
continue to be unaffected because of the buffering effect of social support, personality factors and
other resilience factors not revealed in this study.
Practical/managerial implications: The study calls on police management for awareness of the negative
health consequences of prolonged stressors. Simultaneously, employee assistance programmes
could be directed to problem-solving strategies, perceived self-efficacy and learned resourcefulness
to improve control over prolonged negative stress consequences among members.
Contribution/value-add: This research provides a theoretical framework to understand, describe
and assess individual well-being in the police work context.</description>
    <id scheme="bwmeta1.id-class.DOI" value="10.4102/sajip" />
    <name lang="und">An evAluAtion of A psychosociAl stress And coping model in the police work context</name>
    <structure hierarchy="bwmeta1.hierarchy-class.hierarchy_Journal">
      <ancestor level="bwmeta1.level.hierarchy_Journal_Volume">
        <name lang="und">36</name>
      </ancestor>
      <ancestor level="bwmeta1.level.hierarchy_Journal_Number">
        <name lang="und">1</name>
      </ancestor>
      <ancestor level="bwmeta1.level.hierarchy_Journal_Journal">
        <name lang="eng">SA Journal of Industrial Psychology</name>
      </ancestor>
      <current level="bwmeta1.level.hierarchy_Journal_Article" />
    </structure>
    <tags lang="und" type="keyword">
      <tag>police stress</tag>
      <tag>coping strategies</tag>
      <tag>vigour</tag>
      <tag>burnout</tag>
      <tag>resources</tag>
    </tags>
  </element>
</bwmeta>

