<?xml version="1.0" encoding="UTF-8"?>
<bwmeta xmlns="http://yadda.icm.edu.pl/bwmeta-2.1.0.xsd">
  <element id="02786273">
    <affiliation id="aff.default">
      <text>Institut fu¨r Experimentelle Physik II, Fakulta¨t fu¨r Physik und Geowissenschaften, Universita¨t Leipzig, Linn´estraβe 5, 04103 Leipzig, Germany</text>
    </affiliation>
    <attribute key="email">
      <value>mlorenz@physik.uni-leipzig.de</value>
    </attribute>
    <attribute key="ArticleID">
      <value>140976</value>
    </attribute>
    <contents>
      <file format="application/pdf" id="0" type="full-text">
        <location>yadda.pack:/archive/02786273/content/full-text/02786273.pdf</location>
      </file>
    </contents>
    <contributor institution="false" role="author">
      <affiliation-ref ref="aff.default" />
      <name lang="und" type="forenames">Michael</name>
      <name lang="und" type="surname">Lorenz</name>
      <name lang="und" type="canonical">Michael Lorenz</name>
    </contributor>
    <contributor institution="false" role="author">
      <affiliation-ref ref="aff.default" />
      <name lang="und" type="forenames">Holger</name>
      <name lang="und" type="surname">Hochmuth</name>
      <name lang="und" type="canonical">Holger Hochmuth</name>
    </contributor>
    <contributor institution="false" role="author">
      <affiliation-ref ref="aff.default" />
      <name lang="und" type="forenames">Christoph</name>
      <name lang="und" type="surname">Gru¨ner</name>
      <name lang="und" type="canonical">Christoph Gru¨ner</name>
    </contributor>
    <contributor institution="false" role="author">
      <affiliation-ref ref="aff.default" />
      <name lang="und" type="forenames">Helena</name>
      <name lang="und" type="surname">Hilmer</name>
      <name lang="und" type="canonical">Helena Hilmer</name>
    </contributor>
    <contributor institution="false" role="author">
      <affiliation-ref ref="aff.default" />
      <name lang="und" type="forenames">Alexander</name>
      <name lang="und" type="surname">Lajn</name>
      <name lang="und" type="canonical">Alexander Lajn</name>
    </contributor>
    <contributor institution="false" role="author">
      <affiliation-ref ref="aff.default" />
      <name lang="und" type="forenames">Daniel</name>
      <name lang="und" type="surname">Spemann</name>
      <name lang="und" type="canonical">Daniel Spemann</name>
    </contributor>
    <contributor institution="false" role="author">
      <affiliation-ref ref="aff.default" />
      <name lang="und" type="forenames">Matthias</name>
      <name lang="und" type="surname">Brandt</name>
      <name lang="und" type="canonical">Matthias Brandt</name>
    </contributor>
    <contributor institution="false" role="author">
      <affiliation-ref ref="aff.default" />
      <name lang="und" type="forenames">Jan</name>
      <name lang="und" type="surname">Zippel</name>
      <name lang="und" type="canonical">Jan Zippel</name>
    </contributor>
    <contributor institution="false" role="author">
      <affiliation-ref ref="aff.default" />
      <name lang="und" type="forenames">Ru¨diger</name>
      <name lang="und" type="surname">Schmidt-Grund</name>
      <name lang="und" type="canonical">Ru¨diger Schmidt-Grund</name>
    </contributor>
    <contributor institution="false" role="author">
      <affiliation-ref ref="aff.default" />
      <name lang="und" type="forenames">Holger von</name>
      <name lang="und" type="surname">Wenckstern</name>
      <name lang="und" type="canonical">Holger von Wenckstern</name>
    </contributor>
    <contributor institution="false" role="author">
      <affiliation-ref ref="aff.default" />
      <name lang="und" type="forenames">Marius</name>
      <name lang="und" type="surname">Grundmann</name>
      <name lang="und" type="canonical">Marius Grundmann</name>
    </contributor>
    <contributor institution="false" role="editor">
      <name lang="und" type="forenames">Alciviadis-Constantinos</name>
      <name lang="und" type="surname">Cefalas</name>
      <name lang="und" type="canonical">Alciviadis-Constantinos Cefalas</name>
    </contributor>
    <date type="received" day="13" month="8" year="2010">13 August 2010</date>
    <date type="accepted" day="21" month="9" year="2010">21 September 2010</date>
    <date type="published" year="2011">2011</date>
    <description lang="und" type="abstract">Advanced Pulsed Laser Deposition (PLD) processes allow the growth of oxide thin ﬁlm heterostructures on large area substrates
up to 4-inch diameter, with ﬂexible and controlled doping, low dislocation density, and abrupt interfaces. These PLD processes
are discussed and their capabilities demonstrated using selected results of structural, electrical, and optical characterization of
superconducting (YBa2Cu3O7−δ), semiconducting (ZnO-based), and ferroelectric (BaTiO3-based) and dielectric (wide-gap oxide)
thin ﬁlms and multilayers. Regarding the homogeneity on large area of structure and electrical properties, ﬂexibility of doping, and
state-of-the-art electronic and optical performance, the comparably simple PLD processes are now advantageous or at least fully
competitive to Metal Organic Chemical Vapor Deposition or Molecular Beam Epitaxy. In particular, the high ﬂexibility connected
with high ﬁlm quality makes PLD a more and more widespread growth technique in oxide research.</description>
    <id scheme="bwmeta1.id-class.DOI" value="10.1155/2011/140976" />
    <name lang="und">Oxide Thin Film Heterostructures on Large Area, with Flexible Doping, Low Dislocation Density, and Abrupt Interfaces: Grown by Pulsed Laser Deposition</name>
    <structure hierarchy="bwmeta1.hierarchy-class.hierarchy_Journal">
      <ancestor level="bwmeta1.level.hierarchy_Journal_Publisher">
        <name lang="und">Hindawi Publishing Corporation</name>
      </ancestor>
      <ancestor level="bwmeta1.level.hierarchy_Journal_Journal">
        <name lang="und">Laser Chemistry</name>
      </ancestor>
      <ancestor level="bwmeta1.level.hierarchy_Journal_Volume">
        <name lang="und">2011</name>
      </ancestor>
      <current level="bwmeta1.level.hierarchy_Journal_Article" />
    </structure>
  </element>
</bwmeta>

