<?xml version="1.0" encoding="UTF-8"?>
<bwmeta xmlns="http://yadda.icm.edu.pl/bwmeta-2.1.0.xsd">
  <element id="07930291">
    <affiliation id="aff.2">
      <text>Department of Clinical Oncology, Yale University School of Medicine, New Haven, CT 06510, USA</text>
    </affiliation>
    <affiliation id="aff.1">
      <text>Oncology Unit, 3rd Department of Medicine, Sotiria General Hospital, Athens University School of Medicine, Mesogion 152, 115 27 Athens, Greece</text>
    </affiliation>
    <attribute key="email">
      <value>makmacs@hotmail.com</value>
    </attribute>
    <attribute key="ArticleID">
      <value>207084</value>
    </attribute>
    <contents>
      <file format="application/pdf" id="0" type="full-text">
        <location>yadda.pack:/archive/07930291/content/full-text/07930291.pdf</location>
      </file>
    </contents>
    <contributor institution="false" role="author">
      <affiliation-ref ref="aff.1" />
      <name lang="und" type="forenames">Nektaria</name>
      <name lang="und" type="surname">Makrilia</name>
      <name lang="und" type="canonical">Nektaria Makrilia</name>
    </contributor>
    <contributor institution="false" role="author">
      <affiliation-ref ref="aff.1" />
      <name lang="und" type="forenames">Ekaterini</name>
      <name lang="und" type="surname">Syrigou</name>
      <name lang="und" type="canonical">Ekaterini Syrigou</name>
    </contributor>
    <contributor institution="false" role="author">
      <affiliation-ref ref="aff.1" />
      <name lang="und" type="forenames">Ioannis</name>
      <name lang="und" type="surname">Kaklamanos</name>
      <name lang="und" type="canonical">Ioannis Kaklamanos</name>
    </contributor>
    <contributor institution="false" role="author">
      <affiliation-ref ref="aff.1" />
      <name lang="und" type="forenames">Leonidas</name>
      <name lang="und" type="surname">Manolopoulos</name>
      <name lang="und" type="canonical">Leonidas Manolopoulos</name>
    </contributor>
    <contributor institution="false" role="author">
      <affiliation-ref ref="aff.2" />
      <name lang="und" type="forenames">Muhammad Wasif</name>
      <name lang="und" type="surname">Saif</name>
      <name lang="und" type="canonical">Muhammad Wasif Saif</name>
    </contributor>
    <contributor institution="false" role="editor">
      <name lang="und" type="forenames">Andrea</name>
      <name lang="und" type="surname">Bonetti</name>
      <name lang="und" type="canonical">Andrea Bonetti</name>
    </contributor>
    <date type="received" day="20" month="5" year="2010">20 May 2010</date>
    <date type="accepted" day="14" month="7" year="2010">14 July 2010</date>
    <date type="published" year="2010">2010</date>
    <description lang="und" type="abstract">Platinum-containing chemotherapy agents (cisplatin, carboplatin, oxaliplatin) have been approved in the ﬁrst-line setting of
numerous malignancies, such as ovarian, bladder, head and neck, colorectal, and lung cancer. Their extensive use over the last
decade has led to a signiﬁcant increase in the incidence of hypersensitivity reactions, which are deﬁned as unforeseen reactions
whose signs and symptoms cannot be explained by the known toxicity of these drugs. Skin rash, ﬂushing, abdominal cramping,
itchy palms, and back pain are common symptoms. Cardiovascular and respiratory complications can prove fatal. Multiple
pathogenetic mechanisms have been suggested. Hypersensitivity usually appears after multiple infusions, suggesting type I allergic
reactions; however, other types of hypersensitivity also seem to be implicated. Several management options are available to treating
physicians: discontinuation of chemotherapy, premedication, prolonging of infusion duration, desensitization protocols, and
replacement with a diﬀerent platinum compound after performing skin tests that rule out cross-reactions among platinum agents.</description>
    <id scheme="bwmeta1.id-class.DOI" value="10.1155/2010/207084" />
    <name lang="und">Hypersensitivity Reactions Associated with Platinum Antineoplastic Agents: A Systematic Review</name>
    <structure hierarchy="bwmeta1.hierarchy-class.hierarchy_Journal">
      <ancestor level="bwmeta1.level.hierarchy_Journal_Publisher">
        <name lang="und">Hindawi Publishing Corporation</name>
      </ancestor>
      <ancestor level="bwmeta1.level.hierarchy_Journal_Journal">
        <name lang="und">Metal-Based Drugs</name>
      </ancestor>
      <ancestor level="bwmeta1.level.hierarchy_Journal_Volume">
        <name lang="und">2010</name>
      </ancestor>
      <current level="bwmeta1.level.hierarchy_Journal_Article" />
    </structure>
  </element>
</bwmeta>

