<?xml version="1.0" encoding="UTF-8"?>
<bwmeta xmlns="http://yadda.icm.edu.pl/bwmeta-2.1.0.xsd">
  <element id="0927460X">
    <affiliation id="aff.1">
      <text>Mandeep Lakhan is Research Assistant at the project group ‘Restatement of the European Insurance Contract Law’ as part of the Institut für Zivilrecht at the University of Innsbruck</text>
    </affiliation>
    <affiliation id="aff.2">
      <text>Prof. Dr. Helmut Heiss, LL.M. is Chairman of the project group ‘Restatement of the European Insurance Contract Law’ as part of the Institut für Zivilrecht at the University of Innsbruck</text>
    </affiliation>
    <attribute key="pages">
      <value>1-11</value>
    </attribute>
    <contents>
      <file format="application/pdf" id="0" type="full-text">
        <location>yadda.pack:/archive/0927460X/content/full-text/0927460X.pdf</location>
      </file>
    </contents>
    <contributor institution="false" role="author">
      <affiliation-ref ref="aff.1" />
      <name lang="und" type="forenames">Mandeep</name>
      <name lang="und" type="surname">Lakhan</name>
      <name lang="und" type="canonical">Mandeep Lakhan</name>
    </contributor>
    <contributor institution="false" role="author">
      <affiliation-ref ref="aff.2" />
      <name lang="und" type="forenames">Helmut</name>
      <name lang="und" type="surname">Heiss</name>
      <name lang="und" type="canonical">Helmut Heiss</name>
    </contributor>
    <description lang="und" type="abstract">The Principles of European Insurance Contract Law, also referred tousing the acronym PEICL, were published in Sep-
tember 2009. They are the result of ten years of academic work undertaken by the“Restatement of European Insurance
Contract Law” Project Group. In the time since its establishment in 1999, the project has been transformed from being a
stand-alone project to a part of the CoPECL (Common Principles of European Insurance Contract Law) network, drafting
a specific part of the Common Frame of Reference. Having continually worked under the guiding principle that “the law of
insurance [in Europe] must be one,” it now represents a serious option for providing Europe with a single legal framework
for insurance contracts.
Despite the European Council’s proclamations that the Common Frame of Reference will remain a non-binding instru-
ment, the implementation of one or more optional instruments in the future does not appear to beimprobable consider-
ing recent developments. The possibility of an optional instrument has been expressed more than once by the European
Commission in its Action Plan and Communication on European Contract Law. Other indications in favour of an optional
instrument include the European Parliament’s repeated references to the Common Frame of Reference as providing, at the
very least, a model for a future optional instrument, as well as the EESC’s earlier proposal of an optional instrument as an
alternative to standardising insurance contract law. The preparation by the EESC of another (own-initiative) opinion on
European contract law is underway and its presentation is anticipated in 2010. Hence, the optional instrument is evidently
the subject of serious political deliberation. Using Article 1:102, the Principles of European Insurance Contract Law repre-
sent a prototype for such an instrument.</description>
    <id scheme="bwmeta1.id-class.ISSN" value="0927-460X" />
    <id scheme="urn" value="NBN:NL:UI:10-1-100917" />
    <name lang="und">An Optional Instrument for European Insurance Contract Law</name>
    <structure hierarchy="bwmeta1.hierarchy-class.hierarchy_Journal">
      <ancestor level="bwmeta1.level.hierarchy_Journal_Volume">
        <name lang="und">27</name>
      </ancestor>
      <ancestor level="bwmeta1.level.hierarchy_Journal_Number">
        <name lang="und">71</name>
      </ancestor>
      <ancestor level="bwmeta1.level.hierarchy_Journal_Journal">
        <name lang="und">Merkourios</name>
      </ancestor>
      <ancestor level="bwmeta1.level.hierarchy_Journal_Publisher">
        <name lang="und">Igitur, Utrecht Publishing &amp; Archiving Services</name>
      </ancestor>
      <current level="bwmeta1.level.hierarchy_Journal_Article" />
    </structure>
    <tags lang="und" type="keyword">
      <tag>European Insurance Contract Law</tag>
      <tag>European Insurance Contract</tag>
      <tag>PEICL</tag>
      <tag>Optional Instrument</tag>
      <tag>European Commission</tag>
      <tag>Rome I Regulation</tag>
    </tags>
  </element>
</bwmeta>

