<?xml version="1.0" encoding="UTF-8"?>
<bwmeta xmlns="http://yadda.icm.edu.pl/bwmeta-2.1.0.xsd">
  <element id="09629351">
    <affiliation id="aff.3">
      <text>Division of Cardiovascular Sciences, Center for Applied Medical Research, University of Navarra, 31008 Pamplona, Spain</text>
    </affiliation>
    <affiliation id="aff.2">
      <text>CIBER Fisiopatolog´ıa de la Obesidad y Nutricio´n, Instituto de Salud Carlos III, Spain</text>
    </affiliation>
    <affiliation id="aff.1">
      <text>Metabolic Research Laboratory, University of Navarra, 31008 Pamplona, Spain</text>
    </affiliation>
    <affiliation id="aff.4">
      <text>Department of Endocrinology, Cl´ınica Universidad de Navarra, 31008 Pamplona, Spain</text>
    </affiliation>
    <attribute key="email">
      <value>arodmur@unav.es</value>
    </attribute>
    <attribute key="ArticleID">
      <value>105489</value>
    </attribute>
    <contents>
      <file format="application/pdf" id="0" type="full-text">
        <location>yadda.pack:/archive/09629351/content/full-text/09629351.pdf</location>
      </file>
    </contents>
    <contributor institution="false" role="author">
      <affiliation-ref ref="aff.1" />
      <affiliation-ref ref="aff.2" />
      <name lang="und" type="forenames">Amaia</name>
      <name lang="und" type="surname">Rodrı´guez</name>
      <name lang="und" type="canonical">Amaia Rodrı´guez</name>
    </contributor>
    <contributor institution="false" role="author">
      <affiliation-ref ref="aff.1" />
      <affiliation-ref ref="aff.2" />
      <name lang="und" type="forenames">Javier</name>
      <name lang="und" type="surname">Go´mez-Ambrosi</name>
      <name lang="und" type="canonical">Javier Go´mez-Ambrosi</name>
    </contributor>
    <contributor institution="false" role="author">
      <affiliation-ref ref="aff.1" />
      <affiliation-ref ref="aff.2" />
      <name lang="und" type="forenames">Victoria</name>
      <name lang="und" type="surname">Catala´n</name>
      <name lang="und" type="canonical">Victoria Catala´n</name>
    </contributor>
    <contributor institution="false" role="author">
      <affiliation-ref ref="aff.3" />
      <name lang="und" type="forenames">Ana</name>
      <name lang="und" type="surname">Fortun˜o</name>
      <name lang="und" type="canonical">Ana Fortun˜o</name>
    </contributor>
    <contributor institution="false" role="author">
      <affiliation-ref ref="aff.1" />
      <affiliation-ref ref="aff.2" />
      <affiliation-ref ref="aff.4" />
      <name lang="und" type="forenames">Gema</name>
      <name lang="und" type="surname">Fru¨hbeck</name>
      <name lang="und" type="canonical">Gema Fru¨hbeck</name>
    </contributor>
    <contributor institution="false" role="editor">
      <name lang="und" type="forenames">Oreste</name>
      <name lang="und" type="surname">Gualillo</name>
      <name lang="und" type="canonical">Oreste Gualillo</name>
    </contributor>
    <date type="received" day="4" month="1" year="2010">4 January 2010</date>
    <date type="accepted" day="31" month="3" year="2010">31 March 2010</date>
    <date type="revised" day="31" month="3" year="2010">31 March 2010</date>
    <date type="published" year="2010">2010</date>
    <description lang="und" type="abstract">Objective. This study was designed to investigate whether leptin modiﬁes angiotensin (Ang) II-induced proliferation of aortic
vascular smooth muscle cells (VSMCs) from 10-week-old male Wistar and spontaneously hypertensive rats (SHR), and the possible
role of nitric oxide (NO). Methods. NO and NO synthase (NOS) activity were assessed by the Griess and 3H-arginine/citrulline
conversion assays, respectively. Inducible NOS (iNOS) and NADPH oxidase subutnit Nox2 expression was determined by Western-
blot. The proliferative responses to Ang II were evaluated through enzymatic methods. Results. Leptin inhibited the Ang II-induced
proliferative response of VSMCs from control rats. This inhibitory eﬀect of leptin was abolished by NOS inhibitor, NMMA,
and iNOS selective inhibitor, L-NIL, and was not observed in leptin receptor-deﬁcient fa/fa rats. SHR showed increased serum
leptin concentrations and lipid peroxidation. Despite a similar leptin-induced iNOS up-regulation, VSMCs from SHR showed
an impaired NOS activity and NO production induced by leptin, and an increased basal Nox2 expression. The inhibitory eﬀect
of leptin on Ang II-induced VSMC proliferation was attenuated. Conclusion. Leptin blocks the proliferative response to Ang II
through NO-dependent mechanisms. The attenuation of this inhibitory eﬀect of leptin in spontaneous hypertension appears to
be due to a reduced NO bioavailability in VSMCs.</description>
    <id scheme="bwmeta1.id-class.DOI" value="10.1155/2010/105489" />
    <name lang="und">Leptin Inhibits the Proliferation of Vascular Smooth Muscle Cells Induced by Angiotensin II through Nitric Oxide-Dependent Mechanisms</name>
    <structure hierarchy="bwmeta1.hierarchy-class.hierarchy_Journal">
      <ancestor level="bwmeta1.level.hierarchy_Journal_Publisher">
        <name lang="und">Hindawi Publishing Corporation</name>
      </ancestor>
      <ancestor level="bwmeta1.level.hierarchy_Journal_Journal">
        <name lang="und">Mediators of Inﬂammation</name>
      </ancestor>
      <ancestor level="bwmeta1.level.hierarchy_Journal_Volume">
        <name lang="und">2010</name>
      </ancestor>
      <current level="bwmeta1.level.hierarchy_Journal_Article" />
    </structure>
  </element>
</bwmeta>

