<?xml version="1.0" encoding="UTF-8"?>
<bwmeta xmlns="http://yadda.icm.edu.pl/bwmeta-2.1.0.xsd">
  <element id="09753702">
    <affiliation id="aff.default">
      <text>Helminth Research Lab, Department of Zoology, Dr. B.A.M. University, Aurangabad, MS</text>
    </affiliation>
    <attribute key="pages">
      <value>1-4</value>
    </attribute>
    <attribute key="email">
      <value>sachinash_red@yahoo.co.in</value>
    </attribute>
    <contents>
      <file format="application/pdf" id="0" type="full-text">
        <location>yadda.pack:/archive/09753702/content/full-text/09753702.pdf</location>
      </file>
    </contents>
    <contributor institution="false" role="author">
      <affiliation-ref ref="aff.default" />
      <name lang="und" type="forenames">Waghmare</name>
      <name lang="und" type="surname">S.B.</name>
      <name lang="und" type="canonical">Waghmare S.B.</name>
    </contributor>
    <contributor institution="false" role="author">
      <affiliation-ref ref="aff.default" />
      <name lang="und" type="forenames">Chavan</name>
      <name lang="und" type="surname">R.J.</name>
      <name lang="und" type="canonical">Chavan R.J.</name>
    </contributor>
    <date type="published" year="2010">2010</date>
    <description lang="und" type="abstract">Present investigation includes the quantitative estimation of carbohydrate metabolism i.e., total
glycogen, pyruvate, lactic acid, lactate dehydrogenase, malate dehydrogenase, phosphotases activity in cestode
species of Gallus gallus domesticus. The carbohydrate metabolism activity were observed in the intestinal
parasites Cotugnia digonopora (Pasquale, 1890) were capable of extracting nutrient material from their host and
thus represented high level in carbohydrate metabolism. The significance of various amount of pyruvate in
anaerobic intestinal parasites and various factors of its role was also discussed.</description>
    <id scheme="bwmeta1.id-class.ISSN" value="0975-3702" />
    <name lang="und">Some quantitative studies of carbohydrate metabolites in cestode parasite of Gallus gallus domesticus</name>
    <structure hierarchy="bwmeta1.hierarchy-class.hierarchy_Journal">
      <ancestor level="bwmeta1.level.hierarchy_Journal_Volume">
        <name lang="und">2</name>
      </ancestor>
      <ancestor level="bwmeta1.level.hierarchy_Journal_Number">
        <name lang="und">1</name>
      </ancestor>
      <ancestor level="bwmeta1.level.hierarchy_Journal_Journal">
        <name lang="und">International Journal of Parasitology Research</name>
      </ancestor>
      <current level="bwmeta1.level.hierarchy_Journal_Article" />
    </structure>
    <tags lang="und" type="keyword">
      <tag>Carbohydrate metabolism</tag>
      <tag>Pyruvate</tag>
      <tag>SDH</tag>
      <tag>MDH</tag>
      <tag>Cestode parasites</tag>
      <tag>Gallus gallus domesticus</tag>
    </tags>
  </element>
</bwmeta>

