<?xml version="1.0" encoding="UTF-8"?>
<bwmeta xmlns="http://yadda.icm.edu.pl/bwmeta-2.1.0.xsd">
  <element id="09752900">
    <affiliation id="aff.1">
      <text>Department of Psychiatry, C.S.M. Medical University, Lucknow (UP) India</text>
    </affiliation>
    <affiliation id="aff.2">
      <text>Department of Zoology, C.M.P.College, Allahabad Central University, Allahabad (UP) India</text>
    </affiliation>
    <attribute key="pages">
      <value>1-5</value>
    </attribute>
    <attribute key="email">
      <value>rinku.majhi@gmail.com</value>
    </attribute>
    <attribute key="email">
      <value>aksdevya2007@yahoo.co.in</value>
    </attribute>
    <contents>
      <file format="application/pdf" id="0" type="full-text">
        <location>yadda.pack:/archive/09752900/content/full-text/09752900.pdf</location>
      </file>
    </contents>
    <contributor institution="false" role="author">
      <affiliation-ref ref="aff.1" />
      <name lang="und" type="forenames">Tandra</name>
      <name lang="und" type="surname">Majhi</name>
      <name lang="und" type="canonical">Tandra Majhi</name>
    </contributor>
    <contributor institution="false" role="author">
      <affiliation-ref ref="aff.2" />
      <name lang="und" type="forenames">Srivastava</name>
      <name lang="und" type="surname">A.K.</name>
      <name lang="und" type="canonical">Srivastava A.K.</name>
    </contributor>
    <contributor institution="false" role="editor">
      <name lang="und" type="canonical">-</name>
    </contributor>
    <date type="published" year="2010">2010</date>
    <description lang="und" type="abstract">The present review discuses the iron deficiency in rheumatoid arthritic patients specially with in
the middle age grouped (35-55 yrs). Causes of anaemia other than ACD (Anaemia of Chronic Disease)
frequently present in Rheumatoid Arthritis, Serum iron, total iron binding capacity and transferrin saturation
which are indicators of the iron status. Serum iron, total iron binding capacity and transferrin saturation and
serum ferritin are indicator for diagnosis of iron deficiency and response to iron therapy in these patients,
Decrease iron absorption was shown to be the result of active Rheumatoid Arthritis rather than serum
ferritin, a cause of anaemia of chronic disease (ACD) or iron deficiency. Iron deficiency is detected in
rheumatoid arthritic patients. In summary recovery from anaemia occured more frequently in iron depleted
anaemic patients than in those with anaemia of chronic disease, seems to have a more serious course of
their Rheumatoid Arthritis compared with the healthy controls.</description>
    <id scheme="bwmeta1.id-class.ISSN" value="0975–2900" />
    <name lang="und">Iron deficiency in rheumatoid arthritic patients especially with in the middle age</name>
    <structure hierarchy="bwmeta1.hierarchy-class.hierarchy_Journal">
      <ancestor level="bwmeta1.level.hierarchy_Journal_Volume">
        <name lang="und">2</name>
      </ancestor>
      <ancestor level="bwmeta1.level.hierarchy_Journal_Number">
        <name lang="und">1</name>
      </ancestor>
      <ancestor level="bwmeta1.level.hierarchy_Journal_Journal">
        <name lang="und">International Journal of Systems Biology</name>
      </ancestor>
      <current level="bwmeta1.level.hierarchy_Journal_Article" />
    </structure>
    <tags lang="und" type="keyword">
      <tag>ACD</tag>
      <tag>IDA</tag>
      <tag>Serum iron</tag>
      <tag>TIBC</tag>
      <tag>Transferrin Saturation</tag>
      <tag>Serum ferritin</tag>
      <tag>middle age</tag>
    </tags>
  </element>
</bwmeta>

