<?xml version="1.0" encoding="UTF-8"?>
<bwmeta xmlns="http://yadda.icm.edu.pl/bwmeta-2.1.0.xsd">
  <element id="09753079">
    <affiliation id="aff.2">
      <text>Post Graduate Division of Pharmaceutical Sciences, Shri Guru Ram Rai College of Technology &amp; Science, Dehradun, U.K., India</text>
    </affiliation>
    <affiliation id="aff.1">
      <text>Department of Pharmacy, Sir Madanlal Group of Institutions, Etawah-206001, UP, India</text>
    </affiliation>
    <attribute key="pages">
      <value>1-4</value>
    </attribute>
    <attribute key="email">
      <value>us_cology@rediffmail.com</value>
    </attribute>
    <contents>
      <file format="application/pdf" id="0" type="full-text">
        <location>yadda.pack:/archive/09753079/content/full-text/09753079.pdf</location>
      </file>
    </contents>
    <contributor institution="false" role="author">
      <affiliation-ref ref="aff.1" />
      <name lang="und" type="forenames">Sharma</name>
      <name lang="und" type="surname">U.S.</name>
      <name lang="und" type="canonical">Sharma U.S.</name>
    </contributor>
    <contributor institution="false" role="author">
      <affiliation-ref ref="aff.1" />
      <name lang="und" type="forenames">Sharma</name>
      <name lang="und" type="surname">U.K.</name>
      <name lang="und" type="canonical">Sharma U.K.</name>
    </contributor>
    <contributor institution="false" role="author">
      <affiliation-ref ref="aff.1" />
      <name lang="und" type="forenames">Sutar</name>
      <name lang="und" type="surname">N.</name>
      <name lang="und" type="canonical">Sutar N.</name>
    </contributor>
    <contributor institution="false" role="author">
      <affiliation-ref ref="aff.1" />
      <name lang="und" type="forenames">Singh</name>
      <name lang="und" type="surname">A.</name>
      <name lang="und" type="canonical">Singh A.</name>
    </contributor>
    <contributor institution="false" role="author">
      <affiliation-ref ref="aff.2" />
      <name lang="und" type="forenames">Shukla</name>
      <name lang="und" type="surname">D.K.</name>
      <name lang="und" type="canonical">Shukla D.K.</name>
    </contributor>
    <date type="published" year="2010">2010</date>
    <description lang="und" type="abstract">The effects of Cordia dichotoma forst f. seeds extracts on different phases of acute inflammation
were examined. Investigations were performed using different phlogistic agents-induced paw edema viz.,
Carrageenan-induced paw oedema and Dextran- induced paw oedema in rats. Various extracts (ethanol
and aqueous) of Cordia dichotoma forst seeds at a dose of 250 mg/kg and 500 mg/kg orally were tested.
Diclofenac sodium at the dose of 10mg/kg was used as standard. Both the extracts showed significant
activity (*p&lt;0.05 &amp; **p&lt;0.01) compared with the control in both of these models. The dry powdered seeds
were found to contain alkaloids, glycosides, saponins, tannins and carbohydrates. Thus it is revealed from
the screening model used that the ethanol extract and aqueous fraction of this plant possesses acute anti-
inflammatory activity.</description>
    <id scheme="bwmeta1.id-class.ISSN" value="0975-3079" />
    <name lang="und">Anti-inflammatory activity of Cordia dichotoma forst f. seeds extracts</name>
    <structure hierarchy="bwmeta1.hierarchy-class.hierarchy_Journal">
      <ancestor level="bwmeta1.level.hierarchy_Journal_Volume">
        <name lang="und">2</name>
      </ancestor>
      <ancestor level="bwmeta1.level.hierarchy_Journal_Number">
        <name lang="und">1</name>
      </ancestor>
      <ancestor level="bwmeta1.level.hierarchy_Journal_Journal">
        <name lang="und">International Journal of Pharmaceuticals Analysis</name>
      </ancestor>
      <current level="bwmeta1.level.hierarchy_Journal_Article" />
    </structure>
    <tags lang="und" type="keyword">
      <tag>Cordia dichotoma forst</tag>
      <tag>Anti-inflammatory activity</tag>
      <tag>Carrageenan-induced oedema</tag>
      <tag>Dextran- induced oedema</tag>
      <tag>seeds extracts</tag>
    </tags>
  </element>
</bwmeta>

