<?xml version="1.0" encoding="UTF-8"?>
<bwmeta xmlns="http://yadda.icm.edu.pl/bwmeta-2.1.0.xsd">
  <element id="09762213">
    <affiliation id="aff.1">
      <text>Department of Management, Southeastern Louisiana University, Hammond, LA USA</text>
    </affiliation>
    <attribute key="email">
      <value>dwyld@selu.edu</value>
    </attribute>
    <contents>
      <file format="application/pdf" id="0" type="full-text">
        <location>yadda.pack:/archive/09762213/content/full-text/09762213.pdf</location>
      </file>
    </contents>
    <contributor institution="false" role="author">
      <affiliation-ref ref="aff.1" />
      <name lang="und" type="forenames">David C.</name>
      <name lang="und" type="surname">Wyld</name>
      <name lang="und" type="canonical">David C. Wyld</name>
    </contributor>
    <date type="published" month="1" year="2010">January 2010</date>
    <description lang="und" type="abstract">This article examines the unique value proposition presented by RFID (radio frequency identification) for
jewelry retailers’ inventory management. The article provides a general overview of RFID technology.
The author then presents findings on its use in jewelry retailing to date by innovative companies around
the world. The research establishes that RFID-based inventory tracking is exceptionally well-suited to the
jewelry industry due a variety of factors, including the values, origins, sizes and form factors of jewelry
items. Early adopting jewelry retailers have found that RFID-based inventory tracking can address their
needs for better inventory management and control, heightened security, and improved business
intelligence.</description>
    <name lang="und">24-KARAT PROTECTION: RFID AND RETAIL JEWELRY MARKETING</name>
    <structure hierarchy="bwmeta1.hierarchy-class.hierarchy_Journal">
      <ancestor level="bwmeta1.level.hierarchy_Journal_Volume">
        <name lang="und">1</name>
      </ancestor>
      <ancestor level="bwmeta1.level.hierarchy_Journal_Number">
        <name lang="und">1</name>
      </ancestor>
      <ancestor level="bwmeta1.level.hierarchy_Journal_Journal">
        <name lang="und">International Journal of UbiComp (IJU)</name>
      </ancestor>
      <current level="bwmeta1.level.hierarchy_Journal_Article" />
    </structure>
    <tags lang="und" type="keyword">
      <tag>RFID (radio frequency identification) technology</tag>
      <tag>Bar Coding</tag>
      <tag>Retailing</tag>
      <tag>Security</tag>
      <tag>Inventory Control</tag>
      <tag>Business Intelligence</tag>
    </tags>
  </element>
</bwmeta>

