<?xml version="1.0" encoding="UTF-8"?>
<bwmeta xmlns="http://yadda.icm.edu.pl/bwmeta-2.1.0.xsd">
  <element id="09761527">
    <affiliation id="aff.default">
      <text>Department of Electronics and Communication Engineering, Tezpur University, India</text>
    </affiliation>
    <attribute key="email">
      <value>ratulkr@tezu.ernet.in</value>
    </attribute>
    <contents>
      <file format="application/pdf" id="0" type="full-text">
        <location>yadda.pack:/archive/09761527/content/full-text/09761527.pdf</location>
      </file>
    </contents>
    <contributor institution="false" role="author">
      <affiliation-ref ref="aff.default" />
      <name lang="und" type="forenames">Ratul Kr.</name>
      <name lang="und" type="surname">Baruah</name>
      <name lang="und" type="canonical">Ratul Kr. Baruah</name>
    </contributor>
    <date type="published" month="3" year="2010">March 2010</date>
    <description lang="und" type="abstract">In this paper a CMOS operational amplifier is presented which operates at 2V power supply and 1uA
input bias current at 0.8 um technology using non conventional mode of operation of MOS transistors
and whose input is depended on bias current. The unique behaviour of the MOS transistors in
subthreshold region not only allows a designer to work at low input bias current but also at low voltage.
While operating the device at weak inversion results low power dissipation but dynamic range is
degraded. Optimum balance between power dissipation and dynamic range results when the MOS
transistors are operated at moderate inversion. Power is again minimised by the application of input
dependant bias current using feedback loops in the input transistors of the differential pair with two
current substractors. In comparison with the reported low power low voltage opamps at 0.8 um
technology, this opamp has very low standby power consumption with a high driving capability and
operates at low voltage. The opamp is fairly small (0.0084 mm 2) and slew rate is more than other low
power low voltage opamps reported at 0.8 um technology [1,2]. Vittoz at al [3] reported that slew rate
can be improved by adaptive biasing technique and power dissipation can be reduced by operating the
device in weak inversion. Though lower power dissipation is achieved the area required by the circuit is
very large and speed is too small. So, operating the device in moderate inversion is a good solution. Also
operating the device in subthreshold region not only allows lower power dissipation but also a lower
voltage operation is achieved.</description>
    <name lang="und">Design of a Low Power Voltage CMOS Opamp</name>
    <structure hierarchy="bwmeta1.hierarchy-class.hierarchy_Journal">
      <ancestor level="bwmeta1.level.hierarchy_Journal_Number">
        <name lang="und">1</name>
      </ancestor>
      <ancestor level="bwmeta1.level.hierarchy_Journal_Journal">
        <name lang="und">International Journal of VLSI design &amp; Communication Systems (VLSICS)</name>
      </ancestor>
      <ancestor level="bwmeta1.level.hierarchy_Journal_Volume">
        <name lang="und">1</name>
      </ancestor>
      <current level="bwmeta1.level.hierarchy_Journal_Article" />
    </structure>
    <tags lang="und" type="keyword">
      <tag>Opamp</tag>
      <tag>Adaptive biasing</tag>
      <tag>Low power</tag>
      <tag>Low voltage</tag>
      <tag>Current Substractor</tag>
    </tags>
  </element>
</bwmeta>

