<?xml version="1.0" encoding="UTF-8"?>
<bwmeta xmlns="http://yadda.icm.edu.pl/bwmeta-2.1.0.xsd">
  <element id="1024123X">
    <affiliation id="aff.3">
      <text>Faculty of Applied Sciences, Politehnica University, Street Hagi-Ghita No. 81, 060042 Bucharest, Romania</text>
    </affiliation>
    <affiliation id="aff.2">
      <text>Department of Mathematics ”G. Castelnuovo“, University of Rome 00185 Rome, Italy</text>
    </affiliation>
    <affiliation id="aff.1">
      <text>School of Information Science &amp; Technology, East China Normal University, No. 500, Dong-Chuan Road, Shanghai 2002411, China</text>
    </affiliation>
    <attribute key="email">
      <value>ming_lihk@yahoo.com</value>
    </attribute>
    <attribute key="ArticleID">
      <value>101523</value>
    </attribute>
    <contents>
      <file format="application/pdf" id="0" type="full-text">
        <location>yadda.pack:/archive/1024123X/content/full-text/1024123X.pdf</location>
      </file>
    </contents>
    <contributor institution="false" role="author">
      <affiliation-ref ref="aff.1" />
      <name lang="und" type="forenames">Ming</name>
      <name lang="und" type="surname">Li</name>
      <name lang="und" type="canonical">Ming Li</name>
    </contributor>
    <contributor institution="false" role="author">
      <affiliation-ref ref="aff.2" />
      <name lang="und" type="forenames">Massimo</name>
      <name lang="und" type="surname">Scalia</name>
      <name lang="und" type="canonical">Massimo Scalia</name>
    </contributor>
    <contributor institution="false" role="author">
      <affiliation-ref ref="aff.3" />
      <name lang="und" type="forenames">Cristian</name>
      <name lang="und" type="surname">Toma</name>
      <name lang="und" type="canonical">Cristian Toma</name>
    </contributor>
    <date type="received" day="24" month="8" year="2010">24 August 2010</date>
    <date type="accepted" day="24" month="8" year="2010">24 August 2010</date>
    <date type="published" year="2010">2010</date>
    <id scheme="bwmeta1.id-class.DOI" value="10.1155/2010/101523" />
    <name lang="und">Nonlinear Time Series: Computations and Applications</name>
    <structure hierarchy="bwmeta1.hierarchy-class.hierarchy_Journal">
      <ancestor level="bwmeta1.level.hierarchy_Journal_Publisher">
        <name lang="und">Hindawi Publishing Corporation</name>
      </ancestor>
      <ancestor level="bwmeta1.level.hierarchy_Journal_Journal">
        <name lang="und">Mathematical Problems in Engineering</name>
      </ancestor>
      <ancestor level="bwmeta1.level.hierarchy_Journal_Volume">
        <name lang="und">2010</name>
      </ancestor>
      <current level="bwmeta1.level.hierarchy_Journal_Article" />
    </structure>
  </element>
</bwmeta>

