<?xml version="1.0" encoding="UTF-8"?>
<bwmeta xmlns="http://yadda.icm.edu.pl/bwmeta-2.1.0.xsd">
  <element id="10255834">
    <affiliation id="aff.default">
      <text>Department of Mathematics, Yibin University, Yibin, Sichuan 644007, China</text>
    </affiliation>
    <attribute key="email">
      <value>changss@yahoo.cn</value>
    </attribute>
    <attribute key="ArticleID">
      <value>101690</value>
    </attribute>
    <contents>
      <file format="application/pdf" id="0" type="full-text">
        <location>yadda.pack:/archive/10255834/content/full-text/10255834.pdf</location>
      </file>
    </contents>
    <contributor institution="false" role="author">
      <affiliation-ref ref="aff.default" />
      <name lang="und" type="forenames">Min</name>
      <name lang="und" type="surname">Liu</name>
      <name lang="und" type="canonical">Min Liu</name>
    </contributor>
    <contributor institution="false" role="author">
      <affiliation-ref ref="aff.default" />
      <name lang="und" type="forenames">Shih-Sen</name>
      <name lang="und" type="surname">Chang</name>
      <name lang="und" type="canonical">Shih-Sen Chang</name>
    </contributor>
    <contributor institution="false" role="author">
      <affiliation-ref ref="aff.default" />
      <name lang="und" type="forenames">Ping</name>
      <name lang="und" type="surname">Zuo</name>
      <name lang="und" type="canonical">Ping Zuo</name>
    </contributor>
    <contributor institution="false" role="editor">
      <name lang="und" type="forenames">Charles E.</name>
      <name lang="und" type="surname">Chidume</name>
      <name lang="und" type="canonical">Charles E. Chidume</name>
    </contributor>
    <date type="received" day="18" month="9" year="2009">18 September 2009</date>
    <date type="accepted" day="18" month="2" year="2010">18 February 2010</date>
    <date type="published" year="2010">2010</date>
    <description lang="und" type="abstract">We prove a strong convergence theorem for ﬁnding a common element of the set of solutions for
generalized equilibrium problems, the set of ﬁxed points of a relatively nonexpansive mapping,
and the set of ﬁxed points of a quasi-φ-nonexpansive mapping in a Banach space by using
the shrinking Projection method. Our results improve the main results in S. Takahashi and W.
Takahashi 2008 and Takahashi and Zembayashi 2008 . Moreover, the method of proof adopted
in the paper is diﬀerent from that of S. Takahashi and W. Zembayashi 2008 .</description>
    <id scheme="bwmeta1.id-class.DOI" value="10.1155/2010/101690" />
    <name lang="und">Shrinking Projection Method of Common Solutions for Generalized Equilibrium Quasi-φ-Nonexpansive Mapping and Relatively Nonexpansive Mapping</name>
    <structure hierarchy="bwmeta1.hierarchy-class.hierarchy_Journal">
      <ancestor level="bwmeta1.level.hierarchy_Journal_Publisher">
        <name lang="und">Hindawi Publishing Corporation</name>
      </ancestor>
      <ancestor level="bwmeta1.level.hierarchy_Journal_Journal">
        <name lang="und">Journal of Inequalities and Applications</name>
      </ancestor>
      <ancestor level="bwmeta1.level.hierarchy_Journal_Volume">
        <name lang="und">2010</name>
      </ancestor>
      <current level="bwmeta1.level.hierarchy_Journal_Article" />
    </structure>
  </element>
</bwmeta>

