<?xml version="1.0" encoding="UTF-8"?>
<bwmeta xmlns="http://yadda.icm.edu.pl/bwmeta-2.1.0.xsd">
  <element id="1065514X">
    <affiliation id="aff.2">
      <text>SensorDynamics AG, via Giuntini 19, 56023 Navacchio (Cascina), Italy</text>
    </affiliation>
    <affiliation id="aff.1">
      <text>Department of Information Engineering, University of Pisa, via G. Caruso 16, 56122 Pisa, Italy</text>
    </affiliation>
    <attribute key="email">
      <value>sergio.saponara@iet.unipi.it</value>
    </attribute>
    <attribute key="ArticleID">
      <value>169079</value>
    </attribute>
    <contents>
      <file format="application/pdf" id="0" type="full-text">
        <location>yadda.pack:/archive/1065514X/content/full-text/1065514X.pdf</location>
      </file>
    </contents>
    <contributor institution="false" role="author">
      <affiliation-ref ref="aff.1" />
      <name lang="und" type="forenames">Sergio</name>
      <name lang="und" type="surname">Saponara</name>
      <name lang="und" type="canonical">Sergio Saponara</name>
    </contributor>
    <contributor institution="false" role="author">
      <affiliation-ref ref="aff.1" />
      <affiliation-ref ref="aff.2" />
      <name lang="und" type="forenames">Tommaso</name>
      <name lang="und" type="surname">Baldetti</name>
      <name lang="und" type="canonical">Tommaso Baldetti</name>
    </contributor>
    <contributor institution="false" role="author">
      <affiliation-ref ref="aff.1" />
      <name lang="und" type="forenames">Luca</name>
      <name lang="und" type="surname">Fanucci</name>
      <name lang="und" type="canonical">Luca Fanucci</name>
    </contributor>
    <contributor institution="false" role="editor">
      <name lang="und" type="forenames">Amit Kumar</name>
      <name lang="und" type="surname">Gupta</name>
      <name lang="und" type="canonical">Amit Kumar Gupta</name>
    </contributor>
    <date type="received" day="3" month="8" year="2010">3 August 2010</date>
    <date type="accepted" day="22" month="12" year="2010">22 December 2010</date>
    <date type="revised" day="28" month="10" year="2010">28 October 2010</date>
    <date type="published" year="2010">2010</date>
    <description lang="und" type="abstract">The design of a 10-bit resistor-string digital-to-analog converter (DAC) for MOEMS micromirror interfacing is addressed in this
paper. The proposed DAC, realized in a 0.18-μm BCD technology, features a folded resistor-string stage with a switch matrix and
address decoders plus an output voltage buﬀer stage. The proposed DAC and buﬀer circuitry are key elements of an innovative
scanning micromirror actuator, characterized by direct digital input, full diﬀerential driving, and linear response. With respect to
the the state-of-the-art resistor-string converters in similar technologies, the proposed DAC has comparable nonlinearity (INL,
DNL) performances while it has the advantage of a smaller area occupation, 0.17 mm2, including output buﬀer, and relatively
low-power consumption, 200 μW at 500 kSPS and few μW in idle mode.</description>
    <id scheme="bwmeta1.id-class.DOI" value="10.1155/2010/169079" />
    <name lang="und">A Cost-Effective 10-Bit D/A Converter for Digital-Input MOEMS Micromirror Actuation</name>
    <structure hierarchy="bwmeta1.hierarchy-class.hierarchy_Journal">
      <ancestor level="bwmeta1.level.hierarchy_Journal_Publisher">
        <name lang="und">Hindawi Publishing Corporation</name>
      </ancestor>
      <ancestor level="bwmeta1.level.hierarchy_Journal_Journal">
        <name lang="und">VLSI Design</name>
      </ancestor>
      <ancestor level="bwmeta1.level.hierarchy_Journal_Volume">
        <name lang="und">2010</name>
      </ancestor>
      <current level="bwmeta1.level.hierarchy_Journal_Article" />
    </structure>
  </element>
</bwmeta>

