<?xml version="1.0" encoding="UTF-8"?>
<bwmeta xmlns="http://yadda.icm.edu.pl/bwmeta-2.1.0.xsd">
  <element id="11772727">
    <affiliation id="aff.3">
      <text>The National Norwegian Cancer Registry, Oslo, Norway</text>
    </affiliation>
    <affiliation id="aff.2">
      <text>Department of Hematology, Oslo University Hospital, Oslo, Norway</text>
    </affiliation>
    <affiliation id="aff.1">
      <text>Section of Data Processing, Department of Administration, Faculty Division Oslo University Hospital Ullevål, Norway</text>
    </affiliation>
    <attribute key="email">
      <value>viggo.jonsson@medisin.uio.no</value>
    </attribute>
    <attribute key="pages">
      <value>1-9</value>
    </attribute>
    <contents>
      <file format="application/pdf" id="0" type="full-text">
        <location>yadda.pack:/archive/11772727/content/full-text/11772727.pdf</location>
      </file>
    </contents>
    <contributor institution="false" role="author">
      <affiliation-ref ref="aff.1" />
      <name lang="und" type="forenames">Haneef</name>
      <name lang="und" type="surname">Awan</name>
      <name lang="und" type="canonical">Haneef Awan</name>
    </contributor>
    <contributor institution="false" role="author">
      <affiliation-ref ref="aff.2" />
      <name lang="und" type="forenames">Viggo</name>
      <name lang="und" type="surname">Jønsson</name>
      <name lang="und" type="canonical">Viggo Jønsson</name>
    </contributor>
    <contributor institution="false" role="author">
      <affiliation-ref ref="aff.3" />
      <name lang="und" type="forenames">Tom B.</name>
      <name lang="und" type="surname">Johannesen</name>
      <name lang="und" type="canonical">Tom B. Johannesen</name>
    </contributor>
    <contributor institution="false" role="author">
      <affiliation-ref ref="aff.3" />
      <name lang="und" type="forenames">Bernt</name>
      <name lang="und" type="surname">Ly</name>
      <name lang="und" type="canonical">Bernt Ly</name>
    </contributor>
    <contributor institution="false" role="author">
      <affiliation-ref ref="aff.2" />
      <name lang="und" type="forenames">Geir E.</name>
      <name lang="und" type="surname">Tjønnfjord</name>
      <name lang="und" type="canonical">Geir E. Tjønnfjord</name>
    </contributor>
    <date type="published" year="2010">2010</date>
    <description lang="und" type="abstract">Fifty-one parent-offspring pairs with chronic lymphocytic leukemia (CLL) or other lymphoproliferative disorders (nonCLL)
such as malignant lymphoma, multiple myeloma, or other types of lymphocytic leukemia than CLL were ascertained independently in
38 families. There were 30 CLL-CLL parent-offspring pairs and 21 pairs with nonCLL in parents and/or in offspring. The median age
of onset of disease was 13 years lower in the offspring than in the parents when comparing all 51 pairs (P  0.001). This difference
was mainly caused by a significantly lower age at onset in offspring with parental nonCLL (P  0.001) where paternal disease was
transferred especially to sons, while affected offspring to parents with CLL have the same age at debut of disease than their parents
(P = 0.130) and a nearly equal transfer to sons and daughters. The low-malignant follicular small B-cell lymphoma was the predomi-
nant diagnosis within nonCLL. Anticipation is pointed out as one likely mechanism behind the lower age at onset of disease in off-
spring than in parents, even if a part of this difference is ascribed to a generally earlier diagnosis with modern technology in offspring
than in parents.</description>
    <name lang="und">Anticipation in Families with chronic Lymphocytic Leukemia and Other Lymphoproliferative Disorders</name>
    <structure hierarchy="bwmeta1.hierarchy-class.hierarchy_Journal">
      <ancestor level="bwmeta1.level.hierarchy_Journal_Journal">
        <name lang="und">Translational Oncogenomics</name>
      </ancestor>
      <ancestor level="bwmeta1.level.hierarchy_Journal_Volume">
        <name lang="und">2010</name>
      </ancestor>
      <ancestor level="bwmeta1.level.hierarchy_Journal_Number">
        <name lang="und">4</name>
      </ancestor>
      <current level="bwmeta1.level.hierarchy_Journal_Article" />
    </structure>
    <tags lang="und" type="keyword">
      <tag>chronic lymphocytic leukemia</tag>
      <tag>malignant lymphomas</tag>
      <tag>multiple myeloma</tag>
      <tag>epigenetic inheritance</tag>
      <tag>familial clustering</tag>
    </tags>
  </element>
</bwmeta>

