<?xml version="1.0" encoding="UTF-8"?>
<bwmeta xmlns="http://yadda.icm.edu.pl/bwmeta-2.1.0.xsd">
  <element id="1177391X">
    <affiliation id="aff.default">
      <text>Durham Veterans Affairs Medical Center and Duke University school of Medicine</text>
    </affiliation>
    <attribute key="pages">
      <value>1-10</value>
    </attribute>
    <contents>
      <file format="application/pdf" id="0" type="full-text">
        <location>yadda.pack:/archive/1177391X/content/full-text/1177391X.pdf</location>
      </file>
    </contents>
    <contributor institution="false" role="author">
      <affiliation-ref ref="aff.default" />
      <name lang="und" type="forenames">Joel S.</name>
      <name lang="und" type="surname">Goldberg</name>
      <name lang="und" type="canonical">Joel S. Goldberg</name>
    </contributor>
    <date type="published" year="2010">2010</date>
    <description lang="und" type="abstract">This paper presents a novel unified theory of the structure activity relationship of opioids and opioid peptides. It is hypothesized
that a virtual or known heterocyclic ring exists in all opioids which have activity in humans, and this ring occupies relative to the aro-
matic ring of the drug, approximately the same plane in space as the piperidine ring of morphine. Since the rings of morphine are rigid,
and the aromatic and piperidine rings are critical structural components for morphine’s analgesic properties, the rigid morphine mol-
ecule allows for approximations of the aromatic and heterocyclic relationships in subsequent drug models where bond rotations are
common. This hypothesis and five propositions are supported by stereochemistry and experimental observations.
Proposition #1 The structure of morphine provides a template. Proposition #2 Steric hindrance of some centric portion of the piperidine
ring explains antagonist properties of naloxone, naltrexone and alvimopam. Proposition #3 Methadone has an active conformation
which contains a virtual heterocyclic ring which explains its analgesic activity and racemic properties. Proposition #4 The piperi-
dine ring of fentanyl can assume the morphine position under conditions of nitrogen inversion. Proposition #5 The first 3 amino acid
sequences of beta endorphin (l-try-gly-gly) and the active opioid dipeptide, l-tyr-pro, (as a result of a peptide turn and zwitterion bond-
ing) form a virtual piperazine-like ring which is similar in size, shape and location to the heterocyclic rings of morphine, meperidine,
and methadone. Potential flaws in this theory are discussed.
This theory could be important for future analgesic drug design.</description>
    <name lang="und">Stereochemical Basis for a Unified Structure Activity Theory of Aromatic and Heterocyclic Rings in Selected Opioids and Opioid Peptides</name>
    <structure hierarchy="bwmeta1.hierarchy-class.hierarchy_Journal">
      <ancestor level="bwmeta1.level.hierarchy_Journal_Number">
        <name lang="und">4</name>
      </ancestor>
      <ancestor level="bwmeta1.level.hierarchy_Journal_Journal">
        <name lang="und">Perspectives in Medicinal Chemistry</name>
      </ancestor>
      <ancestor level="bwmeta1.level.hierarchy_Journal_Volume">
        <name lang="und">2010</name>
      </ancestor>
      <current level="bwmeta1.level.hierarchy_Journal_Article" />
    </structure>
    <tags lang="und" type="keyword">
      <tag>opioid</tag>
      <tag>stereochemistry</tag>
      <tag>analgesic</tag>
      <tag>heterocyclic</tag>
    </tags>
  </element>
</bwmeta>

