<?xml version="1.0" encoding="UTF-8"?>
<bwmeta xmlns="http://yadda.icm.edu.pl/bwmeta-2.1.0.xsd">
  <element id="11786418">
    <affiliation id="aff.2">
      <text>Indian Institute of Chemical Technology, Hyderabad-500 007, India</text>
    </affiliation>
    <affiliation id="aff.1">
      <text>Centre for Cellular and Molecular Biology, Council of Scientific and Industrial Research, Uppal Road, Hyderabad-500 007, India</text>
    </affiliation>
    <attribute key="email">
      <value>jagan@ccmb.res.in</value>
    </attribute>
    <attribute key="pages">
      <value>1-16</value>
    </attribute>
    <contents>
      <file format="application/pdf" id="0" type="full-text">
        <location>yadda.pack:/archive/11786418/content/full-text/11786418.pdf</location>
      </file>
    </contents>
    <contributor institution="false" role="author">
      <affiliation-ref ref="aff.1" />
      <name lang="und" type="forenames">Heramb M.</name>
      <name lang="und" type="surname">Kulkarni</name>
      <name lang="und" type="canonical">Heramb M. Kulkarni</name>
    </contributor>
    <contributor institution="false" role="author">
      <affiliation-ref ref="aff.2" />
      <name lang="und" type="forenames">V.</name>
      <name lang="und" type="surname">Ramesh</name>
      <name lang="und" type="canonical">V. Ramesh</name>
    </contributor>
    <contributor institution="false" role="author">
      <affiliation-ref ref="aff.2" />
      <name lang="und" type="forenames">R.</name>
      <name lang="und" type="surname">Srinivas</name>
      <name lang="und" type="canonical">R. Srinivas</name>
    </contributor>
    <contributor institution="false" role="author">
      <affiliation-ref ref="aff.1" />
      <name lang="und" type="forenames">M.V.</name>
      <name lang="und" type="surname">Jagannadham</name>
      <name lang="und" type="canonical">M.V. Jagannadham</name>
    </contributor>
    <date type="published" year="2010">2010</date>
    <description lang="und" type="abstract">Several approaches have been described to identify proteins from MALDI MS/MS mass spectra. The sequence of tryp-
tic peptides is determined by database searching or by de novo sequencing. Different algorithms are available to determine peptide
sequence using mass spectra. False discovery of peptides is an associated problem with it. A combination of chemical modifications
followed by mass spectral analysis helps in overcoming this problem. Acetylating the tryptic peptides of β-galactosidase in methanol
is found to increase the b-ion signal intensity in MALDI TOF mass spectrometry. The method of acetylation is extended to the tryptic
peptides of the proteins of an Antarctic bacterium Pseudomonas syringae, whose genome sequence is not known. These proteins are
identified by searching the available database of the Pseudomonas spp at NCBI using the MS/MS spectra. The sequences of the peptides
are validated using the CID mass spectra of the acetylated tryptic peptides.</description>
    <name lang="und">Acetylating Tryptic Peptides Enhances b Ion Intensity in MALDI TOF/TOF: Implications in Peptide Sequencing and Identification of Proteins in an Antarctic Bacterium Pseudomonas Syringae</name>
    <structure hierarchy="bwmeta1.hierarchy-class.hierarchy_Journal">
      <ancestor level="bwmeta1.level.hierarchy_Journal_Number">
        <name lang="und">3</name>
      </ancestor>
      <ancestor level="bwmeta1.level.hierarchy_Journal_Journal">
        <name lang="und">Proteomics Insights</name>
      </ancestor>
      <ancestor level="bwmeta1.level.hierarchy_Journal_Volume">
        <name lang="und">2010</name>
      </ancestor>
      <current level="bwmeta1.level.hierarchy_Journal_Article" />
    </structure>
    <tags lang="und" type="keyword">
      <tag>acetylation</tag>
      <tag>peptide sequence</tag>
      <tag>tryptic peptides</tag>
      <tag>MALDI TOF/TOF</tag>
    </tags>
  </element>
</bwmeta>

