<?xml version="1.0" encoding="UTF-8"?>
<bwmeta xmlns="http://yadda.icm.edu.pl/bwmeta-2.1.0.xsd">
  <element id="11781238">
    <affiliation id="aff.3">
      <text>University of Eduardo Mondlane, Maputo, Mozambique</text>
    </affiliation>
    <affiliation id="aff.2">
      <text>Friends in Global Health, LLC, Maputo, Mozambique</text>
    </affiliation>
    <affiliation id="aff.1">
      <text>Vanderbilt University Institute for Global Health, Tennessee, USA</text>
    </affiliation>
    <attribute key="email">
      <value>troy.moon@fgh.org.mz</value>
    </attribute>
    <attribute key="pages">
      <value>1-14</value>
    </attribute>
    <contents>
      <file format="application/pdf" id="0" type="full-text">
        <location>yadda.pack:/archive/11781238/content/full-text/11781238.pdf</location>
      </file>
    </contents>
    <contributor institution="false" role="author">
      <affiliation-ref ref="aff.1" />
      <affiliation-ref ref="aff.2" />
      <name lang="und" type="forenames">Troy D.</name>
      <name lang="und" type="surname">Moon</name>
      <name lang="und" type="canonical">Troy D. Moon</name>
    </contributor>
    <contributor institution="false" role="author">
      <affiliation-ref ref="aff.1" />
      <affiliation-ref ref="aff.2" />
      <name lang="und" type="forenames">Janeen R.</name>
      <name lang="und" type="surname">Burlison</name>
      <name lang="und" type="canonical">Janeen R. Burlison</name>
    </contributor>
    <contributor institution="false" role="author">
      <affiliation-ref ref="aff.3" />
      <name lang="und" type="forenames">Mohsin</name>
      <name lang="und" type="surname">Sidat</name>
      <name lang="und" type="canonical">Mohsin Sidat</name>
    </contributor>
    <contributor institution="false" role="author">
      <affiliation-ref ref="aff.2" />
      <name lang="und" type="forenames">Paulo</name>
      <name lang="und" type="surname">Pires</name>
      <name lang="und" type="canonical">Paulo Pires</name>
    </contributor>
    <contributor institution="false" role="author">
      <affiliation-ref ref="aff.2" />
      <name lang="und" type="forenames">Wilson</name>
      <name lang="und" type="surname">Silva</name>
      <name lang="und" type="canonical">Wilson Silva</name>
    </contributor>
    <contributor institution="false" role="author">
      <affiliation-ref ref="aff.2" />
      <name lang="und" type="forenames">Manuel</name>
      <name lang="und" type="surname">Solis</name>
      <name lang="und" type="canonical">Manuel Solis</name>
    </contributor>
    <contributor institution="false" role="author">
      <affiliation-ref ref="aff.2" />
      <name lang="und" type="forenames">Michele</name>
      <name lang="und" type="surname">Rocha</name>
      <name lang="und" type="canonical">Michele Rocha</name>
    </contributor>
    <contributor institution="false" role="author">
      <affiliation-ref ref="aff.2" />
      <name lang="und" type="forenames">Chiqui</name>
      <name lang="und" type="surname">Arregui</name>
      <name lang="und" type="canonical">Chiqui Arregui</name>
    </contributor>
    <contributor institution="false" role="author">
      <affiliation-ref ref="aff.1" />
      <affiliation-ref ref="aff.2" />
      <name lang="und" type="forenames">Eric J.</name>
      <name lang="und" type="surname">Manders</name>
      <name lang="und" type="canonical">Eric J. Manders</name>
    </contributor>
    <contributor institution="false" role="author">
      <affiliation-ref ref="aff.1" />
      <affiliation-ref ref="aff.2" />
      <name lang="und" type="forenames">Alfredo E.</name>
      <name lang="und" type="surname">Vergara</name>
      <name lang="und" type="canonical">Alfredo E. Vergara</name>
    </contributor>
    <contributor institution="false" role="author">
      <affiliation-ref ref="aff.1" />
      <affiliation-ref ref="aff.2" />
      <name lang="und" type="forenames">Sten H.</name>
      <name lang="und" type="surname">Vermund</name>
      <name lang="und" type="canonical">Sten H. Vermund</name>
    </contributor>
    <date type="published" year="2010">2010</date>
    <description lang="und" type="abstract">Mozambique has severe resource constraints, yet with international partnerships, the nation has placed over 145,000 HIV-
infected persons on antiretroviral therapies (ART) through May 2009. HIV clinical services are provided at .215 clinical venues in all
11 of Mozambique’s provinces. Friends in Global Health (FGH), affiliated with Vanderbilt University in the United States (US), is a
locally licensed non-governmental organization (NGO) working exclusively in small city and rural venues in Zambézia Province whose
population reaches approximately 4 million persons.
Our approach to clinical capacity building is based on: 1) technical assistance to national health system facilities to implement ART
clinical services at the district level, 2) human capacity development, and 3) health system strengthening. Challenges in this setting are
daunting, including: 1) human resource constraints, 2) infrastructure limitations, 3) centralized care for large populations spread out
over large distances, 4) continued high social stigma related to HIV, 5) limited livelihood options in rural areas and 6) limited educa-
tional opportunities in rural areas.
Sustainability in rural Mozambique will depend on transitioning services from emergency foreign partners to local authorities and con-
tinued funding. It will also require “wrap-around” programs that help build economic capacity with agricultural, educational, and com-
mercial initiatives. Sustainability is undermined by serious health manpower and infrastructure limitations. Recent U.S. government
pronouncements suggest that the U.S. President’s Emergency Plan for AIDS Relief will support concurrent community and business
development.
FGH, with its Mozambican government counterparts, see the evolution of an emergency response to a sustainable chronic disease
management program as an essential and logical step. We have presented six key challenges that are essential to address in rural
Mozambique.</description>
    <name lang="und">Lessons Learned while Implementing an HIV/AIDS care and Treatment Program in Rural Mozambique</name>
    <structure hierarchy="bwmeta1.hierarchy-class.hierarchy_Journal">
      <ancestor level="bwmeta1.level.hierarchy_Journal_Number">
        <name lang="und">3</name>
      </ancestor>
      <ancestor level="bwmeta1.level.hierarchy_Journal_Journal">
        <name lang="und">Retrovirology: Research and Treatment</name>
      </ancestor>
      <ancestor level="bwmeta1.level.hierarchy_Journal_Volume">
        <name lang="und">2010</name>
      </ancestor>
      <current level="bwmeta1.level.hierarchy_Journal_Article" />
    </structure>
    <tags lang="und" type="keyword">
      <tag>Mozambique</tag>
      <tag>HIV</tag>
      <tag>treatment program</tag>
      <tag>PEPFAR</tag>
    </tags>
  </element>
</bwmeta>

