<?xml version="1.0" encoding="UTF-8"?>
<bwmeta xmlns="http://yadda.icm.edu.pl/bwmeta-2.1.0.xsd">
  <element id="1178122X">
    <affiliation id="aff.2">
      <text>Department of Molecular Biology and skaggs institute for chemical Biology, The scripps Research institute, La Jolla, california 92037</text>
    </affiliation>
    <affiliation id="aff.1">
      <text>URiA-centro de Patogénese Molecular, Faculty of Pharmacy, University of Lisbon, 1649-019 Lisbon, Portugal</text>
    </affiliation>
    <attribute key="email">
      <value>joao.goncalves@ff.ul.pt</value>
    </attribute>
    <attribute key="pages">
      <value>1-16</value>
    </attribute>
    <contents>
      <file format="application/pdf" id="0" type="full-text">
        <location>yadda.pack:/archive/1178122X/content/full-text/1178122X.pdf</location>
      </file>
    </contents>
    <contributor institution="false" role="author">
      <affiliation-ref ref="aff.1" />
      <name lang="und" type="forenames">Sofia</name>
      <name lang="und" type="surname">Corte-Real</name>
      <name lang="und" type="canonical">Sofia Corte-Real</name>
    </contributor>
    <contributor institution="false" role="author">
      <affiliation-ref ref="aff.1" />
      <name lang="und" type="forenames">Lídia</name>
      <name lang="und" type="surname">Fonseca</name>
      <name lang="und" type="canonical">Lídia Fonseca</name>
    </contributor>
    <contributor institution="false" role="author">
      <affiliation-ref ref="aff.2" />
      <name lang="und" type="forenames">Carlos Barbas</name>
      <name lang="und" type="surname">III</name>
      <name lang="und" type="canonical">Carlos Barbas III</name>
    </contributor>
    <contributor institution="false" role="author">
      <affiliation-ref ref="aff.1" />
      <name lang="und" type="forenames">Joao</name>
      <name lang="und" type="surname">Goncalves</name>
      <name lang="und" type="canonical">Joao Goncalves</name>
    </contributor>
    <date type="published" year="2010">2010</date>
    <description lang="und" type="abstract">Kaposi’s sarcoma associated herpesvirus (KSHV or human herpesvirus 8 [HHV-8]) is a gammaherpesvirus highly associated
with KS, primary effusion lymphoma (PEL), and multicentric Castleman’s disease, an aggressive lymphoproliferative disorder. KSHV,
like other gammaherpesvirus latently infects predominantly B-cells and endothelial cells. Infected cells retain the virus from one
generation to the next existing as a multicopy circular episomal DNA in the nucleus, expressing a limited subset of viral genes. Of these
latently expressed genes, LANA1, the latency associated nuclear antigen is highly expressed in all forms of KS-associated malignancies.
Various studies so far show that LANA1 tethers the viral episomes to host chromosomes and binds to specific sites within and close
to the TR elements contributing to the stable maintenance of the viral episomes in successive daughter cells. Anti-LANA1 intrabody
strategies might represent a new therapeutic approach to treatment of KSHV infections, since LANA1 is regained for KSHV latency.
In addition, the use of intrabodies can help drug development by mapping LANA1 inhibiting regions. We report development of several
LANA1 specific single chain antibodies from immunized rabbits that can be expressed intracellularly, bind to LANA1 epitopes and can
be used for functional KSHV studies on viral latency.</description>
    <name lang="und">Intrabody-based Mapping of Latency-associated nuclear Antigen from Kaposi’s sarcoma-associated Herpesvirus show conserved epitopes for Viral Latency Inhibition</name>
    <structure hierarchy="bwmeta1.hierarchy-class.hierarchy_Journal">
      <ancestor level="bwmeta1.level.hierarchy_Journal_Number">
        <name lang="und">2</name>
      </ancestor>
      <ancestor level="bwmeta1.level.hierarchy_Journal_Journal">
        <name lang="und">Virology: Research and Treatment</name>
      </ancestor>
      <ancestor level="bwmeta1.level.hierarchy_Journal_Volume">
        <name lang="und">2010</name>
      </ancestor>
      <current level="bwmeta1.level.hierarchy_Journal_Article" />
    </structure>
    <tags lang="und" type="keyword">
      <tag>KSHV</tag>
      <tag>LANA</tag>
      <tag>latency</tag>
      <tag>antibody</tag>
      <tag>therapy</tag>
    </tags>
  </element>
</bwmeta>

