<?xml version="1.0" encoding="UTF-8"?>
<bwmeta xmlns="http://yadda.icm.edu.pl/bwmeta-2.1.0.xsd">
  <element id="11786388">
    <affiliation id="aff.default">
      <text>Research Director, Health Research Institute/Pfeiffer Treatment Center, 4575 Weaver Parkway, Warrenville, Illinois 60555, USA</text>
    </affiliation>
    <attribute key="email">
      <value>ajrusso@hriptc.org</value>
    </attribute>
    <attribute key="pages">
      <value>27-35</value>
    </attribute>
    <contents>
      <file format="application/pdf" id="0" type="full-text">
        <location>yadda.pack:/archive/11786388/content/full-text/11786388.pdf</location>
      </file>
    </contents>
    <contributor institution="false" role="author">
      <affiliation-ref ref="aff.default" />
      <name lang="und" type="forenames">A.J.</name>
      <name lang="und" type="surname">Russo</name>
      <name lang="und" type="canonical">A.J. Russo</name>
    </contributor>
    <date type="published" year="2009">2009</date>
    <description lang="und" type="abstract">Aim: To assess serum Cu/Zn SOD (Superoxide Dismutase) concentration in autistic children and evaluate its possible relationship to
GI Symptoms.
Subjects and Methods: Serum from 50 autistic children (31 with chronic digestive disease (most with ileo-colonic lymphoid nodular
hyperplasia (LNH) and inflammation of the colorectum, small bowel and/or stomach) and 19 autistic children without GI disease),
and 29 non autistic controls (20 age matched non autistic children with no GI disease and 9 age matched non autistic children with GI
disease) were tested for Cu/Zn SOD using ELISAs.
Results: Serum Cu/Zn SOD levels of autistic children were significantly lower than all non autistic controls (p , 0.0001). Serum
Cu/Zn SOD of autistic children with severe GI disease was significantly lower than autistic children with no GI disease (p , 0.0001),
non autistic children without GI disease (,0.0001) and non autistic children with GI disease (p = 0.0003).
Discussion: These results suggest an association between Cu/Zn SOD serum levels and autism, particularly autistic children with GI
disease, and that the concentration of serum Cu/Zn SOD may be a useful biomarker for autistic children with severe GI disease.</description>
    <name lang="und">Decreased Serum Cu/Zn SOD in Children with Autism</name>
    <structure hierarchy="bwmeta1.hierarchy-class.hierarchy_Journal">
      <ancestor level="bwmeta1.level.hierarchy_Journal_Number">
        <name lang="und">2</name>
      </ancestor>
      <ancestor level="bwmeta1.level.hierarchy_Journal_Journal">
        <name lang="und">Nutrition and Metabolic Insights</name>
      </ancestor>
      <ancestor level="bwmeta1.level.hierarchy_Journal_Volume">
        <name lang="und">2009</name>
      </ancestor>
      <current level="bwmeta1.level.hierarchy_Journal_Article" />
    </structure>
    <tags lang="und" type="keyword">
      <tag>autism</tag>
      <tag>Cu/Zn SOD</tag>
      <tag>super oxide dismutase</tag>
      <tag>GI disease</tag>
    </tags>
  </element>
</bwmeta>

