<?xml version="1.0" encoding="UTF-8"?>
<bwmeta xmlns="http://yadda.icm.edu.pl/bwmeta-2.1.0.xsd">
  <element id="11782218">
    <affiliation id="aff.3">
      <text>University of Rhode Island, Kingston, Rhode Island</text>
    </affiliation>
    <affiliation id="aff.2">
      <text>Rhode Island Hospital, Providence, Rhode Island</text>
    </affiliation>
    <affiliation id="aff.1">
      <text>The Warren Alpert Medical School of Brown University, Providence, Rhode Island</text>
    </affiliation>
    <affiliation id="aff.4">
      <text>Butler Hospital, Providence, Rhode Island</text>
    </affiliation>
    <attribute key="email">
      <value>susan_ramsey@brown.edu</value>
    </attribute>
    <attribute key="pages">
      <value>1-8</value>
    </attribute>
    <contents>
      <file format="application/pdf" id="0" type="full-text">
        <location>yadda.pack:/archive/11782218/content/full-text/11782218.pdf</location>
      </file>
    </contents>
    <contributor institution="false" role="author">
      <affiliation-ref ref="aff.1" />
      <affiliation-ref ref="aff.2" />
      <name lang="und" type="forenames">Susan E.</name>
      <name lang="und" type="surname">Ramsey</name>
      <name lang="und" type="canonical">Susan E. Ramsey</name>
    </contributor>
    <contributor institution="false" role="author">
      <affiliation-ref ref="aff.1" />
      <affiliation-ref ref="aff.2" />
      <name lang="und" type="forenames">Patricia A.</name>
      <name lang="und" type="surname">Engler</name>
      <name lang="und" type="canonical">Patricia A. Engler</name>
    </contributor>
    <contributor institution="false" role="author">
      <affiliation-ref ref="aff.2" />
      <affiliation-ref ref="aff.3" />
      <name lang="und" type="forenames">Magdalena</name>
      <name lang="und" type="surname">Harrington</name>
      <name lang="und" type="canonical">Magdalena Harrington</name>
    </contributor>
    <contributor institution="false" role="author">
      <affiliation-ref ref="aff.1" />
      <affiliation-ref ref="aff.2" />
      <name lang="und" type="forenames">Robert J.</name>
      <name lang="und" type="surname">Smith</name>
      <name lang="und" type="canonical">Robert J. Smith</name>
    </contributor>
    <contributor institution="false" role="author">
      <affiliation-ref ref="aff.1" />
      <affiliation-ref ref="aff.2" />
      <name lang="und" type="forenames">Mark J.</name>
      <name lang="und" type="surname">Fagan</name>
      <name lang="und" type="canonical">Mark J. Fagan</name>
    </contributor>
    <contributor institution="false" role="author">
      <affiliation-ref ref="aff.1" />
      <affiliation-ref ref="aff.4" />
      <name lang="und" type="forenames">Michael D.</name>
      <name lang="und" type="surname">Stein</name>
      <name lang="und" type="canonical">Michael D. Stein</name>
    </contributor>
    <contributor institution="false" role="author">
      <affiliation-ref ref="aff.1" />
      <affiliation-ref ref="aff.2" />
      <name lang="und" type="forenames">Peter</name>
      <name lang="und" type="surname">Friedmann</name>
      <name lang="und" type="canonical">Peter Friedmann</name>
    </contributor>
    <date type="published" year="2010">2010</date>
    <description lang="und" type="abstract">Twenty-eight patients with diabetes who screened positive for at-risk drinking were assigned to brief alcohol intervention
(BAI) (n = 14) or standard care (SC) (n = 14) treatment conditions. All participants completed a baseline interview and one-, three,
and six-month follow-up interviews. Across the six-month follow-up period, there was a significantly greater reduction in quantity of
alcohol consumed in the BAI group. At the six-month follow-up, the BAI group had a greater reduction in quantity of alcohol consumed,
percentage of heavy drinking days, and frequency of drinking. Reductions in alcohol use were associated with improved adherence
in certain components of diabetes self-care behavior. The results of this study suggest that brief alcohol interventions are efficacious
in reducing alcohol use among at-risk drinkers with diabetes and that reductions in alcohol use may result in some improvements in
adherence to diabetes self-care behavior.</description>
    <name lang="und">Brief Alcohol Intervention Among At-Risk Drinkers with Diabetes</name>
    <structure hierarchy="bwmeta1.hierarchy-class.hierarchy_Journal">
      <ancestor level="bwmeta1.level.hierarchy_Journal_Number">
        <name lang="und">4</name>
      </ancestor>
      <ancestor level="bwmeta1.level.hierarchy_Journal_Journal">
        <name lang="und">Substance Abuse: Research and Treatment</name>
      </ancestor>
      <ancestor level="bwmeta1.level.hierarchy_Journal_Volume">
        <name lang="und">2010</name>
      </ancestor>
      <current level="bwmeta1.level.hierarchy_Journal_Article" />
    </structure>
    <tags lang="und" type="keyword">
      <tag>diabetes</tag>
      <tag>at-risk drinking</tag>
      <tag>brief alcohol intervention</tag>
    </tags>
  </element>
</bwmeta>

