<?xml version="1.0" encoding="UTF-8"?>
<bwmeta xmlns="http://yadda.icm.edu.pl/bwmeta-2.1.0.xsd">
  <element id="11782242">
    <affiliation id="aff.default">
      <text>Division of Hematology and Oncology, Mayo Clinic, Scottsdale, Arizona, USA</text>
    </affiliation>
    <attribute key="email">
      <value>prommer.eric@mayo.edu</value>
    </attribute>
    <attribute key="pages">
      <value>1-10</value>
    </attribute>
    <contents>
      <file format="application/pdf" id="0" type="full-text">
        <location>yadda.pack:/archive/11782242/content/full-text/11782242.pdf</location>
      </file>
    </contents>
    <contributor institution="false" role="author">
      <affiliation-ref ref="aff.default" />
      <name lang="und" type="forenames">Eric E.</name>
      <name lang="und" type="surname">Prommer</name>
      <name lang="und" type="canonical">Eric E. Prommer</name>
    </contributor>
    <date type="published" year="2010">2010</date>
    <description lang="und" type="abstract">Pain is one of the most common and incapacitating symptoms experienced by patients with advanced cancer. Methadone is a
potent opioid with strong affinity for the µ opioid receptor. In addition to being a potent µ opioid receptor ligand, methadone blocks
the N-methyl-D-aspartic acid receptor and modulates neurotransmitters involved in descending pain modulation. These 3 properties
enhance analgesic activity. Methadone’s lack of active metabolites makes it an attractive option when opioid responsiveness declines
and renal insufficiency complicates opioid therapy. A lipophilic opioid, methadone can be given by multiple routes. Clinical trial data
show equivalence with morphine as an analgesic in moderate to severe cancer pain. Further investigations are needed to define the role
of methadone in the management of breakthrough pain and neuropathic pain and to determine whether it is truly superior to morphine,
the gold standard of cancer analgesia.</description>
    <name lang="und">Methadone for cancer pain</name>
    <structure hierarchy="bwmeta1.hierarchy-class.hierarchy_Journal">
      <ancestor level="bwmeta1.level.hierarchy_Journal_Number">
        <name lang="und">4</name>
      </ancestor>
      <ancestor level="bwmeta1.level.hierarchy_Journal_Journal">
        <name lang="und">Palliative Care: Research and Treatment</name>
      </ancestor>
      <ancestor level="bwmeta1.level.hierarchy_Journal_Volume">
        <name lang="und">2010</name>
      </ancestor>
      <current level="bwmeta1.level.hierarchy_Journal_Article" />
    </structure>
    <tags lang="und" type="keyword">
      <tag>methadone</tag>
      <tag>pain</tag>
      <tag>cancer</tag>
      <tag>opioid</tag>
    </tags>
  </element>
</bwmeta>

