<?xml version="1.0" encoding="UTF-8"?>
<bwmeta xmlns="http://yadda.icm.edu.pl/bwmeta-2.1.0.xsd">
  <element id="11786361">
    <affiliation id="aff.default">
      <text>Plant Protection Department of Kyrgyz-Turkish International University, Bishkek, Kyrgyz Republic</text>
    </affiliation>
    <attribute key="email">
      <value>tdoolotkeldieva@gmail.com</value>
    </attribute>
    <attribute key="pages">
      <value>1-15</value>
    </attribute>
    <contents>
      <file format="application/pdf" id="0" type="full-text">
        <location>yadda.pack:/archive/11786361/content/full-text/11786361.pdf</location>
      </file>
    </contents>
    <contributor institution="false" role="author">
      <affiliation-ref ref="aff.default" />
      <name lang="und" type="forenames">T.D.</name>
      <name lang="und" type="surname">Doolotkeldieva</name>
      <name lang="und" type="canonical">T.D. Doolotkeldieva</name>
    </contributor>
    <date type="published" year="2010">2010</date>
    <description lang="und" type="abstract">Wheat grain and its products are widely consumed as fodder and basic daily food stuffs in Kyrgyzstan. Mycobiota is known
to produce hazardous effects to a consumer since it produces mycotoxins. Henceforth, mycobiota starting from the field stage to flour,
grain and flour samples were selected for mycological analysis from eight sites of flour manufacture: grain stored in storehouses before
milling, mechanically cleaned grain, washed grain, grain dried and prepared for mill, roughly-milled flour, first grade flour and high
grade flour. The samples were analyzed using classical mycological and immunoassay methods in order to detect mycotoxins producing
fungi species. We isolated overall 27 species belonging to 7 genera. Mycotoxins producing species like Aspergillus flavus, Aspergillus
ochraceus and Penicillium cyclopium were detected in the stored grains and in mechanically-cleaned grains. The species of Penicillium,
Alternaria and Fusarium genera dominated in roughly-milled flour samples, so this site of flour manufacture still has a risk and danger
of contamination with mycotoxins producing fungus. Only the final product i.e. the high grade flour lacked any fungal contamination.
We recommend to scrutinize flour samples at the last stages of processing, particularly in the mills like В1, С1 and С4.</description>
    <name lang="und">Microbiological Control of Flour-Manufacture: Dissemination of Mycotoxins Producing Fungi in Cereal Products</name>
    <structure hierarchy="bwmeta1.hierarchy-class.hierarchy_Journal">
      <ancestor level="bwmeta1.level.hierarchy_Journal_Number">
        <name lang="und">3</name>
      </ancestor>
      <ancestor level="bwmeta1.level.hierarchy_Journal_Journal">
        <name lang="und">Microbiology Insights</name>
      </ancestor>
      <ancestor level="bwmeta1.level.hierarchy_Journal_Volume">
        <name lang="und">2010</name>
      </ancestor>
      <current level="bwmeta1.level.hierarchy_Journal_Article" />
    </structure>
    <tags lang="und" type="keyword">
      <tag>flour milling</tag>
      <tag>microbiological control</tag>
      <tag>mycotoxins producing fungi</tag>
      <tag>mycotoxins</tag>
      <tag>safety of cereal products</tag>
    </tags>
  </element>
</bwmeta>

