<?xml version="1.0" encoding="UTF-8"?>
<bwmeta xmlns="http://yadda.icm.edu.pl/bwmeta-2.1.0.xsd">
  <element id="11786353">
    <affiliation id="aff.default">
      <text>Russell Research Center, Agricultural Research Service, United States Department of Agriculture, Athens, Georgia, USA</text>
    </affiliation>
    <attribute key="email">
      <value>ronald.holser@ars.usda.gov</value>
    </attribute>
    <attribute key="pages">
      <value>1-4</value>
    </attribute>
    <contents>
      <file format="application/pdf" id="0" type="full-text">
        <location>yadda.pack:/archive/11786353/content/full-text/11786353.pdf</location>
      </file>
    </contents>
    <contributor institution="false" role="author">
      <affiliation-ref ref="aff.default" />
      <name lang="und" type="forenames">Ronald</name>
      <name lang="und" type="surname">Holser</name>
      <name lang="und" type="canonical">Ronald Holser</name>
    </contributor>
    <contributor institution="false" role="author">
      <affiliation-ref ref="aff.default" />
      <name lang="und" type="forenames">Arthur Hinton</name>
      <name lang="und" type="surname">Jr.</name>
      <name lang="und" type="canonical">Arthur Hinton Jr.</name>
    </contributor>
    <date type="published" year="2010">2010</date>
    <description lang="und" type="abstract">The ability of α-tocopherol to prevent the degradation of the polyunsaturated fatty acids, docosahexaenoic acid (DHA) and
linolenic acid (ALA) at elevated temperature was investigated in a series of laboratory experiments. DHA is known to promote nervous
system function and health, however, DHA and other highly unsaturated fatty compounds are readily oxidized with loss of bioactivity.
Mixtures of DHA or ALA and α-tocopherol were incubated at 70 °C. Samples of these mixtures were analyzed by gas chromatography.
After 72 hours at 70 °C mixtures with 0.25 mg α-tocopherol/mg retained 79.6% of the initial amount of DHA and 94.2% of the ALA.
When α-tocopherol was present at 2.5 mg/mg the amount of DHA decreased to 62.5% and ALA decreased to 87.4%. Control samples
that did not contain α-tocopherol retained 43% DHA and 52.6% ALA. These results indicate that α-tocopherol can limit the degradation
of these polyunsaturated fatty acids at elevated temperature. However, the greatest protective effect was not obtained with the highest
level of α-tocopherol. This relationship needs to be considered when formulating feeds where elevated process temperatures are likely
to occur.</description>
    <id scheme="bwmeta1.id-class.DOI" value="10.4137/LPI.S5788" />
    <name lang="und">Use of polyunsaturated Fatty Acids with α-Tocopherol in poultry Feeds</name>
    <structure hierarchy="bwmeta1.hierarchy-class.hierarchy_Journal">
      <ancestor level="bwmeta1.level.hierarchy_Journal_Number">
        <name lang="und">3</name>
      </ancestor>
      <ancestor level="bwmeta1.level.hierarchy_Journal_Journal">
        <name lang="und">Lipid Insights</name>
      </ancestor>
      <ancestor level="bwmeta1.level.hierarchy_Journal_Volume">
        <name lang="und">2010</name>
      </ancestor>
      <current level="bwmeta1.level.hierarchy_Journal_Article" />
    </structure>
    <tags lang="und" type="keyword">
      <tag>docosahexaenoic acid</tag>
      <tag>feed</tag>
      <tag>linolenic acid</tag>
      <tag>α-tocopherol</tag>
      <tag>vitamin E</tag>
    </tags>
  </element>
</bwmeta>

