<?xml version="1.0" encoding="UTF-8"?>
<bwmeta xmlns="http://yadda.icm.edu.pl/bwmeta-2.1.0.xsd">
  <element id="1178623X">
    <affiliation id="aff.2">
      <text>Department of Radiology, Brigham and Women Hospital, Boston, MA, 02115, USA</text>
    </affiliation>
    <affiliation id="aff.1">
      <text>Department of Radiological Sciences, University of California, Los Angeles, CA 90095, USA</text>
    </affiliation>
    <attribute key="email">
      <value>athomas@mednet.ucla.edu</value>
    </attribute>
    <attribute key="pages">
      <value>1-9</value>
    </attribute>
    <contents>
      <file format="application/pdf" id="0" type="full-text">
        <location>yadda.pack:/archive/1178623X/content/full-text/1178623X.pdf</location>
      </file>
    </contents>
    <contributor institution="false" role="author">
      <affiliation-ref ref="aff.1" />
      <name lang="und" type="forenames">Rajakumar</name>
      <name lang="und" type="surname">Nagarajan</name>
      <name lang="und" type="canonical">Rajakumar Nagarajan</name>
    </contributor>
    <contributor institution="false" role="author">
      <affiliation-ref ref="aff.2" />
      <name lang="und" type="forenames">Saadallah</name>
      <name lang="und" type="surname">Ramadan</name>
      <name lang="und" type="canonical">Saadallah Ramadan</name>
    </contributor>
    <contributor institution="false" role="author">
      <affiliation-ref ref="aff.1" />
      <name lang="und" type="forenames">M. Albert</name>
      <name lang="und" type="surname">Thomas</name>
      <name lang="und" type="canonical">M. Albert Thomas</name>
    </contributor>
    <date type="published" year="2010">2010</date>
    <description lang="und" type="abstract">The purpose of the study was to demonstrate the J-coupling connectivity network between the amide, aliphatic, and
aromatic proton resonances of metabolites in human brain using two-dimensional (2D) localized correlated spectroscopy (L-COSY).
Two different global water suppression techniques were combined with L-COSY, one before and another after localizing the volume
of interest (VOI). Phantom solutions containing several cerebral metabolites at physiological concentrations were evaluated initially
for sequence optimization. Nine healthy volunteers were scanned using a 3T whole body MRI scanner. The VOI for 2D L-COSY was
placed in the right occipital white/gray matter region. The 2D cross and diagonal peak volumes were measured for several metabolites
such as N-acetyl aspartate (NAA), creatine (Cr), free choline (Ch), glutamate/glutamine (Glx), aspartate (Asp), myo-inositol (mI),
GABA, glutathione (GSH), phosphocholine (PCh), phosphoethanolamine (PE), tyrosine (Tyr), lactate (Lac), macromolecules (MM)
and homocarnosine (Car). Using the pre-water suppression technique with L-COSY, the above mentioned metabolites were clearly
identifiable and the relative ratios of metabolites were calculated. In addition to detecting multitude of aliphatic resonances in the
high field region, we have demonstrated that the amide and aromatic resonances can also be detected using 2D L-COSY by pre water
suppression more reliably than the post-water suppression.</description>
    <name lang="und">Detection of Amide and Aromatic Proton Resonances of Human Brain Metabolites Using Localized Correlated Spectroscopy Combined with Two Different Water Suppression Schemes</name>
    <structure hierarchy="bwmeta1.hierarchy-class.hierarchy_Journal">
      <ancestor level="bwmeta1.level.hierarchy_Journal_Number">
        <name lang="und">4</name>
      </ancestor>
      <ancestor level="bwmeta1.level.hierarchy_Journal_Journal">
        <name lang="und">Magnetic Resonance Insights</name>
      </ancestor>
      <ancestor level="bwmeta1.level.hierarchy_Journal_Volume">
        <name lang="und">2010</name>
      </ancestor>
      <current level="bwmeta1.level.hierarchy_Journal_Article" />
    </structure>
    <tags lang="und" type="keyword">
      <tag>amide</tag>
      <tag>aromatic</tag>
      <tag>2D L-COSY</tag>
      <tag>brain metabolites</tag>
      <tag>water suppression</tag>
    </tags>
  </element>
</bwmeta>

