<?xml version="1.0" encoding="UTF-8"?>
<bwmeta xmlns="http://yadda.icm.edu.pl/bwmeta-2.1.0.xsd">
  <element id="11786426">
    <affiliation id="aff.2">
      <text>Assisted Conception Unit, Edinburgh Fertility and Reproductive Endocrine Centre, Royal Infirmary of Edinburgh, UK</text>
    </affiliation>
    <affiliation id="aff.1">
      <text>Reproductive Medicine Unit, Liverpool Women’s hospital, Liverpool, UK</text>
    </affiliation>
    <attribute key="email">
      <value>cding@doctors.net.uk</value>
    </attribute>
    <attribute key="pages">
      <value>1-9</value>
    </attribute>
    <contents>
      <file format="application/pdf" id="0" type="full-text">
        <location>yadda.pack:/archive/11786426/content/full-text/11786426.pdf</location>
      </file>
    </contents>
    <contributor institution="false" role="author">
      <affiliation-ref ref="aff.1" />
      <affiliation-ref ref="aff.2" />
      <name lang="und" type="forenames">Chi Christina</name>
      <name lang="und" type="surname">Ding</name>
      <name lang="und" type="canonical">Chi Christina Ding</name>
    </contributor>
    <contributor institution="false" role="author">
      <affiliation-ref ref="aff.2" />
      <name lang="und" type="forenames">Lakshmi</name>
      <name lang="und" type="surname">Chirumamilla</name>
      <name lang="und" type="canonical">Lakshmi Chirumamilla</name>
    </contributor>
    <contributor institution="false" role="author">
      <affiliation-ref ref="aff.2" />
      <name lang="und" type="forenames">K. Joo</name>
      <name lang="und" type="surname">Thong</name>
      <name lang="und" type="canonical">K. Joo Thong</name>
    </contributor>
    <date type="published" year="2010">2010</date>
    <description lang="und" type="abstract">Objective: To determine the relationship between ovarian cortical tissue dimensions and the growth and survival of human primordial
follicles in vitro.
Design: Human study.
Setting: Research laboratory of university hospital.
Patient(s): Women undergoing benign gynaecological procedures.
Intervention(s): Fresh ovarian cortical tissues were removed and cut into 32 smaller pieces of various sizes/shapes and 22 were
cultured in serum-free medium for 7 days.
Main outcome measure(s): Follicle viability, density and growth potential assessed by histology.
Result(s): Strong correlations were observed between the density-weighted shape descriptor and the reciprocals of viability and growth
ratio.
Conclusion(s): The correlation between follicular surface area and viability/development suggests the use of the smallest practical size
as the most efficient way to maximise follicular viability and growth potential. Our mathematical model may also provide an analytical
technique for future research relating to in vitro tissue culture.</description>
    <id scheme="bwmeta1.id-class.DOI" value="10.4137/RBI.S4467" />
    <name lang="und">Tissue Dimensions Affect Follicle Survival and the Development of in Vitro Human Ovarian Culture</name>
    <structure hierarchy="bwmeta1.hierarchy-class.hierarchy_Journal">
      <ancestor level="bwmeta1.level.hierarchy_Journal_Number">
        <name lang="und">3</name>
      </ancestor>
      <ancestor level="bwmeta1.level.hierarchy_Journal_Journal">
        <name lang="und">Reproductive Biology Insights</name>
      </ancestor>
      <ancestor level="bwmeta1.level.hierarchy_Journal_Volume">
        <name lang="und">2010</name>
      </ancestor>
      <current level="bwmeta1.level.hierarchy_Journal_Article" />
    </structure>
    <tags lang="und" type="keyword">
      <tag>primordial follicle</tag>
      <tag>tissue dimension</tag>
      <tag>in vitro culture</tag>
      <tag>ovarian cortical tissue</tag>
    </tags>
  </element>
</bwmeta>

