<?xml version="1.0" encoding="UTF-8"?>
<bwmeta xmlns="http://yadda.icm.edu.pl/bwmeta-2.1.0.xsd">
  <element id="11791721">
    <affiliation id="aff.default">
      <text>Department of Ophthalmology, College of Medicine, University of Florida, Jacksonville, FL, USA</text>
    </affiliation>
    <attribute key="email">
      <value>kchalam@jax.ufl.edu</value>
    </attribute>
    <attribute key="pages">
      <value>1-4</value>
    </attribute>
    <contents>
      <file format="application/pdf" id="0" type="full-text">
        <location>yadda.pack:/archive/11791721/content/full-text/11791721.pdf</location>
      </file>
    </contents>
    <contributor institution="false" role="author">
      <affiliation-ref ref="aff.default" />
      <name lang="und" type="forenames">Ravi K</name>
      <name lang="und" type="surname">Murthy</name>
      <name lang="und" type="canonical">Ravi K Murthy</name>
    </contributor>
    <contributor institution="false" role="author">
      <affiliation-ref ref="aff.default" />
      <name lang="und" type="forenames">Kakarla V.</name>
      <name lang="und" type="surname">Chalam</name>
      <name lang="und" type="canonical">Kakarla V. Chalam</name>
    </contributor>
    <date type="published" year="2010">2010</date>
    <description lang="und" type="abstract">Cystoid macular edema (CME) is an important cause of visual loss after cataract surgery. Treatment is usually with topical
anti-inflammatory agents, with anti-vascular endothelial growth factor agents and steroids used intravitreally in resistant cases. Even
though time-domain Stratus OCT can quantify the macular thickness, it cannot prognosticate visual outcomes due to the poor resolution
of images, especially the outer segment-inner segment junction. Spectral-domain OCT (SD-OCT) by its ability to acquire large number
of images in a short span of time provides high resolution cross-sectional images of the retina, which not only highlights the underlying
pathological changes, but in addition can prognosticate visual recovery. We describe pre and post SD-OCT features of a case of refrac-
tory CME who was treated with intravitreal triamcinolone actetonide.</description>
    <name lang="und">Spectral Domain OCT Documented Resolution of Pseudophakic Cystoid Macular Edema after Intravitreal Triamcinolone</name>
    <structure hierarchy="bwmeta1.hierarchy-class.hierarchy_Journal">
      <ancestor level="bwmeta1.level.hierarchy_Journal_Number">
        <name lang="und">2</name>
      </ancestor>
      <ancestor level="bwmeta1.level.hierarchy_Journal_Journal">
        <name lang="und">Ophthalmology and Eye Diseases</name>
      </ancestor>
      <ancestor level="bwmeta1.level.hierarchy_Journal_Volume">
        <name lang="und">2010</name>
      </ancestor>
      <current level="bwmeta1.level.hierarchy_Journal_Article" />
    </structure>
    <tags lang="und" type="keyword">
      <tag>CME</tag>
      <tag>Triamcinolone</tag>
      <tag>SD-OCT</tag>
    </tags>
  </element>
</bwmeta>

