<?xml version="1.0" encoding="UTF-8"?>
<bwmeta xmlns="http://yadda.icm.edu.pl/bwmeta-2.1.0.xsd">
  <element id="11790652">
    <affiliation id="aff.3">
      <text>Senior Registrar Cardiovascular and Thoracic Surgery, Department of Cardiovascular Surgery, Kasturba Medical College, Manipal University</text>
    </affiliation>
    <affiliation id="aff.2">
      <text>Consultant Cardiac Anesthesia, Department of Cardiovascular Surgery, Kasturba Medical College, Manipal University</text>
    </affiliation>
    <affiliation id="aff.1">
      <text>Consultant Cardiovascular and Thoracic Surgery, Department of Cardiovascular Surgery, Kasturba Medical College, Manipal University</text>
    </affiliation>
    <attribute key="email">
      <value>drshirishborkar@hotmail.com</value>
    </attribute>
    <attribute key="pages">
      <value>11-13</value>
    </attribute>
    <contents>
      <file format="application/pdf" id="0" type="full-text">
        <location>yadda.pack:/archive/11790652/content/full-text/11790652.pdf</location>
      </file>
    </contents>
    <contributor institution="false" role="author">
      <affiliation-ref ref="aff.1" />
      <name lang="und" type="forenames">S Borkar</name>
      <name lang="und" type="surname">Shirish</name>
      <name lang="und" type="canonical">S Borkar Shirish</name>
    </contributor>
    <contributor institution="false" role="author">
      <affiliation-ref ref="aff.1" />
      <name lang="und" type="forenames">S Ganesh</name>
      <name lang="und" type="surname">Kamath</name>
      <name lang="und" type="canonical">S Ganesh Kamath</name>
    </contributor>
    <contributor institution="false" role="author">
      <affiliation-ref ref="aff.2" />
      <name lang="und" type="forenames">Sagar C.V.</name>
      <name lang="und" type="surname">Sunil</name>
      <name lang="und" type="canonical">Sagar C.V. Sunil</name>
    </contributor>
    <contributor institution="false" role="author">
      <affiliation-ref ref="aff.3" />
      <name lang="und" type="forenames">Bedjirgi</name>
      <name lang="und" type="surname">Chidanand</name>
      <name lang="und" type="canonical">Bedjirgi Chidanand</name>
    </contributor>
    <contributor institution="false" role="author">
      <affiliation-ref ref="aff.3" />
      <name lang="und" type="forenames">Kashyap</name>
      <name lang="und" type="surname">Nitin</name>
      <name lang="und" type="canonical">Kashyap Nitin</name>
    </contributor>
    <date type="published" year="2009">2009</date>
    <description lang="und" type="abstract">Familial hypercholesterolemia is a genetic disorder caused by a mutation in the low density lipoprotein (LDL) receptor gene.
The homozygous type of the disease is rare and causes tendon xanthomas and coronary artery disease during the early years of life.
Premature coronary artery occlusive disease in familial homozygous hypercholesterolemia might necessitate coronary bypass surgery
in children and young adults We present the case of a 14-year-old boy with familial hypercholesterolemia and coronary artery disease.
He underwent triple-vessel coronary artery bypass grafting with bilateral pedicled internal mammary artery and saphenous vein grafting
without adverse events. Pediatric patients with familial hypercholesterolemia may present with premature coronary atherosclerosis
requiring coronary artery bypass grafting. In situ internal mammary artery grafts should be the graft of choice. To the best of our
knowledge, he is one of the youngest such patients reported in the English-language literature who underwent coronary artery bypass
surgery.</description>
    <name lang="und">Triple Vessel Coronary Artery Bypass Grafting in a 14-year-old Child with Familial Hypercholesterolemia-A Rare Case Report</name>
    <structure hierarchy="bwmeta1.hierarchy-class.hierarchy_Journal">
      <ancestor level="bwmeta1.level.hierarchy_Journal_Number">
        <name lang="und">2</name>
      </ancestor>
      <ancestor level="bwmeta1.level.hierarchy_Journal_Journal">
        <name lang="und">Open Journal of Cardiovascular Surgery</name>
      </ancestor>
      <ancestor level="bwmeta1.level.hierarchy_Journal_Volume">
        <name lang="und">2009</name>
      </ancestor>
      <current level="bwmeta1.level.hierarchy_Journal_Article" />
    </structure>
    <tags lang="und" type="keyword">
      <tag>famiilial hypercholesterolemia</tag>
      <tag>triple vessels disease</tag>
      <tag>CABG</tag>
    </tags>
  </element>
</bwmeta>

