<?xml version="1.0" encoding="UTF-8"?>
<bwmeta xmlns="http://yadda.icm.edu.pl/bwmeta-2.1.0.xsd">
  <element id="13191004">
    <affiliation id="aff.default">
      <text>Department of Surgery, College of Medicine Umm Al-Qura University, Makkah Al Mukarramah, Saudi Arabia</text>
    </affiliation>
    <attribute key="pages">
      <value>11-17</value>
    </attribute>
    <attribute key="email">
      <value>jthamdi@hotmail.com</value>
    </attribute>
    <contents>
      <file format="application/pdf" id="0" type="full-text">
        <location>yadda.pack:/archive/13191004/content/full-text/13191004.pdf</location>
      </file>
    </contents>
    <contributor institution="false" role="author">
      <affiliation-ref ref="aff.default" />
      <name lang="und" type="forenames">Jamal T.</name>
      <name lang="und" type="surname">Hamdi</name>
      <name lang="und" type="canonical">Jamal T. Hamdi</name>
    </contributor>
    <date type="received" day="5" month="7" year="2009">05 July 2009</date>
    <date type="accepted" day="2" month="12" year="2009">02 December 2009</date>
    <date type="published" year="2010">2010</date>
    <description lang="und" type="abstract">Acute appendicitis is the most common acute surgical condition of
the abdomen. The diagnosis of acute appendicitis continues to present
clinicians with problems despite the advances in the investigating
technology. This retrospective study aims to review appendiceal
histopathological records in a district hospital in Makkah in 2007. The study
was based on all appendices removed during emergency appendectomies to
identify the proportion of normal and mildly inflamed appendices, in
addition to their sex ratio, so that a prospective study can be carried out with
conservative treatment with antibiotics, if justified. The records were divided
into negative, mild and severely inflamed or perforated appendix. The
number of the operations was 405, with nearly equal male and female ratio.
The ratio of normal appendix was 24.2%, mild appendicitis was 26.4%, and
severe appendicitis was 49.4%. Over 50% of all emergency appendectomies
were performed on normal or mildly inflamed appendix, which rises to over
60% in females alone. The number of the males with severe appendicitis is
nearly 50% more than that of the females. Patients, especially females, with
normal or mildly inflamed appendix, if identified before surgery, may
benefit from conservative treatment with antibiotics.</description>
    <id scheme="bwmeta1.id-class.DOI" value="DOI: 10.4197/Med. 17-1.2" />
    <name lang="und">Is There a Place for Conservative Treatment of Acute Appendicitis?</name>
    <structure hierarchy="bwmeta1.hierarchy-class.hierarchy_Journal">
      <ancestor level="bwmeta1.level.hierarchy_Journal_Volume">
        <name lang="und">17</name>
      </ancestor>
      <ancestor level="bwmeta1.level.hierarchy_Journal_Number">
        <name lang="und">1</name>
      </ancestor>
      <ancestor level="bwmeta1.level.hierarchy_Journal_Journal">
        <name lang="und">JKAU: Med. Sci.</name>
      </ancestor>
      <current level="bwmeta1.level.hierarchy_Journal_Article" />
    </structure>
    <tags lang="und" type="keyword">
      <tag>Acute</tag>
      <tag>Appendicitis</tag>
      <tag>Treatment</tag>
      <tag>Conservative</tag>
    </tags>
  </element>
</bwmeta>

