<?xml version="1.0" encoding="UTF-8"?>
<bwmeta xmlns="http://yadda.icm.edu.pl/bwmeta-2.1.0.xsd">
  <element id="13191012">
    <affiliation id="aff.default">
      <text>Department of Mathematics, Faculty of Science Tishreen University, Lattakia, Syria</text>
    </affiliation>
    <attribute key="pages">
      <value>103-112</value>
    </attribute>
    <attribute key="email">
      <value>ziadkanaya@ymail.com</value>
    </attribute>
    <contents>
      <file format="application/pdf" id="0" type="full-text">
        <location>yadda.pack:/archive/13191012/content/full-text/13191012.pdf</location>
      </file>
    </contents>
    <contributor institution="false" role="author">
      <affiliation-ref ref="aff.default" />
      <name lang="und" type="forenames">Ziad A.</name>
      <name lang="und" type="surname">Kanaya</name>
      <name lang="und" type="canonical">Ziad A. Kanaya</name>
    </contributor>
    <date type="published" year="2010">2010</date>
    <description lang="und" type="abstract">This paper presents a solution method for multiobjective nonlinear
programming problems with fuzzy parameters in the objective functions.
This method is based on interactive cutting-plane algorithm. Also, the
stability set corresponding α-Pareto optimal solution which is obtained by
using this method is investigated. The method is illustrated by a numerical
example.</description>
    <id scheme="bwmeta1.id-class.DOI" value="10.4197 / Sci. 22-1.8" />
    <name lang="und">An Interactive Method for Fuzzy Multiobjective Nonlinear Programming Problems</name>
    <structure hierarchy="bwmeta1.hierarchy-class.hierarchy_Journal">
      <ancestor level="bwmeta1.level.hierarchy_Journal_Volume">
        <name lang="und">22</name>
      </ancestor>
      <ancestor level="bwmeta1.level.hierarchy_Journal_Number">
        <name lang="und">1</name>
      </ancestor>
      <ancestor level="bwmeta1.level.hierarchy_Journal_Journal">
        <name lang="und">JKAU: Sci.</name>
      </ancestor>
      <current level="bwmeta1.level.hierarchy_Journal_Article" />
    </structure>
  </element>
</bwmeta>

