<?xml version="1.0" encoding="UTF-8"?>
<bwmeta xmlns="http://yadda.icm.edu.pl/bwmeta-2.1.0.xsd">
  <element id="1357714X">
    <affiliation id="aff.3">
      <text>Center of Research in Mechatronics, Catholic University of Louvain, 1348 Louvain, Belgium</text>
    </affiliation>
    <affiliation id="aff.2">
      <text>Department of Orthopaedic Surgery, Cliniques Universitaires Saint-Luc, 10, Avenue Hippocrate, 1200 Bruxelles, Belgium</text>
    </affiliation>
    <affiliation id="aff.1">
      <text>CARS Research Center, (Computer and Robotic-Assisted Surgery), Institute of Experimental and Clinical Research, Catholic University of Louvain, 1348 Louvain, Belgium</text>
    </affiliation>
    <attribute key="email">
      <value>pierre-louis.docquier@uclouvain.be</value>
    </attribute>
    <attribute key="ArticleID">
      <value>125162</value>
    </attribute>
    <contents>
      <file format="application/pdf" id="0" type="full-text">
        <location>yadda.pack:/archive/1357714X/content/full-text/1357714X.pdf</location>
      </file>
    </contents>
    <contributor institution="false" role="author">
      <affiliation-ref ref="aff.1" />
      <affiliation-ref ref="aff.2" />
      <name lang="und" type="forenames">Pierre-Louis</name>
      <name lang="und" type="surname">Docquier</name>
      <name lang="und" type="canonical">Pierre-Louis Docquier</name>
    </contributor>
    <contributor institution="false" role="author">
      <affiliation-ref ref="aff.1" />
      <name lang="und" type="forenames">Laurent</name>
      <name lang="und" type="surname">Paul</name>
      <name lang="und" type="canonical">Laurent Paul</name>
    </contributor>
    <contributor institution="false" role="author">
      <affiliation-ref ref="aff.1" />
      <affiliation-ref ref="aff.3" />
      <name lang="und" type="forenames">Olivier</name>
      <name lang="und" type="surname">Cartiaux</name>
      <name lang="und" type="canonical">Olivier Cartiaux</name>
    </contributor>
    <contributor institution="false" role="author">
      <affiliation-ref ref="aff.1" />
      <name lang="und" type="forenames">Christian</name>
      <name lang="und" type="surname">Delloye</name>
      <name lang="und" type="canonical">Christian Delloye</name>
    </contributor>
    <contributor institution="false" role="author">
      <affiliation-ref ref="aff.1" />
      <name lang="und" type="forenames">Xavier</name>
      <name lang="und" type="surname">Banse</name>
      <name lang="und" type="canonical">Xavier Banse</name>
    </contributor>
    <contributor institution="false" role="editor">
      <name lang="und" type="forenames">Clement</name>
      <name lang="und" type="surname">Trovik</name>
      <name lang="und" type="canonical">Clement Trovik</name>
    </contributor>
    <date type="received" day="20" month="4" year="2010">20 April 2010</date>
    <date type="accepted" day="31" month="10" year="2010">31 October 2010</date>
    <date type="published" year="2010">2010</date>
    <description lang="und" type="abstract">Pelvic sarcoma is associated with a relatively poor prognosis, due to the diﬃculty in obtaining an adequate surgical margin given the
complex pelvic anatomy. Magnetic resonance imaging and computerized tomography allow valuable surgical resection planning,
but intraoperative localization remains hazardous. Surgical navigation systems could be of great beneﬁt in surgical oncology,
especially in diﬃcult tumor location; however, no commercial surgical oncology software is currently available. A customized
navigation software was developed and used to perform a synovial sarcoma resection and allograft reconstruction. The software
permitted preoperative planning with deﬁned target planes and intraoperative navigation with a free-hand saw blade. The allograft
was cut according to the same planes. Histological examination revealed tumor-free resection margins. Allograft ﬁtting to the pelvis
of the patient was excellent and allowed stable osteosynthesis. We believe this to be the ﬁrst case of combined computer-assisted
tumor resection and reconstruction with an allograft.</description>
    <id scheme="bwmeta1.id-class.DOI" value="10.1155/2010/125162" />
    <name lang="und">Computer-Assisted Resection and Reconstruction of Pelvic Tumor Sarcoma</name>
    <structure hierarchy="bwmeta1.hierarchy-class.hierarchy_Journal">
      <ancestor level="bwmeta1.level.hierarchy_Journal_Publisher">
        <name lang="und">Hindawi Publishing Corporation</name>
      </ancestor>
      <ancestor level="bwmeta1.level.hierarchy_Journal_Journal">
        <name lang="und">Sarcoma</name>
      </ancestor>
      <ancestor level="bwmeta1.level.hierarchy_Journal_Volume">
        <name lang="und">2010</name>
      </ancestor>
      <current level="bwmeta1.level.hierarchy_Journal_Article" />
    </structure>
  </element>
</bwmeta>

