<?xml version="1.0" encoding="UTF-8"?>
<bwmeta xmlns="http://yadda.icm.edu.pl/bwmeta-2.1.0.xsd">
  <element id="14248220">
    <affiliation id="aff.2">
      <text>School of Civil and Environmental Engineering, Yonsei University, 262 Seongsanno, Seodaemun-gu, Seoul 120-749, Korea</text>
    </affiliation>
    <affiliation id="aff.1">
      <text>Agency for Defense Development, P.O. Box 35 Yuseong, Daejeon, Korea</text>
    </affiliation>
    <attribute key="email">
      <value>snbang@hanafos.com</value>
    </attribute>
    <attribute key="email">
      <value>jheo@yonsei.ac.kr</value>
    </attribute>
    <attribute key="email">
      <value>scivile@yonsei.ac.kr</value>
    </attribute>
    <attribute key="email">
      <value>sohn1@yonsei.ac.kr</value>
    </attribute>
    <attribute key="pages">
      <value>342-360</value>
    </attribute>
    <contents>
      <file format="application/pdf" id="0" type="full-text">
        <location>yadda.pack:/archive/14248220/content/full-text/14248220.pdf</location>
      </file>
    </contents>
    <contributor institution="false" role="author">
      <affiliation-ref ref="aff.1" />
      <name lang="und" type="forenames">Soonam</name>
      <name lang="und" type="surname">Bang</name>
      <name lang="und" type="canonical">Soonam Bang</name>
    </contributor>
    <contributor institution="false" role="author">
      <affiliation-ref ref="aff.2" />
      <name lang="und" type="forenames">Joon</name>
      <name lang="und" type="surname">Heo</name>
      <name lang="und" type="canonical">Joon Heo</name>
    </contributor>
    <contributor institution="false" role="author">
      <affiliation-ref ref="aff.2" />
      <name lang="und" type="forenames">Soohee</name>
      <name lang="und" type="surname">Han</name>
      <name lang="und" type="canonical">Soohee Han</name>
    </contributor>
    <contributor institution="false" role="author">
      <affiliation-ref ref="aff.2" />
      <name lang="und" type="forenames">Hong-Gyoo</name>
      <name lang="und" type="surname">Sohn</name>
      <name lang="und" type="canonical">Hong-Gyoo Sohn</name>
    </contributor>
    <date type="received" day="17" month="12" year="2009">17 December 2009</date>
    <date type="accepted" day="28" month="12" year="2009">28 December 2009</date>
    <date type="published" day="4" month="1" year="2010">4 January 2010</date>
    <description lang="und" type="abstract">Infiltration-route analysis is a military application of geospatial information
system (GIS) technology. In order to find susceptible routes, optimal-path-searching
algorithms are applied to minimize the cost function, which is the summed result of detection
probability. The cost function was determined according to the thermal observation device
(TOD) detection probability, the viewshed analysis results, and two feature layers extracted
from the vector product interim terrain data. The detection probability is computed and
recorded for an individual cell (50 m × 50 m), and the optimal infiltration routes are
determined with A* algorithm by minimizing the summed costs on the routes from a start
point to an end point. In the present study, in order to simulate the dynamic nature of a real-
world problem, one thousand cost surfaces in the GIS environment were generated with
randomly located TODs and randomly selected infiltration start points. Accordingly, one
thousand sets of vulnerable routes for infiltration purposes could be found, which could be
accumulated and presented as an infiltration vulnerability map. This application can be
further utilized for both optimal infiltration routing and surveillance network design. Indeed,
dynamic simulation in the GIS environment is considered to be a powerful and practical
solution for optimization problems. A similar approach can be applied to the dynamic
optimal routing for civil infrastructure, which requires consideration of terrain-related
constraints and cost functions.</description>
    <id scheme="bwmeta1.id-class.DOI" value="10.3390/s100100342" />
    <id scheme="bwmeta1.id-class.ISSN" value="1424-8220" />
    <name lang="und">Infiltration Route Analysis Using Thermal Observation Devices (TOD) and Optimization Techniques in a GIS Environment</name>
    <structure hierarchy="bwmeta1.hierarchy-class.hierarchy_Journal">
      <ancestor level="bwmeta1.level.hierarchy_Journal_Number">
        <name lang="und">10</name>
      </ancestor>
      <ancestor level="bwmeta1.level.hierarchy_Journal_Journal">
        <name lang="und">Sensors</name>
      </ancestor>
      <ancestor level="bwmeta1.level.hierarchy_Journal_Volume">
        <name lang="und">2010</name>
      </ancestor>
      <current level="bwmeta1.level.hierarchy_Journal_Article" />
    </structure>
    <tags lang="und" type="keyword">
      <tag>thermal observation device</tag>
      <tag>infiltration-route analysis</tag>
      <tag>dynamic simulation</tag>
      <tag>GIS</tag>
      <tag>A* algorithm</tag>
    </tags>
  </element>
</bwmeta>

