<?xml version="1.0" encoding="UTF-8"?>
<bwmeta xmlns="http://yadda.icm.edu.pl/bwmeta-2.1.0.xsd">
  <element id="14659921">
    <affiliation id="aff.1">
      <text>Rheumatology Division of the School of Medicine of the University of São Paulo (FMUSP), São Paulo, SP, Brazil</text>
    </affiliation>
    <affiliation id="aff.3">
      <text>Department of Pathology of the School of Medicine of the University of São Paulo (FMUSP), São Paulo, SP, Brazil</text>
    </affiliation>
    <affiliation id="aff.2">
      <text>Department of Radiology, Discipline of Oncology of the School of Medicine of the University of São Paulo (FMUSP), São Paulo, SP, Brazil</text>
    </affiliation>
    <attribute key="email">
      <value>matrix@lim17.fm.usp.br</value>
    </attribute>
    <contents>
      <file format="application/pdf" id="0" type="full-text">
        <location>yadda.pack:/archive/14659921/content/full-text/14659921.pdf</location>
      </file>
    </contents>
    <contributor institution="false" role="author">
      <affiliation-ref ref="aff.1" />
      <name lang="und" type="forenames">Ana Paula P</name>
      <name lang="und" type="surname">Velosa</name>
      <name lang="und" type="canonical">Ana Paula P Velosa</name>
    </contributor>
    <contributor institution="false" role="author">
      <affiliation-ref ref="aff.1" />
      <name lang="und" type="forenames">Walcy R</name>
      <name lang="und" type="surname">Teodoro</name>
      <name lang="und" type="canonical">Walcy R Teodoro</name>
    </contributor>
    <contributor institution="false" role="author">
      <affiliation-ref ref="aff.1" />
      <name lang="und" type="forenames">Daniel M dos</name>
      <name lang="und" type="surname">Anjos</name>
      <name lang="und" type="canonical">Daniel M dos Anjos</name>
    </contributor>
    <contributor institution="false" role="author">
      <affiliation-ref ref="aff.1" />
      <name lang="und" type="forenames">Renata</name>
      <name lang="und" type="surname">Konno</name>
      <name lang="und" type="canonical">Renata Konno</name>
    </contributor>
    <contributor institution="false" role="author">
      <affiliation-ref ref="aff.1" />
      <name lang="und" type="forenames">Cristiane C</name>
      <name lang="und" type="surname">Oliveira</name>
      <name lang="und" type="canonical">Cristiane C Oliveira</name>
    </contributor>
    <contributor institution="false" role="author">
      <affiliation-ref ref="aff.2" />
      <name lang="und" type="forenames">Maria LH</name>
      <name lang="und" type="surname">Katayama</name>
      <name lang="und" type="canonical">Maria LH Katayama</name>
    </contributor>
    <contributor institution="false" role="author">
      <affiliation-ref ref="aff.3" />
      <name lang="und" type="forenames">Edwin R</name>
      <name lang="und" type="surname">Parra</name>
      <name lang="und" type="canonical">Edwin R Parra</name>
    </contributor>
    <contributor institution="false" role="author">
      <affiliation-ref ref="aff.3" />
      <name lang="und" type="forenames">Vera L</name>
      <name lang="und" type="surname">Capelozzi</name>
      <name lang="und" type="canonical">Vera L Capelozzi</name>
    </contributor>
    <contributor institution="false" role="author">
      <affiliation-ref ref="aff.1" />
      <name lang="und" type="forenames">Natalino H</name>
      <name lang="und" type="surname">Yoshinari</name>
      <name lang="und" type="canonical">Natalino H Yoshinari</name>
    </contributor>
    <date type="received" day="21" month="9" year="2009">21 September 2009</date>
    <date type="accepted" day="4" month="1" year="2010">4 January 2010</date>
    <date type="published" day="4" month="1" year="2010">4 January 2010</date>
    <description lang="und" type="abstract">Background: The purpose of this study was to evaluate collagen deposition, mRNA collagen synthesis and TGF-
beta expression in the lung tissue in an experimental model of scleroderma after collagen V-induced nasal
tolerance.
Methods: Female New Zealand rabbits (N = 12) were immunized with 1 mg/ml of collagen V in Freund’s adjuvant
(IM). After 150 days, six immunized animals were tolerated by nasal administration of collagen V (25 μ g/day) (IM-
TOL) daily for 60 days. The collagen content was determined by morphometry, and mRNA expressions of types I, III
and V collagen were determined by Real-time PCR. The TGF-beta expression was evaluated by immunostaining
and quantified by point counting methods. To statistic analysis ANOVA with Bonferroni test were employed for
multiple comparison when appropriate and the level of significance was determined to be p &lt; 0.05.
Results: IM-TOL, when compared to IM, showed significant reduction in total collagen content around the vessels
(0.371 ± 0.118 vs. 0.874 ± 0.282, p &lt; 0.001), bronchioles (0.294 ± 0.139 vs. 0.646 ± 0.172, p &lt; 0.001) and in the
septal interstitium (0.027 ± 0.014 vs. 0.067 ± 0.039, p = 0.026). The lung tissue of IM-TOL, when compared to IM,
showed decreased immunostaining of types I, III and V collagen, reduced mRNA expression of types I (0.10 ± 0.07
vs. 1.0 ± 0.528, p = 0.002) and V (1.12 ± 0.42 vs. 4.74 ± 2.25, p = 0.009) collagen, in addition to decreased TGF-beta
expression (p &lt; 0.0001).
Conclusions: Collagen V-induced nasal tolerance in the experimental model of SSc regulated the pulmonary
remodeling process, inhibiting collagen deposition and collagen I and V mRNA synthesis. Additionally, it decreased
TGF-beta expression, suggesting a promising therapeutic option for scleroderma treatment.</description>
    <id scheme="bwmeta1.id-class.DOI" value="10.1186/1465-9921-11-1" />
    <name lang="und">Collagen V-induced nasal tolerance downregulates pulmonary collagen mRNA gene and TGF-beta expression in experimental systemic sclerosis</name>
    <structure hierarchy="bwmeta1.hierarchy-class.hierarchy_Journal">
      <ancestor level="bwmeta1.level.hierarchy_Journal_Number">
        <name lang="und">1</name>
      </ancestor>
      <ancestor level="bwmeta1.level.hierarchy_Journal_Journal">
        <name lang="und">Respiratory Research</name>
      </ancestor>
      <ancestor level="bwmeta1.level.hierarchy_Journal_Volume">
        <name lang="und">11</name>
      </ancestor>
      <current level="bwmeta1.level.hierarchy_Journal_Article" />
    </structure>
  </element>
</bwmeta>

