<?xml version="1.0" encoding="UTF-8"?>
<bwmeta xmlns="http://yadda.icm.edu.pl/bwmeta-2.1.0.xsd">
  <element id="14752859">
    <affiliation id="aff.default">
      <text>School of Chemical and Biomolecular Engineering, Georgia Institute of Technology, 311 Ferst Drive, Atlanta, GA 30332-0100, USA</text>
    </affiliation>
    <attribute key="email">
      <value>rchen@chbe.gatech.edu</value>
    </attribute>
    <contents>
      <file format="application/pdf" id="0" type="full-text">
        <location>yadda.pack:/archive/14752859/content/full-text/14752859.pdf</location>
      </file>
    </contents>
    <contributor institution="false" role="author">
      <affiliation-ref ref="aff.default" />
      <name lang="und" type="forenames">Anne M</name>
      <name lang="und" type="surname">Ruffing</name>
      <name lang="und" type="canonical">Anne M Ruffing</name>
    </contributor>
    <contributor institution="false" role="author">
      <affiliation-ref ref="aff.default" />
      <name lang="und" type="forenames">Rachel R</name>
      <name lang="und" type="surname">Chen</name>
      <name lang="und" type="canonical">Rachel R Chen</name>
    </contributor>
    <date type="received" day="5" month="10" year="2009">5 October 2009</date>
    <date type="accepted" day="12" month="1" year="2010">12 January 2010</date>
    <date type="published" day="12" month="1" year="2010">12 January 2010</date>
    <description lang="und" type="abstract">Background: Oligosaccharides containing a terminal Gal-a1,3-Gal moiety are collectively known as a-Gal epitopes.
a-Gal epitopes are integral components of several medical treatments under development, including flu and HIV
vaccines as well as cancer treatments. The difficulty associated with synthesizing the a-Gal epitope hinders the
development and application of these treatments due to the limited availability and high cost of the a-Gal
epitope. This work illustrates the development of a whole-cell biocatalyst for synthesizing the a-Gal epitope, Gal-
a1,3-Lac.
Results: Agrobacterium sp. ATCC 31749 was engineered to produce Gal-a1,3-Lac by the introduction of a UDP-
galactose 4’-epimerase:a1,3-galactosyltransferase fusion enzyme. The engineered Agrobacterium synthesized 0.4 g/L
of the a-Gal epitope. Additional metabolic engineering efforts addressed the factors limiting a-Gal epitope
production, namely the availability of the two substrates, lactose and UDP-glucose. Through expression of a lactose
permease, the intracellular lactose concentration increased by 60 to 110%, subsequently leading to an
improvement in Gal-a1,3-Lac production. Knockout of the curdlan synthase gene increased UDP-glucose availability
by eliminating the consumption of UDP-glucose for synthesis of the curdlan polysaccharide. With these additional
engineering efforts, the final engineered strain synthesized approximately 1 g/L of Gal-a1,3-Lac.
Conclusions: The Agrobacterium biocatalyst developed in this work synthesizes gram-scale quantities of a-Gal
epitope and does not require expensive cofactors or permeabilization, making it a useful biocatalyst for industrial
production of the a-Gal epitope. Furthermore, the engineered Agrobacterium, with increased lactose uptake and
improved UDP-glucose availability, is a promising host for the production of other medically-relevant
oligosaccharides.</description>
    <id scheme="bwmeta1.id-class.DOI" value="10.1186/1475-2859-9-1" />
    <name lang="und">Metabolic engineering of Agrobacterium sp. strain ATCC 31749 for production of an a-Gal epitope</name>
    <structure hierarchy="bwmeta1.hierarchy-class.hierarchy_Journal">
      <ancestor level="bwmeta1.level.hierarchy_Journal_Number">
        <name lang="und">1</name>
      </ancestor>
      <ancestor level="bwmeta1.level.hierarchy_Journal_Journal">
        <name lang="und">Microbial Cell Factories</name>
      </ancestor>
      <ancestor level="bwmeta1.level.hierarchy_Journal_Volume">
        <name lang="und">9</name>
      </ancestor>
      <current level="bwmeta1.level.hierarchy_Journal_Article" />
    </structure>
  </element>
</bwmeta>

