<?xml version="1.0" encoding="UTF-8"?>
<bwmeta xmlns="http://yadda.icm.edu.pl/bwmeta-2.1.0.xsd">
  <element id="14752891">
    <affiliation id="aff.1">
      <text>Institute of Clinical Medicine, University of Tromsø, and Medical Clinic, University Hospital of North Norway, Tromsø, Norway</text>
    </affiliation>
    <affiliation id="aff.3">
      <text>Hormone Laboratory, Aker University Hospital, Oslo, Norway</text>
    </affiliation>
    <affiliation id="aff.2">
      <text>Department of Ophthalmology and Neurosurgery, Division of Ophthalmology, University Hospital of North Norway, Tromsø, Norway</text>
    </affiliation>
    <affiliation id="aff.5">
      <text>Center for Atherothrombotic Research in Tromsø (CART), Institute of Clinical Medicine, University of Tromsø, Norway</text>
    </affiliation>
    <affiliation id="aff.4">
      <text>Department of Medical Biochemistry, University Hospital of North Norway, and Institute of Medical Biology, University of Tromsø, Tromsø, Norway</text>
    </affiliation>
    <attribute key="email">
      <value>rolf.jorde@unn.no</value>
    </attribute>
    <contents>
      <file format="application/pdf" id="0" type="full-text">
        <location>yadda.pack:/archive/14752891/content/full-text/14752891.pdf</location>
      </file>
    </contents>
    <contributor institution="false" role="author">
      <affiliation-ref ref="aff.1" />
      <name lang="und" type="forenames">Rolf</name>
      <name lang="und" type="surname">Jorde</name>
      <name lang="und" type="canonical">Rolf Jorde</name>
    </contributor>
    <contributor institution="false" role="author">
      <affiliation-ref ref="aff.2" />
      <name lang="und" type="forenames">Monica</name>
      <name lang="und" type="surname">Sneve</name>
      <name lang="und" type="canonical">Monica Sneve</name>
    </contributor>
    <contributor institution="false" role="author">
      <affiliation-ref ref="aff.3" />
      <name lang="und" type="forenames">Peter A</name>
      <name lang="und" type="surname">Torjesen</name>
      <name lang="und" type="canonical">Peter A Torjesen</name>
    </contributor>
    <contributor institution="false" role="author">
      <affiliation-ref ref="aff.4" />
      <name lang="und" type="forenames">Yngve</name>
      <name lang="und" type="surname">Figenschau</name>
      <name lang="und" type="canonical">Yngve Figenschau</name>
    </contributor>
    <contributor institution="false" role="author">
      <affiliation-ref ref="aff.5" />
      <name lang="und" type="forenames">John-Bjarne</name>
      <name lang="und" type="surname">Hansen</name>
      <name lang="und" type="canonical">John-Bjarne Hansen</name>
    </contributor>
    <contributor institution="false" role="author">
      <affiliation-ref ref="aff.1" />
      <name lang="und" type="forenames">Guri</name>
      <name lang="und" type="surname">Grimnes</name>
      <name lang="und" type="canonical">Guri Grimnes</name>
    </contributor>
    <date type="received" day="12" month="9" year="2009">12 September 2009</date>
    <date type="accepted" day="7" month="1" year="2010">7 January 2010</date>
    <date type="published" day="7" month="1" year="2010">7 January 2010</date>
    <description lang="und" type="abstract">Background: In meta-analyses supplementation with vitamin D appears to reduce incidence of fractures, and in
cross-sectional studies there is a positive association between serum 25-hydroxyvitamin D (25(OH)D) levels and
bone mineral density (BMD). However, the effect of supplementation with high doses of vitamin D on BMD is
more uncertain and could in theory have both positive and negative effects.
Methods: The study was a one year, double blind placebo-controlled intervention trial performed at the University
Hospital of North Norway. 421 subjects, 21 - 70 years old, were included and 312 completed the study. The
subjects were randomized to vitamin D3 40.000 IU per week (DD group), vitamin D3 20.000 IU per week (DP
group), or placebo (PP group). All subjects were given 500 mg calcium daily. Serum 25(OH)D, osteoprotegrin (OPG),
receptoractivator of nuclear factor-kappaB ligand (RANKL), and BMD at the lumbar spine and the hip were
measured before and at the end of the study.
Results: At baseline the mean serum 25(OH)D levels were 58 nmol/L (all subjects) and increased to 141 and 100
nmol/L in the DD and DP groups, respectively. After one year, no significant differences were found between the
three groups regarding change in BMD, serum OPG or RANKL.
Conclusions: Supplementation with high doses of vitamin D for one year does not appear to have a negative
effect on BMD in healthy subjects. In order to disclose a positive effect, subjects with low BMD and/or low serum
25(OH)D levels need to be studied.
Trial registration: The trial was registered at ClinicalTrials.gov (NCT00243256).</description>
    <id scheme="bwmeta1.id-class.DOI" value="10.1186/1475-2891-9-1" />
    <name lang="und">No significant effect on bone mineral density by high doses of vitamin D3 given to overweight subjects for one year</name>
    <structure hierarchy="bwmeta1.hierarchy-class.hierarchy_Journal">
      <ancestor level="bwmeta1.level.hierarchy_Journal_Journal">
        <name lang="und">Nutrition Journal</name>
      </ancestor>
      <ancestor level="bwmeta1.level.hierarchy_Journal_Number">
        <name lang="und">1</name>
      </ancestor>
      <ancestor level="bwmeta1.level.hierarchy_Journal_Volume">
        <name lang="und">9</name>
      </ancestor>
      <current level="bwmeta1.level.hierarchy_Journal_Article" />
    </structure>
  </element>
</bwmeta>

