<?xml version="1.0" encoding="UTF-8"?>
<bwmeta xmlns="http://yadda.icm.edu.pl/bwmeta-2.1.0.xsd">
  <element id="14752875">
    <affiliation id="aff.3">
      <text>Malaria Research Lab, Infectious Diseases Unit, Department of Medicine, Karolinska University Hospital/Karolinska Institutet, Retziusväg 10, S-171 77 Stockholm, Sweden</text>
    </affiliation>
    <affiliation id="aff.2">
      <text>Department of Biotechnology, University of Karachi, University Road, Karachi, Pakistan</text>
    </affiliation>
    <affiliation id="aff.1">
      <text>Department of Pathology and Microbiology, Aga Khan University, Stadium Road, PO Box 3500, Karachi 74800, Pakistan</text>
    </affiliation>
    <affiliation id="aff.5">
      <text>Centre for Microbiological Preparedness, Swedish Institute for Infectious Disease Control, Nobelsväg 18, SE-171 82 Stockholm, Sweden</text>
    </affiliation>
    <affiliation id="aff.4">
      <text>Division of Global Health (IHCAR), Department of Public Health Sciences, Karolinska Institutet, Nobelsväg 9, S-171 77 Stockholm, Sweden</text>
    </affiliation>
    <attribute key="email">
      <value>najia.ghanchi@aku.edu</value>
    </attribute>
    <attribute key="email">
      <value>andreas.martensson@ki.se</value>
    </attribute>
    <attribute key="email">
      <value>johan.ursing@ki.se</value>
    </attribute>
    <attribute key="email">
      <value>sana.jafri@aku.edu</value>
    </attribute>
    <attribute key="email">
      <value>sandor.berezcky@smi.se</value>
    </attribute>
    <attribute key="email">
      <value>rabia.hussain@aku.edu</value>
    </attribute>
    <attribute key="email">
      <value>masim.beg@aku.edu</value>
    </attribute>
    <contents>
      <file format="application/pdf" id="0" type="full-text">
        <location>yadda.pack:/archive/14752875/content/full-text/14752875.pdf</location>
      </file>
    </contents>
    <contributor institution="false" role="author">
      <affiliation-ref ref="aff.1" />
      <affiliation-ref ref="aff.2" />
      <name lang="und" type="forenames">Najia K</name>
      <name lang="und" type="surname">Ghanchi</name>
      <name lang="und" type="canonical">Najia K Ghanchi</name>
    </contributor>
    <contributor institution="false" role="author">
      <affiliation-ref ref="aff.3" />
      <affiliation-ref ref="aff.4" />
      <name lang="und" type="forenames">Andreas</name>
      <name lang="und" type="surname">Mårtensson</name>
      <name lang="und" type="canonical">Andreas Mårtensson</name>
    </contributor>
    <contributor institution="false" role="author">
      <affiliation-ref ref="aff.3" />
      <name lang="und" type="forenames">Johan</name>
      <name lang="und" type="surname">Ursing</name>
      <name lang="und" type="canonical">Johan Ursing</name>
    </contributor>
    <contributor institution="false" role="author">
      <affiliation-ref ref="aff.1" />
      <name lang="und" type="forenames">Sana</name>
      <name lang="und" type="surname">Jafri</name>
      <name lang="und" type="canonical">Sana Jafri</name>
    </contributor>
    <contributor institution="false" role="author">
      <affiliation-ref ref="aff.3" />
      <affiliation-ref ref="aff.5" />
      <name lang="und" type="forenames">Sándor</name>
      <name lang="und" type="surname">Bereczky</name>
      <name lang="und" type="canonical">Sándor Bereczky</name>
    </contributor>
    <contributor institution="false" role="author">
      <affiliation-ref ref="aff.1" />
      <name lang="und" type="forenames">Rabia</name>
      <name lang="und" type="surname">Hussain</name>
      <name lang="und" type="canonical">Rabia Hussain</name>
    </contributor>
    <contributor institution="false" role="author">
      <affiliation-ref ref="aff.1" />
      <name lang="und" type="forenames">Mohammad A</name>
      <name lang="und" type="surname">Beg</name>
      <name lang="und" type="canonical">Mohammad A Beg</name>
    </contributor>
    <date type="received" day="9" month="7" year="2009">9 July 2009</date>
    <date type="accepted" day="1" month="1" year="2010">1 January 2010</date>
    <date type="published" day="1" month="1" year="2010">1 January 2010</date>
    <description lang="und" type="abstract">Background: The genetic diversity of Plasmodium falciparum has been extensively studied in
various parts of the world. However, limited data are available from Pakistan. This study aimed to
establish molecular characterization of P. falciparum field isolates in Pakistan measured with two
highly polymorphic genetic markers, i.e. the merozoite surface protein 1 (msp-1)and 2 (msp-2).
Methods: Between October 2005 and October 2007, 244 blood samples from patients with
symptomatic blood-slide confirmed P. falciparum mono-infections attending the Aga Khan
University Hospital, Karachi, or its collection units located in Sindh and Baluchistan provinces,
Pakistan were collected. The genetic diversity of P. falciparum was analysed by length polymorphism
following gel electrophoresis of DNA products from nested polymerase chain reactions (PCR)
targeting block 2 of msp-1 and block 3 of msp-2, including their respective allelic families KI, MAD
20, RO33, and FC27, 3D7/IC.
Results: A total of 238/244 (98%) patients had a positive PCR outcome in at least one genetic
marker; the remaining six were excluded from analysis. A majority of patients had monoclonal
infections. Only 56/231 (24%) and 51/236 (22%) carried multiple P. falciparum genotypes in msp-1
and msp-2, respectively. The estimated total number of genotypes was 25 msp-1 (12 KI; 8 MAD20;
5 RO33) and 33 msp-2 (14 FC27; 19 3D7/IC).
Conclusions: This is the first report on molecular characterization of P. falciparum field isolates in
Pakistan with regards to multiplicity of infection. The genetic diversity and allelic distribution found
in this study is similar to previous reports from India and Southeast Asian countries with low
malaria endemicity.</description>
    <id scheme="bwmeta1.id-class.DOI" value="10.1186/1475-2875-9-1" />
    <name lang="und">Genetic diversity among Plasmodium falciparum field isolates in Pakistan measured with PCR genotyping of the merozoite surface protein 1 and 2</name>
    <structure hierarchy="bwmeta1.hierarchy-class.hierarchy_Journal">
      <ancestor level="bwmeta1.level.hierarchy_Journal_Number">
        <name lang="und">1</name>
      </ancestor>
      <ancestor level="bwmeta1.level.hierarchy_Journal_Journal">
        <name lang="und">Malaria Journal</name>
      </ancestor>
      <ancestor level="bwmeta1.level.hierarchy_Journal_Volume">
        <name lang="und">9</name>
      </ancestor>
      <current level="bwmeta1.level.hierarchy_Journal_Article" />
    </structure>
  </element>
</bwmeta>

