<?xml version="1.0" encoding="UTF-8"?>
<bwmeta xmlns="http://yadda.icm.edu.pl/bwmeta-2.1.0.xsd">
  <element id="14764598">
    <affiliation id="aff.1">
      <text>Cancer Research UK Cancer Centre, School of Cancer Sciences, University of Birmingham, Vincent Drive, Edgbaston, Birmingham, B15 2TT, UK</text>
    </affiliation>
    <affiliation id="aff.3">
      <text>Research Funding, Science Operations and Funding Directorate, Cancer Research UK, 61 Lincoln’s Inn Fields, PO Box 123, London WC2A 3PX, UK</text>
    </affiliation>
    <affiliation id="aff.2">
      <text>Department of Virology, Faculty of Medicine, Imperial College London, St. Mary’s Campus, Norfolk Place, London, W2 1PG, UK</text>
    </affiliation>
    <affiliation id="aff.4">
      <text>Dept. of Pathology, Sun Yat-Sen University Cancer Center, 651 Dong Feng Road East, Guangzhou, 510060, China</text>
    </affiliation>
    <attribute key="email">
      <value>J.D.ONeil@bham.ac.uk</value>
    </attribute>
    <contents>
      <file format="application/pdf" id="0" type="full-text">
        <location>yadda.pack:/archive/14764598/content/full-text/14764598.pdf</location>
      </file>
    </contents>
    <contributor institution="false" role="author">
      <affiliation-ref ref="aff.1" />
      <affiliation-ref ref="aff.2" />
      <name lang="und" type="forenames">Robert</name>
      <name lang="und" type="surname">Valentine</name>
      <name lang="und" type="canonical">Robert Valentine</name>
    </contributor>
    <contributor institution="false" role="author">
      <affiliation-ref ref="aff.1" />
      <name lang="und" type="forenames">Christopher W</name>
      <name lang="und" type="surname">Dawson</name>
      <name lang="und" type="canonical">Christopher W Dawson</name>
    </contributor>
    <contributor institution="false" role="author">
      <affiliation-ref ref="aff.1" />
      <name lang="und" type="forenames">Chunfang</name>
      <name lang="und" type="surname">Hu</name>
      <name lang="und" type="canonical">Chunfang Hu</name>
    </contributor>
    <contributor institution="false" role="author">
      <affiliation-ref ref="aff.1" />
      <name lang="und" type="forenames">Khilan M</name>
      <name lang="und" type="surname">Shah</name>
      <name lang="und" type="canonical">Khilan M Shah</name>
    </contributor>
    <contributor institution="false" role="author">
      <affiliation-ref ref="aff.1" />
      <affiliation-ref ref="aff.3" />
      <name lang="und" type="forenames">Thomas J</name>
      <name lang="und" type="surname">Owen</name>
      <name lang="und" type="canonical">Thomas J Owen</name>
    </contributor>
    <contributor institution="false" role="author">
      <affiliation-ref ref="aff.1" />
      <name lang="und" type="forenames">Kathryn L</name>
      <name lang="und" type="surname">Date</name>
      <name lang="und" type="canonical">Kathryn L Date</name>
    </contributor>
    <contributor institution="false" role="author">
      <affiliation-ref ref="aff.1" />
      <name lang="und" type="forenames">Sonia P</name>
      <name lang="und" type="surname">Maia</name>
      <name lang="und" type="canonical">Sonia P Maia</name>
    </contributor>
    <contributor institution="false" role="author">
      <affiliation-ref ref="aff.4" />
      <name lang="und" type="forenames">Jianyong</name>
      <name lang="und" type="surname">Shao</name>
      <name lang="und" type="canonical">Jianyong Shao</name>
    </contributor>
    <contributor institution="false" role="author">
      <affiliation-ref ref="aff.1" />
      <name lang="und" type="forenames">John R</name>
      <name lang="und" type="surname">Arrand</name>
      <name lang="und" type="canonical">John R Arrand</name>
    </contributor>
    <contributor institution="false" role="author">
      <affiliation-ref ref="aff.1" />
      <name lang="und" type="forenames">Lawrence S</name>
      <name lang="und" type="surname">Young</name>
      <name lang="und" type="canonical">Lawrence S Young</name>
    </contributor>
    <contributor institution="false" role="author">
      <affiliation-ref ref="aff.1" />
      <name lang="und" type="forenames">John D</name>
      <name lang="und" type="surname">O’Neil</name>
      <name lang="und" type="canonical">John D O’Neil</name>
    </contributor>
    <date type="received" day="9" month="10" year="2009">9 October 2009</date>
    <date type="accepted" day="5" month="1" year="2010">5 January 2010</date>
    <date type="published" day="5" month="1" year="2010">5 January 2010</date>
    <description lang="und" type="abstract">Background: The Epstein-Barr virus (EBV)-encoded EBNA1 protein is expressed in all EBV-associated tumours,
including undifferentiated nasopharyngeal carcinoma (NPC), where it is indispensable for viral replication, genome
maintenance and viral gene expression. EBNA1’s transcription factor-like functions also extend to influencing the
expression of cellular genes involved in pathways commonly dysregulated during oncogenesis, including elevation
of AP-1 activity in NPC cell lines resulting in enhancement of angiogenesis in vitro. In this study we sought to
extend these observations by examining the role of EBNA1 upon another pathway commonly deregulated during
carcinogenesis; namely NF-B.
Results: In this report we demonstrate that EBNA1 inhibits the canonical NF-B pathway in carcinoma lines by
inhibiting the phosphorylation of IKKa/b. In agreement with this observation we find a reduction in the
phosphorylation of I Ba and reduced phosphorylation and nuclear translocation of p65, resulting in a reduction in
the amount of p65 in nuclear NF-B complexes. Similar effects were also found in carcinoma lines infected with
recombinant EBV and in the EBV-positive NPC-derived cell line C666-1. Inhibition of NF-B was dependent upon
regions of EBNA1 essential for gene transactivation whilst the interaction with the deubiquitinating enzyme, USP7,
was entirely dispensable. Furthermore, in agreement with EBNA1 inhibiting p65 NF-B we demonstrate that p65
was exclusively cytoplasmic in 11 out of 11 NPC tumours studied.
Conclusions: Inhibition of p65 NF-B in murine and human epidermis results in tissue hyperplasia and the
development of squamous cell carcinoma. In line with this, p65 knockout fibroblasts have a transformed
phenotype. Inhibition of p65 NF-B by EBNA1 may therefore contribute to the development of NPC by inducing
tissue hyperplasia. Furthermore, inhibition of NF-B is employed by viruses as an immune evasion strategy which is
also closely linked to oncogenesis during persistent viral infection. Our findings therefore further implicate EBNA1
in playing an important role in the pathogenesis of NPC.</description>
    <id scheme="bwmeta1.id-class.DOI" value="10.1186/1476-4598-9-1" />
    <name lang="und">Epstein-Barr virus-encoded EBNA1 inhibits the canonical NF-B pathway in carcinoma cells by inhibiting IKK phosphorylation</name>
    <structure hierarchy="bwmeta1.hierarchy-class.hierarchy_Journal">
      <ancestor level="bwmeta1.level.hierarchy_Journal_Number">
        <name lang="und">1</name>
      </ancestor>
      <ancestor level="bwmeta1.level.hierarchy_Journal_Journal">
        <name lang="und">Molecular Cancer</name>
      </ancestor>
      <ancestor level="bwmeta1.level.hierarchy_Journal_Volume">
        <name lang="und">9</name>
      </ancestor>
      <current level="bwmeta1.level.hierarchy_Journal_Article" />
    </structure>
  </element>
</bwmeta>

