<?xml version="1.0" encoding="UTF-8"?>
<bwmeta xmlns="http://yadda.icm.edu.pl/bwmeta-2.1.0.xsd">
  <element id="1476511X">
    <affiliation id="aff.1">
      <text>Novartis Institutes for BioMedical Research, Brunnerstrasse 59, A-1235 Vienna, Austria</text>
    </affiliation>
    <affiliation id="aff.2">
      <text>Current address: German Heart Centre Munich, Lazarettstrasse 36, D-80636 München, Germany</text>
    </affiliation>
    <attribute key="email">
      <value>frederic.bornancin@novartis.com</value>
    </attribute>
    <contents>
      <file format="application/pdf" id="0" type="full-text">
        <location>yadda.pack:/archive/1476511X/content/full-text/1476511X.pdf</location>
      </file>
    </contents>
    <contributor institution="false" role="author">
      <affiliation-ref ref="aff.1" />
      <name lang="und" type="forenames">Satoru</name>
      <name lang="und" type="surname">Niwa</name>
      <name lang="und" type="canonical">Satoru Niwa</name>
    </contributor>
    <contributor institution="false" role="author">
      <affiliation-ref ref="aff.1" />
      <affiliation-ref ref="aff.2" />
      <name lang="und" type="forenames">Nicole</name>
      <name lang="und" type="surname">Urtz</name>
      <name lang="und" type="canonical">Nicole Urtz</name>
    </contributor>
    <contributor institution="false" role="author">
      <affiliation-ref ref="aff.1" />
      <name lang="und" type="forenames">Thomas</name>
      <name lang="und" type="surname">Baumruker</name>
      <name lang="und" type="canonical">Thomas Baumruker</name>
    </contributor>
    <contributor institution="false" role="author">
      <affiliation-ref ref="aff.1" />
      <name lang="und" type="forenames">Andreas</name>
      <name lang="und" type="surname">Billich</name>
      <name lang="und" type="canonical">Andreas Billich</name>
    </contributor>
    <contributor institution="false" role="author">
      <affiliation-ref ref="aff.1" />
      <name lang="und" type="forenames">Frédéric</name>
      <name lang="und" type="surname">Bornancin</name>
      <name lang="und" type="canonical">Frédéric Bornancin</name>
    </contributor>
    <date type="received" day="5" month="11" year="2009">5 November 2009</date>
    <date type="accepted" day="6" month="1" year="2010">6 January 2010</date>
    <date type="published" day="6" month="1" year="2010">6 January 2010</date>
    <description lang="und" type="abstract">Ceramide kinase (CERK) produces the bioactive lipid ceramide-1-phosphate (C1P) and is a key regulator of cera-
mide and dihydroceramide levels. It is likely that CERK and C1P play a role in inflammatory processes but the cells
involved and the mechanisms used remain to be clarified. In particular, the impact of CERK on T-cell biology has
not been studied so far. Here, we used Cerk-/- mice backcrossed with DO11.10/RAG1-/- mice to probe the effect of
CERK ablation on T-cell activation. Levels of interleukin (IL)-2, IL-4, IL-5, IL-13, of tumor necrosis factor (TNF)-a, and
of interferon (INF)-g were recorded following ovalbumin challenge in vivo and using ovalbumin-treated splenocytes
ex- vivo. Absence of CERK led to a significant decrease in the production of IL-4, thus suggesting that CERK may
polarize T cells towards the TH2 cell subtype. However, the importance of CERK to TH2 cell biology will have to be
investigated further because in a model of asthma, which is TH2-cell driven, Cerk-/- mice responded like wild-type
animals.</description>
    <id scheme="bwmeta1.id-class.DOI" value="10.1186/1476-511X-9-1" />
    <name lang="und">Ovalbumin-induced plasma interleukin-4 levels are reduced in ceramide kinase-deficient DO11.10 RAG1-/- mice</name>
    <structure hierarchy="bwmeta1.hierarchy-class.hierarchy_Journal">
      <ancestor level="bwmeta1.level.hierarchy_Journal_Number">
        <name lang="und">1</name>
      </ancestor>
      <ancestor level="bwmeta1.level.hierarchy_Journal_Journal">
        <name lang="und">Lipids in Health and Disease</name>
      </ancestor>
      <ancestor level="bwmeta1.level.hierarchy_Journal_Volume">
        <name lang="und">9</name>
      </ancestor>
      <current level="bwmeta1.level.hierarchy_Journal_Article" />
    </structure>
  </element>
</bwmeta>

