<?xml version="1.0" encoding="UTF-8"?>
<bwmeta xmlns="http://yadda.icm.edu.pl/bwmeta-2.1.0.xsd">
  <element id="14777819">
    <affiliation id="aff.1">
      <text>Royal Derby Hospital, Uttoxeter Road, Derby, DE22 3NE, UK</text>
    </affiliation>
    <affiliation id="aff.3">
      <text>Academic Division of Upper GI Surgery, School of Graduate Entry Medicine and Health, University of Nottingham, The Medical School Derby, DE22 3DT, UK</text>
    </affiliation>
    <affiliation id="aff.2">
      <text>School of Graduate Entry Medicine and Health, Derby, University of Nottingham, Uttoxeter Road, Derby, DE22 3DT, UK</text>
    </affiliation>
    <attribute key="email">
      <value>farhan.rashid@nottingham.ac.uk</value>
    </attribute>
    <contents>
      <file format="application/pdf" id="0" type="full-text">
        <location>yadda.pack:/archive/14777819/content/full-text/14777819.pdf</location>
      </file>
    </contents>
    <contributor institution="false" role="author">
      <affiliation-ref ref="aff.1" />
      <affiliation-ref ref="aff.3" />
      <name lang="und" type="forenames">Farhan</name>
      <name lang="und" type="surname">Rashid</name>
      <name lang="und" type="canonical">Farhan Rashid</name>
    </contributor>
    <contributor institution="false" role="author">
      <affiliation-ref ref="aff.1" />
      <name lang="und" type="forenames">Naseem</name>
      <name lang="und" type="surname">Waraich</name>
      <name lang="und" type="canonical">Naseem Waraich</name>
    </contributor>
    <contributor institution="false" role="author">
      <affiliation-ref ref="aff.1" />
      <affiliation-ref ref="aff.3" />
      <name lang="und" type="forenames">Imran</name>
      <name lang="und" type="surname">Bhatti</name>
      <name lang="und" type="canonical">Imran Bhatti</name>
    </contributor>
    <contributor institution="false" role="author">
      <affiliation-ref ref="aff.1" />
      <name lang="und" type="forenames">Shopan</name>
      <name lang="und" type="surname">Saha</name>
      <name lang="und" type="canonical">Shopan Saha</name>
    </contributor>
    <contributor institution="false" role="author">
      <affiliation-ref ref="aff.1" />
      <affiliation-ref ref="aff.2" />
      <name lang="und" type="forenames">Raheela N</name>
      <name lang="und" type="surname">Khan</name>
      <name lang="und" type="canonical">Raheela N Khan</name>
    </contributor>
    <contributor institution="false" role="author">
      <affiliation-ref ref="aff.1" />
      <name lang="und" type="forenames">Javed</name>
      <name lang="und" type="surname">Ahmed</name>
      <name lang="und" type="canonical">Javed Ahmed</name>
    </contributor>
    <contributor institution="false" role="author">
      <affiliation-ref ref="aff.1" />
      <name lang="und" type="forenames">Paul C</name>
      <name lang="und" type="surname">Leeder</name>
      <name lang="und" type="canonical">Paul C Leeder</name>
    </contributor>
    <contributor institution="false" role="author">
      <affiliation-ref ref="aff.1" />
      <affiliation-ref ref="aff.3" />
      <name lang="und" type="forenames">Mike</name>
      <name lang="und" type="surname">Larvin</name>
      <name lang="und" type="canonical">Mike Larvin</name>
    </contributor>
    <contributor institution="false" role="author">
      <affiliation-ref ref="aff.1" />
      <affiliation-ref ref="aff.3" />
      <name lang="und" type="forenames">Syed Y</name>
      <name lang="und" type="surname">Iftikhar</name>
      <name lang="und" type="canonical">Syed Y Iftikhar</name>
    </contributor>
    <date type="received" day="19" month="8" year="2009">19 August 2009</date>
    <date type="accepted" day="6" month="1" year="2010">6 January 2010</date>
    <date type="published" day="6" month="1" year="2010">6 January 2010</date>
    <description lang="und" type="abstract">Background: Elevated pre-operative neutrophil: lymphocyte ratio (NLR) has been identified as a predictor of
survival in patients with hepatocellular and colorectal cancer. The aim of this study was to examine the prognostic
value of an elevated preoperative NLR following resection for oesophageal cancer.
Methods: Patients who underwent resection for oesophageal carcinoma from June 1997 to September 2007 were
identified from a local cancer database. Data on demographics, conventional prognostic markers, laboratory
analyses including blood count results, and histopathology were collected and analysed.
Results: A total of 294 patients were identified with a median age at diagnosis of 65.2 (IQR 59-72) years. The
median pre-operative time of blood sample collection was three days (IQR 1-8). The median neutrophil count was
64.2 × 10-9/litre, median lymphocyte count 23.9 × 10-9/litre, whilst the NLR was 2.69 (IQR 1.95-4.02). NLR did not
prove to be a significant predictor of number of involved lymph nodes (Cox regression, p = 0.754), disease
recurrence (p = 0.288) or death (Cox regression, p = 0.374). Furthermore, survival time was not significantly
different between patients with high (≥ 3.5) or low (&lt; 3.5) NLR (p = 0.49).
Conclusion: Preoperative NLR does not appear to offer useful predictive ability for outcome, disease-free and
overall survival following oesophageal cancer resection.</description>
    <id scheme="bwmeta1.id-class.DOI" value="10.1186/1477-7819-8-1" />
    <name lang="und">A pre-operative elevated neutrophil: lymphocyte ratio does not predict survival from oesophageal cancer resection</name>
    <structure hierarchy="bwmeta1.hierarchy-class.hierarchy_Journal">
      <ancestor level="bwmeta1.level.hierarchy_Journal_Number">
        <name lang="und">1</name>
      </ancestor>
      <ancestor level="bwmeta1.level.hierarchy_Journal_Journal">
        <name lang="und">World Journal of Surgical Oncology</name>
      </ancestor>
      <ancestor level="bwmeta1.level.hierarchy_Journal_Volume">
        <name lang="und">8</name>
      </ancestor>
      <current level="bwmeta1.level.hierarchy_Journal_Article" />
    </structure>
  </element>
</bwmeta>

