<?xml version="1.0" encoding="UTF-8"?>
<bwmeta xmlns="http://yadda.icm.edu.pl/bwmeta-2.1.0.xsd">
  <element id="14777827">
    <affiliation id="aff.1">
      <text>Department of Clinical Sciences, Polytechnic University of Marche, Ancona, Italy</text>
    </affiliation>
    <affiliation id="aff.2">
      <text>Department of Biochemistry Biology and Genetics, Polytechnic University of Marche, Ancona, Italy</text>
    </affiliation>
    <attribute key="email">
      <value>s.giannubilo@univpm.it</value>
    </attribute>
    <contents>
      <file format="application/pdf" id="0" type="full-text">
        <location>yadda.pack:/archive/14777827/content/full-text/14777827.pdf</location>
      </file>
    </contents>
    <contributor institution="false" role="author">
      <affiliation-ref ref="aff.1" />
      <name lang="und" type="forenames">Piergiorgio</name>
      <name lang="und" type="surname">Stortoni</name>
      <name lang="und" type="canonical">Piergiorgio Stortoni</name>
    </contributor>
    <contributor institution="false" role="author">
      <affiliation-ref ref="aff.2" />
      <name lang="und" type="forenames">Monia</name>
      <name lang="und" type="surname">Cecati</name>
      <name lang="und" type="canonical">Monia Cecati</name>
    </contributor>
    <contributor institution="false" role="author">
      <affiliation-ref ref="aff.1" />
      <name lang="und" type="forenames">Stefano R</name>
      <name lang="und" type="surname">Giannubilo</name>
      <name lang="und" type="canonical">Stefano R Giannubilo</name>
    </contributor>
    <contributor institution="false" role="author">
      <affiliation-ref ref="aff.2" />
      <name lang="und" type="forenames">Davide</name>
      <name lang="und" type="surname">Sartini</name>
      <name lang="und" type="canonical">Davide Sartini</name>
    </contributor>
    <contributor institution="false" role="author">
      <affiliation-ref ref="aff.1" />
      <name lang="und" type="forenames">Angelo</name>
      <name lang="und" type="surname">Turi</name>
      <name lang="und" type="canonical">Angelo Turi</name>
    </contributor>
    <contributor institution="false" role="author">
      <affiliation-ref ref="aff.2" />
      <name lang="und" type="forenames">Monica</name>
      <name lang="und" type="surname">Emanuelli</name>
      <name lang="und" type="canonical">Monica Emanuelli</name>
    </contributor>
    <contributor institution="false" role="author">
      <affiliation-ref ref="aff.1" />
      <name lang="und" type="forenames">Andrea L</name>
      <name lang="und" type="surname">Tranquilli</name>
      <name lang="und" type="canonical">Andrea L Tranquilli</name>
    </contributor>
    <date type="received" day="14" month="10" year="2009">14 October 2009</date>
    <date type="accepted" day="5" month="1" year="2010">5 January 2010</date>
    <date type="published" day="5" month="1" year="2010">5 January 2010</date>
    <description lang="und" type="abstract">Background: Early pregnancy loss can be associated with trophoblast insufficiency and coagulation defects.
Thrombomodulin is an endothelial-associated anticoagulant protein involved in the control of hemostasis and
inflammation at the vascular beds and it’s also a cofactor of the protein C anticoagulant pathway.
Discussion: We evaluate the Thrombomodulin expression in placental tissue from spontaneous recurrent
miscarriage and voluntary abortion as controls. Thrombomodulin mRNA was determined using real-time
quantitative polymerase chain reaction. Reduced expression levels of thrombomodulin were found in recurrent
miscarriage group compared to controls (1.82-fold of reduction), that corresponds to a reduction of 45% (from
control group Delta CT) of thrombomodulin expression in spontaneous miscarriage group respect the control
groups.
Summary: We cannot state at present the exact meaning of a reduced expression of Thrombomodulin in
placental tissue. Further studies are needed to elucidate the biological pathway of this important factor in the
physiopathology of the trophoblast and in reproductive biology.</description>
    <id scheme="bwmeta1.id-class.DOI" value="10.1186/1477-7827-8-1" />
    <name lang="und">Placental thrombomodulin expression in recurrent miscarriage</name>
    <structure hierarchy="bwmeta1.hierarchy-class.hierarchy_Journal">
      <ancestor level="bwmeta1.level.hierarchy_Journal_Number">
        <name lang="und">1</name>
      </ancestor>
      <ancestor level="bwmeta1.level.hierarchy_Journal_Journal">
        <name lang="und">Reproductive Biology and Endocrinology</name>
      </ancestor>
      <ancestor level="bwmeta1.level.hierarchy_Journal_Volume">
        <name lang="und">8</name>
      </ancestor>
      <current level="bwmeta1.level.hierarchy_Journal_Article" />
    </structure>
  </element>
</bwmeta>

