<?xml version="1.0" encoding="UTF-8"?>
<bwmeta xmlns="http://yadda.icm.edu.pl/bwmeta-2.1.0.xsd">
  <element id="14779560">
    <affiliation id="aff.1">
      <text>Institute of Medicine, University of Bergen, 5021 Bergen, Norway</text>
    </affiliation>
    <affiliation id="aff.3">
      <text>Institute of Surgery, University of Bergen, 5021 Bergen, Norway</text>
    </affiliation>
    <affiliation id="aff.2">
      <text>Department of Medicine, Stavanger University Hospital, 4068 Stavanger, Norway</text>
    </affiliation>
    <affiliation id="aff.5">
      <text>Section for Pathology, The Gade Institute, University of Bergen, 5021 Bergen, Norway</text>
    </affiliation>
    <affiliation id="aff.4">
      <text>Department of Pathology, Haukeland University Hospital, Bergen, Norway</text>
    </affiliation>
    <attribute key="email">
      <value>hagerman@online.no</value>
    </attribute>
    <contents>
      <file format="application/pdf" id="0" type="full-text">
        <location>yadda.pack:/archive/14779560/content/full-text/14779560.pdf</location>
      </file>
    </contents>
    <contributor institution="false" role="author">
      <affiliation-ref ref="aff.1" />
      <affiliation-ref ref="aff.2" />
      <name lang="und" type="forenames">Trygve</name>
      <name lang="und" type="surname">Brügger-Andersen</name>
      <name lang="und" type="canonical">Trygve Brügger-Andersen</name>
    </contributor>
    <contributor institution="false" role="author">
      <affiliation-ref ref="aff.4" />
      <affiliation-ref ref="aff.5" />
      <name lang="und" type="forenames">Leif</name>
      <name lang="und" type="surname">Bostad</name>
      <name lang="und" type="canonical">Leif Bostad</name>
    </contributor>
    <contributor institution="false" role="author">
      <affiliation-ref ref="aff.3" />
      <name lang="und" type="forenames">Dagny Ann</name>
      <name lang="und" type="surname">Sandnes</name>
      <name lang="und" type="canonical">Dagny Ann Sandnes</name>
    </contributor>
    <contributor institution="false" role="author">
      <affiliation-ref ref="aff.1" />
      <affiliation-ref ref="aff.2" />
      <name lang="und" type="forenames">Alf Inge</name>
      <name lang="und" type="surname">Larsen</name>
      <name lang="und" type="canonical">Alf Inge Larsen</name>
    </contributor>
    <contributor institution="false" role="author">
      <affiliation-ref ref="aff.1" />
      <affiliation-ref ref="aff.2" />
      <name lang="und" type="forenames">Vernon VS</name>
      <name lang="und" type="surname">Bonarjee</name>
      <name lang="und" type="canonical">Vernon VS Bonarjee</name>
    </contributor>
    <contributor institution="false" role="author">
      <affiliation-ref ref="aff.1" />
      <affiliation-ref ref="aff.2" />
      <name lang="und" type="forenames">Ståle</name>
      <name lang="und" type="surname">Barvik</name>
      <name lang="und" type="canonical">Ståle Barvik</name>
    </contributor>
    <contributor institution="false" role="author">
      <affiliation-ref ref="aff.1" />
      <affiliation-ref ref="aff.2" />
      <name lang="und" type="forenames">Tor</name>
      <name lang="und" type="surname">Melberg</name>
      <name lang="und" type="canonical">Tor Melberg</name>
    </contributor>
    <contributor institution="false" role="author">
      <affiliation-ref ref="aff.1" />
      <affiliation-ref ref="aff.2" />
      <name lang="und" type="forenames">Dennis WT</name>
      <name lang="und" type="surname">Nilsen</name>
      <name lang="und" type="canonical">Dennis WT Nilsen</name>
    </contributor>
    <date type="received" day="22" month="9" year="2009">22 September 2009</date>
    <date type="accepted" day="27" month="1" year="2010">27 January 2010</date>
    <date type="published" day="27" month="1" year="2010">27 January 2010</date>
    <description lang="und" type="abstract">Background: The expression of pregnancy-associated plasma protein A (PAPP-A) was identified by
immunohistochemistry (IHC) in culprit atherothrombotic plaque specimens harvested from patients admitted with
ST-segment elevation myocardial infarction (STEMI).
Methods: The atherothrombotic samples were collected from a consecutive cohort consisting of 20 individuals
admitted with STEMI to Stavanger University Hospital, Norway, from 2005-2006, presenting angiographically with
an acute thrombotic occlusion of a coronary artery characterized by TIMI flow 0. The atherothrombotic plaques
were obtained by aspiration thrombectomy during percutaneous coronary intervention within 12 hours from the
onset of symptoms and prepared for IHC analysis.
Results: In the IHC analysis staining for PAPP-A occurred in the extracellular matrix of the plaques and no evidence
of staining for PAPP-A was found in the thrombi.
Conclusion: Our results indicate that in vivo PAPP-A is strongly expressed in atherothrombotic plaques harvested
from patients admitted with STEMI, as documented by IHC.
Trial registrationbiobankregisteret@fhi.no1846</description>
    <id scheme="bwmeta1.id-class.DOI" value="10.1186/1477-9560-8-1" />
    <name lang="und">The activity of pregnancy-associated plasma protein A (PAPP-A) as expressed by immunohistochemistry in atherothrombotic plaques obtained by aspiration thrombectomy in patients presenting with a ST-elevation myocardial infarction: a brief communication</name>
    <structure hierarchy="bwmeta1.hierarchy-class.hierarchy_Journal">
      <ancestor level="bwmeta1.level.hierarchy_Journal_Journal">
        <name lang="und">Thrombosis Journal</name>
      </ancestor>
      <ancestor level="bwmeta1.level.hierarchy_Journal_Number">
        <name lang="und">1</name>
      </ancestor>
      <ancestor level="bwmeta1.level.hierarchy_Journal_Volume">
        <name lang="und">8</name>
      </ancestor>
      <current level="bwmeta1.level.hierarchy_Journal_Article" />
    </structure>
  </element>
</bwmeta>

