<?xml version="1.0" encoding="UTF-8"?>
<bwmeta xmlns="http://yadda.icm.edu.pl/bwmeta-2.1.0.xsd">
  <element id="14775956">
    <affiliation id="aff.default">
      <text>Institute of Organic Chemistry and Biochemistry, Academy of Sciences of the Czech Republic, vvi Flemingovo nám 2, 166 10 Praha, Czech Republic</text>
    </affiliation>
    <attribute key="email">
      <value>selicharova@uochb.cas.cz</value>
    </attribute>
    <contents>
      <file format="application/pdf" id="0" type="full-text">
        <location>yadda.pack:/archive/14775956/content/full-text/14775956.pdf</location>
      </file>
    </contents>
    <contributor institution="false" role="author">
      <affiliation-ref ref="aff.default" />
      <name lang="und" type="forenames">Alice</name>
      <name lang="und" type="surname">Masova</name>
      <name lang="und" type="canonical">Alice Masova</name>
    </contributor>
    <contributor institution="false" role="author">
      <affiliation-ref ref="aff.default" />
      <name lang="und" type="forenames">Miloslav</name>
      <name lang="und" type="surname">Sanda</name>
      <name lang="und" type="canonical">Miloslav Sanda</name>
    </contributor>
    <contributor institution="false" role="author">
      <affiliation-ref ref="aff.default" />
      <name lang="und" type="forenames">Jiri</name>
      <name lang="und" type="surname">Jiracek</name>
      <name lang="und" type="canonical">Jiri Jiracek</name>
    </contributor>
    <contributor institution="false" role="author">
      <affiliation-ref ref="aff.default" />
      <name lang="und" type="forenames">Irena</name>
      <name lang="und" type="surname">Selicharova</name>
      <name lang="und" type="canonical">Irena Selicharova</name>
    </contributor>
    <date type="received" day="3" month="9" year="2009">3 September 2009</date>
    <date type="accepted" day="13" month="1" year="2010">13 January 2010</date>
    <date type="published" day="13" month="1" year="2010">13 January 2010</date>
    <description lang="und" type="abstract">Background: Insects have an efficient self-defense system that is based on innate immunity. Recent findings have
disclosed many parallels between human and insect innate immunity, and simultaneously fine differences in the
processes between various species have been revealed. Studies on the immune systems of various insect species
may uncover the differences in their host defense strategies.
Results: We analyzed the proteomes of the hemocytes and fat bodies of Sarcophaga bullata larvae after infection
by Escherichia coli. The 2-DE gels of the hemocytes and fat bodies of infected larvae were compared with those of
aseptically injured larvae. Our analysis included the construction of protein maps of the hemocyte cells and cells
from fat bodies, the identification of the changed proteins, in response to infection, using LC-MS/MS, and the
estimation of the trends in expression of these proteins at three time points (30 min, 6 hours and 22 hours) after
infection. In total, seven changed spots were found in the hemocytes, and four changed spots were found in the
fat bodies. Three types of trends in protein expression were observed. Cofilin and transgelin were undetectable at
30 min after infection but were continuously up-regulated in the induced larvae after 22 hours. A
prophenoloxidase isoform and lectin subunit a were slightly up-regulated at 30 min after infection, and their
protein levels reached the highest points after 6 hours but decreased after 22 hours. T-Complex subunit a, GST,
ferritin-like protein and an anterior fat body protein (regucalcin homologue) were down-regulated at 22 hours after
infection.
Conclusions: Many proteins identified in our study corresponded to the proteins identified in other insects.
Compared to the former studies performed in insects, we presented 2-D protein maps of the hemocytes and fat
bodies and showed the trends in expression of the immune-elicited proteins.</description>
    <id scheme="bwmeta1.id-class.DOI" value="10.1186/1477-5956-8-1" />
    <name lang="und">Changes in the proteomes of the hemocytes and fat bodies of the flesh fly Sarcophaga bullata larvae after infection by Escherichia coli</name>
    <structure hierarchy="bwmeta1.hierarchy-class.hierarchy_Journal">
      <ancestor level="bwmeta1.level.hierarchy_Journal_Number">
        <name lang="und">1</name>
      </ancestor>
      <ancestor level="bwmeta1.level.hierarchy_Journal_Journal">
        <name lang="und">Proteome Science</name>
      </ancestor>
      <ancestor level="bwmeta1.level.hierarchy_Journal_Volume">
        <name lang="und">8</name>
      </ancestor>
      <current level="bwmeta1.level.hierarchy_Journal_Article" />
    </structure>
  </element>
</bwmeta>

