<?xml version="1.0" encoding="UTF-8"?>
<bwmeta xmlns="http://yadda.icm.edu.pl/bwmeta-2.1.0.xsd">
  <element id="14787954">
    <affiliation id="aff.1">
      <text>Centre for Global Health Research, Li Ka Shing Knowledge Institute, St Michael’s Hospital, Toronto, Ontario, Canada</text>
    </affiliation>
    <affiliation id="aff.3">
      <text>Centre for Global Health Research, St John’s Research Institute, Bangalore, Karnataka, India</text>
    </affiliation>
    <affiliation id="aff.2">
      <text>National AIDS Control Organization, Delhi, India</text>
    </affiliation>
    <affiliation id="aff.4">
      <text>National Institute of Malaria Research, Delhi, India</text>
    </affiliation>
    <attribute key="email">
      <value>aacohen1.bus@gmail.com</value>
    </attribute>
    <contents>
      <file format="application/pdf" id="0" type="full-text">
        <location>yadda.pack:/archive/14787954/content/full-text/14787954.pdf</location>
      </file>
    </contents>
    <contributor institution="false" role="author">
      <affiliation-ref ref="aff.1" />
      <name lang="und" type="forenames">Alan A</name>
      <name lang="und" type="surname">Cohen</name>
      <name lang="und" type="canonical">Alan A Cohen</name>
    </contributor>
    <contributor institution="false" role="author">
      <affiliation-ref ref="aff.2" />
      <name lang="und" type="forenames">Neeraj</name>
      <name lang="und" type="surname">Dhingra</name>
      <name lang="und" type="canonical">Neeraj Dhingra</name>
    </contributor>
    <contributor institution="false" role="author">
      <affiliation-ref ref="aff.3" />
      <name lang="und" type="forenames">Raju M</name>
      <name lang="und" type="surname">Jotkar</name>
      <name lang="und" type="canonical">Raju M Jotkar</name>
    </contributor>
    <contributor institution="false" role="author">
      <affiliation-ref ref="aff.1" />
      <name lang="und" type="forenames">Peter S</name>
      <name lang="und" type="surname">Rodriguez</name>
      <name lang="und" type="canonical">Peter S Rodriguez</name>
    </contributor>
    <contributor institution="false" role="author">
      <affiliation-ref ref="aff.4" />
      <name lang="und" type="forenames">Vinod P</name>
      <name lang="und" type="surname">Sharma</name>
      <name lang="und" type="canonical">Vinod P Sharma</name>
    </contributor>
    <contributor institution="false" role="author">
      <affiliation-ref ref="aff.1" />
      <name lang="und" type="forenames">Prabhat</name>
      <name lang="und" type="surname">Jha</name>
      <name lang="und" type="canonical">Prabhat Jha</name>
    </contributor>
    <date type="received" day="2" month="7" year="2009">2 July 2009</date>
    <date type="accepted" day="11" month="2" year="2010">11 February 2010</date>
    <date type="published" day="11" month="2" year="2010">11 February 2010</date>
    <description lang="und" type="abstract">Background: Malaria in India has been difficult to measure. Mortality and morbidity are not comprehensively
reported, impeding efforts to track changes in disease burden. However, a set of blood measures has been
collected regularly by the National Malaria Control Program in most districts since 1958.
Methods: Here, we use principal components analysis to combine these measures into a single index, the
Summary Index of Malaria Surveillance (SIMS), and then test its temporal and geographic stability using subsets of
the data.
Results: The SIMS correlates positively with all its individual components and with external measures of mortality
and morbidity. It is highly consistent and stable over time (1995-2005) and regions of India. It includes measures of
both vivax and falciparum malaria, with vivax dominant at lower transmission levels and falciparum dominant at
higher transmission levels, perhaps due to ecological specialization of the species.
Conclusions: This measure should provide a useful tool for researchers looking to summarize geographic or
temporal trends in malaria in India, and can be readily applied by administrators with no mathematical or scientific
background. We include a spreadsheet that allows simple calculation of the index for researchers and local
administrators. Similar principles are likely applicable worldwide, though further validation is needed before using
the SIMS outside India.</description>
    <id scheme="bwmeta1.id-class.DOI" value="10.1186/1478-7954-8-1" />
    <name lang="und">The Summary Index of Malaria Surveillance (SIMS): a stable index of malaria within India</name>
    <structure hierarchy="bwmeta1.hierarchy-class.hierarchy_Journal">
      <ancestor level="bwmeta1.level.hierarchy_Journal_Number">
        <name lang="und">1</name>
      </ancestor>
      <ancestor level="bwmeta1.level.hierarchy_Journal_Journal">
        <name lang="und">Population Health Metrics</name>
      </ancestor>
      <ancestor level="bwmeta1.level.hierarchy_Journal_Volume">
        <name lang="und">8</name>
      </ancestor>
      <current level="bwmeta1.level.hierarchy_Journal_Article" />
    </structure>
  </element>
</bwmeta>

