<?xml version="1.0" encoding="UTF-8"?>
<bwmeta xmlns="http://yadda.icm.edu.pl/bwmeta-2.1.0.xsd">
  <element id="14795876">
    <affiliation id="aff.1">
      <text>Faculty of Health Science and Medicine, Population Health and Neuroimmunology Unit, Bond University, Robina, Queensland, Australia</text>
    </affiliation>
    <affiliation id="aff.3">
      <text>Queensland Health, Gold Coast Population Health Unit, Southport, Gold Coast, Queensland, Australia</text>
    </affiliation>
    <affiliation id="aff.2">
      <text>Faculty of Health Science and Medicine, Bond University, Robina, Queensland, Australia</text>
    </affiliation>
    <affiliation id="aff.4">
      <text>Department of Physiology, Akdeniz University Faculty of Medicine, Antalya, Turkey</text>
    </affiliation>
    <attribute key="email">
      <value>ebrenu@student.bond.edu.au</value>
    </attribute>
    <contents>
      <file format="application/pdf" id="0" type="full-text">
        <location>yadda.pack:/archive/14795876/content/full-text/14795876.pdf</location>
      </file>
    </contents>
    <contributor institution="false" role="author">
      <affiliation-ref ref="aff.1" />
      <affiliation-ref ref="aff.2" />
      <name lang="und" type="forenames">Ekua W</name>
      <name lang="und" type="surname">Brenu</name>
      <name lang="und" type="canonical">Ekua W Brenu</name>
    </contributor>
    <contributor institution="false" role="author">
      <affiliation-ref ref="aff.1" />
      <affiliation-ref ref="aff.3" />
      <name lang="und" type="forenames">Donald R</name>
      <name lang="und" type="surname">Staines</name>
      <name lang="und" type="canonical">Donald R Staines</name>
    </contributor>
    <contributor institution="false" role="author">
      <affiliation-ref ref="aff.4" />
      <name lang="und" type="forenames">Oguz K</name>
      <name lang="und" type="surname">Baskurt</name>
      <name lang="und" type="canonical">Oguz K Baskurt</name>
    </contributor>
    <contributor institution="false" role="author">
      <affiliation-ref ref="aff.2" />
      <name lang="und" type="forenames">Kevin J</name>
      <name lang="und" type="surname">Ashton</name>
      <name lang="und" type="canonical">Kevin J Ashton</name>
    </contributor>
    <contributor institution="false" role="author">
      <affiliation-ref ref="aff.2" />
      <name lang="und" type="forenames">Sandra B</name>
      <name lang="und" type="surname">Ramos</name>
      <name lang="und" type="canonical">Sandra B Ramos</name>
    </contributor>
    <contributor institution="false" role="author">
      <affiliation-ref ref="aff.2" />
      <name lang="und" type="forenames">Rhys M</name>
      <name lang="und" type="surname">Christy</name>
      <name lang="und" type="canonical">Rhys M Christy</name>
    </contributor>
    <contributor institution="false" role="author">
      <affiliation-ref ref="aff.1" />
      <affiliation-ref ref="aff.2" />
      <name lang="und" type="forenames">Sonya M</name>
      <name lang="und" type="surname">Marshall-Gradisnik</name>
      <name lang="und" type="canonical">Sonya M Marshall-Gradisnik</name>
    </contributor>
    <date type="received" day="26" month="6" year="2009">26 June 2009</date>
    <date type="accepted" day="11" month="1" year="2010">11 January 2010</date>
    <date type="published" day="11" month="1" year="2010">11 January 2010</date>
    <description lang="und" type="abstract">Background: Chronic Fatigue Syndrome (CFS) is a multifactorial disorder that affects various physiological systems
including immune and neurological systems. The immune system has been substantially examined in CFS with
equivocal results, however, little is known about the role of neutrophils and natural killer (NK) phenotypes in the
pathomechanism of this disorder. Additionally the role of erythrocyte rheological characteristics in CFS has not
been fully expounded. The objective of this present study was to determine deficiencies in lymphocyte function
and erythrocyte rheology in CFS patients.
Methods: Flow cytometric measurements were performed for neutrophil function, lymphocyte numbers, NK
phenotypes (CD56dimCD16+ and CD56brightCD16-) and NK cytotoxic activity. Erythrocyte aggregation, deformability
and fibrinogen levels were also assessed.
Results: CFS patients (n = 10) had significant decreases in neutrophil respiratory burst, NK cytotoxic activity and
CD56brightCD16- NK phenotypes in comparison to healthy controls (n = 10). However, hemorheological
characteristic, aggregation, deformability, fibrinogen, lymphocyte numbers and CD56dimCD16+ NK cells were similar
between the two groups.
Conclusion: These results indicate immune dysfunction as potential contributors to the mechanism of CFS, as
indicated by decreases in neutrophil respiratory burst, NK cell activity and NK phenotypes. Thus, immune cell
function and phenotypes may be important diagnostic markers for CFS. The absence of rheological changes may
indicate no abnormalities in erythrocytes of CFS patients.</description>
    <id scheme="bwmeta1.id-class.DOI" value="10.1186/1479-5876-8-1" />
    <name lang="und">Immune and hemorheological changes in Chronic Fatigue Syndrome</name>
    <structure hierarchy="bwmeta1.hierarchy-class.hierarchy_Journal">
      <ancestor level="bwmeta1.level.hierarchy_Journal_Journal">
        <name lang="und">Journal of Translational Medicine</name>
      </ancestor>
      <ancestor level="bwmeta1.level.hierarchy_Journal_Number">
        <name lang="und">1</name>
      </ancestor>
      <ancestor level="bwmeta1.level.hierarchy_Journal_Volume">
        <name lang="und">8</name>
      </ancestor>
      <current level="bwmeta1.level.hierarchy_Journal_Article" />
    </structure>
  </element>
</bwmeta>

