<?xml version="1.0" encoding="UTF-8"?>
<bwmeta xmlns="http://yadda.icm.edu.pl/bwmeta-2.1.0.xsd">
  <element id="15460096">
    <affiliation id="def">
      <text>Department of Pediatrics, University of Western Ontario, Ontario, Canada</text>
    </affiliation>
    <attribute key="email">
      <value>guido.filler@lhsc.on.ca</value>
    </attribute>
    <contents>
      <file format="application/pdf" id="0" type="full-text">
        <location>yadda.pack:/archive/15460096/content/full-text/15460096.pdf</location>
      </file>
    </contents>
    <contributor institution="false" role="author">
      <affiliation-ref ref="aff.default" />
      <name lang="und" type="forenames">Guido</name>
      <name lang="und" type="surname">Filler</name>
      <name lang="und" type="canonical">Guido Filler</name>
    </contributor>
    <contributor institution="false" role="author">
      <affiliation-ref ref="aff.default" />
      <name lang="und" type="forenames">Ajay Parkash</name>
      <name lang="und" type="surname">Sharma</name>
      <name lang="und" type="canonical">Ajay Parkash Sharma</name>
    </contributor>
    <contributor institution="false" role="author">
      <affiliation-ref ref="aff.default" />
      <name lang="und" type="forenames">Deborah M</name>
      <name lang="und" type="surname">Levy</name>
      <name lang="und" type="canonical">Deborah M Levy</name>
    </contributor>
    <contributor institution="false" role="author">
      <affiliation-ref ref="aff.default" />
      <name lang="und" type="forenames">Abeer</name>
      <name lang="und" type="surname">Yasin</name>
      <name lang="und" type="canonical">Abeer Yasin</name>
    </contributor>
    <date type="received" day="1" month="10" year="2009">1 October 2009</date>
    <date type="accepted" day="4" month="1" year="2010">4 January 2010</date>
    <date type="published" day="4" month="1" year="2010">4 January 2010</date>
    <description lang="und" type="abstract">Background: Therapy with mycophenolate mofetil (MMF) has become a valuable therapeutic option in children
with autoimmune disease. MMF prescription in children with autoimmune diseases differs from that in transplant
recipients in terms of different dosing regimen, and concomitant administration of other immunosuppressive
medications. Recently, another formulation of the same active compound, mycophenolic acid (MPA), has become
available as enteric-coated Mycophenolate Sodium (EC-MPS). Dosing and pharmacokinetics of EC-MPS in pediatric
autoimmune disease have never been studied.
Methods: We therefore performed a pilot study on 6 patients, who were treated with EC-MPS. All patients
underwent 1-2 full 10-point pharmacokinetic (PK) profiles over a 12-hour dosing interval. We compared the results
with that of 22 similar patients on MMF therapy.
Results: Median EC-MPS dose was 724 mg/m2 (range 179-933 mg/m2). The MPA Area-Under-The-(Time-
Concentration)-Curves (AUCs) on MMF and EC-MPS were comparable (54.4 mg × h/L on MMF and 44.0 mg × h/L
on EC-MPS, n.s., Mann Whitney). After correcting for bioequivalence, the dose-normalized AUCs were also similar
on both the formulations. However, PK profiles on EC-MPS were quite random, and time to maximum
concentration varied from 30 minutes to 720 minutes. The concentration at six-hour correlated best with the AUC.
This was different from a homogenous PK-profile on MPA.
Conclusions: EC-MPS has a different PK profile from MMF. The data suggest that patients on EC-MPS must
undergo a complete PK profile to assess adequate exposure. The 6-hour concentration provides an estimate of the
exposure and should be targeted between 3-4 mg/L.</description>
    <id scheme="bwmeta1.id-class.DOI" value="10.1186/1546-0096-8-1" />
    <name lang="und">Random pharmacokinetic profiles of EC-MPS in children with autoim mune disease</name>
    <structure hierarchy="bwmeta1.hierarchy-class.hierarchy_Journal">
      <ancestor level="bwmeta1.level.hierarchy_Journal_Number">
        <name lang="und">1</name>
      </ancestor>
      <ancestor level="bwmeta1.level.hierarchy_Journal_Journal">
        <name lang="und">Pediatric Rheumatology</name>
      </ancestor>
      <ancestor level="bwmeta1.level.hierarchy_Journal_Volume">
        <name lang="und">8</name>
      </ancestor>
      <current level="bwmeta1.level.hierarchy_Journal_Article" />
    </structure>
  </element>
</bwmeta>

