<?xml version="1.0" encoding="UTF-8"?>
<bwmeta xmlns="http://yadda.icm.edu.pl/bwmeta-2.1.0.xsd">
  <element id="15502783">
    <affiliation id="aff.1">
      <text>Department of Biology of Physical Activity, University of Jyväskylä, Jyväskylä, Finland</text>
    </affiliation>
    <affiliation id="aff.3">
      <text>Orthopaedic Department, Gisborne Hospital, New Zealand</text>
    </affiliation>
    <affiliation id="aff.2">
      <text>Hospital Orton, Helsinki, Finland</text>
    </affiliation>
    <affiliation id="aff.4">
      <text>Department of Alcohol, Drugs and Addiction, National Institute for Health and Welfare, Helsinki, Finland</text>
    </affiliation>
    <attribute key="email">
      <value>antti.mero@sport.jyu.fi</value>
    </attribute>
    <contents>
      <file format="application/pdf" id="0" type="full-text">
        <location>yadda.pack:/archive/15502783/content/full-text/15502783.pdf</location>
      </file>
    </contents>
    <contributor institution="false" role="author">
      <affiliation-ref ref="aff.1" />
      <name lang="und" type="forenames">Antti A</name>
      <name lang="und" type="surname">Mero</name>
      <name lang="und" type="canonical">Antti A Mero</name>
    </contributor>
    <contributor institution="false" role="author">
      <affiliation-ref ref="aff.1" />
      <name lang="und" type="forenames">Tuomo</name>
      <name lang="und" type="surname">Ojala</name>
      <name lang="und" type="canonical">Tuomo Ojala</name>
    </contributor>
    <contributor institution="false" role="author">
      <affiliation-ref ref="aff.1" />
      <name lang="und" type="forenames">Juha J</name>
      <name lang="und" type="surname">Hulmi</name>
      <name lang="und" type="canonical">Juha J Hulmi</name>
    </contributor>
    <contributor institution="false" role="author">
      <affiliation-ref ref="aff.1" />
      <name lang="und" type="forenames">Risto</name>
      <name lang="und" type="surname">Puurtinen</name>
      <name lang="und" type="canonical">Risto Puurtinen</name>
    </contributor>
    <contributor institution="false" role="author">
      <affiliation-ref ref="aff.2" />
      <affiliation-ref ref="aff.3" />
      <name lang="und" type="forenames">Tuomo AM</name>
      <name lang="und" type="surname">Karila</name>
      <name lang="und" type="canonical">Tuomo AM Karila</name>
    </contributor>
    <contributor institution="false" role="author">
      <affiliation-ref ref="aff.4" />
      <name lang="und" type="forenames">Timo</name>
      <name lang="und" type="surname">Seppälä</name>
      <name lang="und" type="canonical">Timo Seppälä</name>
    </contributor>
    <date type="received" day="21" month="10" year="2009">21 October 2009</date>
    <date type="accepted" day="5" month="1" year="2010">5 January 2010</date>
    <date type="published" day="5" month="1" year="2010">5 January 2010</date>
    <description lang="und" type="abstract">Background: Alfa-Hydroxy-isocaproic acid (HICA) is an end product of leucine metabolism in human tissues such
as muscle and connective tissue. According to the clinical and experimental studies, HICA can be considered as an
anti-catabolic substance. The present study investigated the effects of HICA supplementation on body composition,
delayed onset of muscle soreness (DOMS) and physical performance of athletes during a training period.
Methods: Fifteen healthy male soccer players (age 22.1+/-3.9 yr) volunteered for the 4-week double-blind study
during an intensive training period. The subjects in the group HICA (n = 8) received 583 mg of sodium salt of
HICA (corresponding 500 mg of HICA) mixed with liquid three times a day for 4 weeks, and those in the group
PLACEBO (n = 7) received 650 mg of maltodextrin mixed with liquid three times a day for the same period.
According to a weekly training schedule, they practiced soccer 3 - 4 times a week, had strength training 1 - 2
times a week, and had one soccer game during the study. The subjects were required to keep diaries on training,
nutrition, and symptoms of DOMS. Body composition was evaluated with a dual-energy X-ray absorptiometry
(DXA) before and after the 4-week period. Muscle strength and running velocity were measured with field tests.
Results: As compared to placebo, the HICA supplementation increased significantly body weight (p &lt; 0.005) and
whole lean body mass (p &lt; 0.05) while fat mass remained constant. The lean body mass of lower extremities
increased by 400 g in HICA but decreased by 150 g in PLACEBO during the study. This difference between the
groups was significant (p &lt; 0.01). The HICA supplementation decreased the whole body DOMS symptoms in the
4th week of the treatment (p &lt; 0.05) when compared to placebo. Muscle strength and running velocity did not
differ between the groups.
Conclusion: Already a 4-week HICA supplementation of 1.5 g a day leads to small increases in muscle mass during
an intensive training period in soccer athletes.</description>
    <id scheme="bwmeta1.id-class.DOI" value="10.1186/1550-2783-7-1" />
    <name lang="und">Effects of alfa-hydroxy-isocaproic acid on body composition, DOMS and performance in athletes</name>
    <structure hierarchy="bwmeta1.hierarchy-class.hierarchy_Journal">
      <ancestor level="bwmeta1.level.hierarchy_Journal_Journal">
        <name lang="und">Journal of the International Society of Sports Nutrition</name>
      </ancestor>
      <ancestor level="bwmeta1.level.hierarchy_Journal_Number">
        <name lang="und">1</name>
      </ancestor>
      <ancestor level="bwmeta1.level.hierarchy_Journal_Volume">
        <name lang="und">7</name>
      </ancestor>
      <current level="bwmeta1.level.hierarchy_Journal_Article" />
    </structure>
  </element>
</bwmeta>

