<?xml version="1.0" encoding="UTF-8"?>
<bwmeta xmlns="http://yadda.icm.edu.pl/bwmeta-2.1.0.xsd">
  <element id="1687952X">
    <affiliation id="aff.default">
      <text>Department of Mathematics and Statistics, York University, Toronto, Ontario, Canada M3J 1P3</text>
    </affiliation>
    <attribute key="email">
      <value>august@yorku.ca</value>
    </attribute>
    <attribute key="ArticleID">
      <value>139856</value>
    </attribute>
    <contents>
      <file format="application/pdf" id="0" type="full-text">
        <location>yadda.pack:/archive/1687952X/content/full-text/1687952X.pdf</location>
      </file>
    </contents>
    <contributor institution="false" role="author">
      <affiliation-ref ref="aff.default" />
      <name lang="und" type="forenames">A.</name>
      <name lang="und" type="surname">Wong</name>
      <name lang="und" type="canonical">A. Wong</name>
    </contributor>
    <contributor institution="false" role="editor">
      <name lang="und" type="forenames">Junbin B.</name>
      <name lang="und" type="surname">Gao</name>
      <name lang="und" type="canonical">Junbin B. Gao</name>
    </contributor>
    <date type="received" day="26" month="1" year="2010">26 January 2010</date>
    <date type="accepted" day="12" month="8" year="2010">12 August 2010</date>
    <date type="revised" day="22" month="6" year="2010">22 June 2010</date>
    <date type="published" year="2010">2010</date>
    <description lang="und" type="abstract">In introductory statistics texts, the power of the test of a one-sample mean when the variance is
known is widely discussed. However, when the variance is unknown, the power of the Student’s
t-test is seldom mentioned. In this note, a general methodology for obtaining inference concerning
a scalar parameter of interest of any exponential family model is proposed. The method is
then applied to the one-sample mean problem with unknown variance to obtain a 1−γ 100%
conﬁdence interval for the power of the Student’s t-test that detects the diﬀerence μ−μ0 . The
calculations require only the density and the cumulative distribution functions of thestandard
normal distribution. In addition, the methodology presented can also be applied to determine the
required sample size when the eﬀect size and the power of a size α test of mean are given.</description>
    <id scheme="bwmeta1.id-class.DOI" value="10.1155/2010/139856" />
    <name lang="und">A Note on Conﬁdence Interval for the Power of the One Sample t Test</name>
    <structure hierarchy="bwmeta1.hierarchy-class.hierarchy_Journal">
      <ancestor level="bwmeta1.level.hierarchy_Journal_Publisher">
        <name lang="und">Hindawi Publishing Corporation</name>
      </ancestor>
      <ancestor level="bwmeta1.level.hierarchy_Journal_Journal">
        <name lang="und">Journal of Probability and Statistics</name>
      </ancestor>
      <ancestor level="bwmeta1.level.hierarchy_Journal_Volume">
        <name lang="und">2010</name>
      </ancestor>
      <current level="bwmeta1.level.hierarchy_Journal_Article" />
    </structure>
  </element>
</bwmeta>

