<?xml version="1.0" encoding="UTF-8"?>
<bwmeta xmlns="http://yadda.icm.edu.pl/bwmeta-2.1.0.xsd">
  <element id="1687725X">
    <affiliation id="aff.3">
      <text>Dipartimento di Scienze Agrarie e degli Alimenti, Universita` degli Studi di Modena e Reggio Emilia, via Giovanni Amendola, 2 Padiglione Besta, 42122 Reggio Emilia, Italy</text>
    </affiliation>
    <affiliation id="aff.2">
      <text>SENSOR Laboratory, Department of Chemistry and Physics for Engineering and Materials, Brescia University and CNR-IDASC, via Valotti 9, I-25123 Brescia, Italy</text>
    </affiliation>
    <affiliation id="aff.1">
      <text>SSICA-Stazione Sperimentale per l’Industria delle Conserve Alimentari, Viale Tanara, 31/a, 43100 Parma, Italy</text>
    </affiliation>
    <attribute key="email">
      <value>matteo.falasconi@ing.unibs.it</value>
    </attribute>
    <attribute key="ArticleID">
      <value>143173</value>
    </attribute>
    <contents>
      <file format="application/pdf" id="0" type="full-text">
        <location>yadda.pack:/archive/1687725X/content/full-text/1687725X.pdf</location>
      </file>
    </contents>
    <contributor institution="false" role="author">
      <affiliation-ref ref="aff.1" />
      <name lang="und" type="forenames">Stefano</name>
      <name lang="und" type="surname">Cagnasso</name>
      <name lang="und" type="canonical">Stefano Cagnasso</name>
    </contributor>
    <contributor institution="false" role="author">
      <affiliation-ref ref="aff.2" />
      <name lang="und" type="forenames">Matteo</name>
      <name lang="und" type="surname">Falasconi</name>
      <name lang="und" type="canonical">Matteo Falasconi</name>
    </contributor>
    <contributor institution="false" role="author">
      <affiliation-ref ref="aff.1" />
      <name lang="und" type="forenames">Maria Paola</name>
      <name lang="und" type="surname">Previdi</name>
      <name lang="und" type="canonical">Maria Paola Previdi</name>
    </contributor>
    <contributor institution="false" role="author">
      <affiliation-ref ref="aff.1" />
      <name lang="und" type="forenames">Barbara</name>
      <name lang="und" type="surname">Franceschini</name>
      <name lang="und" type="canonical">Barbara Franceschini</name>
    </contributor>
    <contributor institution="false" role="author">
      <affiliation-ref ref="aff.1" />
      <name lang="und" type="forenames">Chiara</name>
      <name lang="und" type="surname">Cavalieri</name>
      <name lang="und" type="canonical">Chiara Cavalieri</name>
    </contributor>
    <contributor institution="false" role="author">
      <affiliation-ref ref="aff.2" />
      <affiliation-ref ref="aff.3" />
      <name lang="und" type="forenames">Veronica</name>
      <name lang="und" type="surname">Sberveglieri</name>
      <name lang="und" type="canonical">Veronica Sberveglieri</name>
    </contributor>
    <contributor institution="false" role="author">
      <affiliation-ref ref="aff.1" />
      <name lang="und" type="forenames">Pierpaolo</name>
      <name lang="und" type="surname">Rovere</name>
      <name lang="und" type="canonical">Pierpaolo Rovere</name>
    </contributor>
    <contributor institution="false" role="editor">
      <name lang="und" type="forenames">K.</name>
      <name lang="und" type="surname">Kalantar-Zadeh</name>
      <name lang="und" type="canonical">K. Kalantar-Zadeh</name>
    </contributor>
    <date type="received" day="23" month="9" year="2010">23 September 2010</date>
    <date type="accepted" day="1" month="11" year="2010">1 November 2010</date>
    <date type="published" year="2010">2010</date>
    <description lang="und" type="abstract">Early screening of Alicyclobacillus spp. in fruit juices is a major applicative goal for the food industry, since juice contamination can
lead to considerable loss of quality, and subsequently, to economic damages for juice producers. This paper presents an accurate
study to assess and conﬁrm the EOS507 electronic nose’s (EN) ability of diagnosing Alicyclobacillus acidoterrestris spoilage in
artiﬁcially contaminated fruit juices. The authors experimental results have shown that the EOS507 can early identify, just after 24
hours from inoculation, contaminated orange and pear juices with an excellent classiﬁcation rate close to 90% and with a detection
threshold as low as 103 cfu/ml. In apple juice the detection threshold was about 105 cfu/ml, thus requiring longer incubation times
(72 hours). PLS regression of EOS507 data can be also used to predict with fair accuracy the colony-forming units concentration
of the bacteria. These results were supported by the GC/MS/MS measurements of speciﬁc chemical markers, such as guaiacol.</description>
    <id scheme="bwmeta1.id-class.DOI" value="10.1155/2010/143173" />
    <name lang="und">Rapid Screening of Alicyclobacillus acidoterrestris Spoilage of Fruit Juices by Electronic Nose: A Conﬁrmation Study</name>
    <structure hierarchy="bwmeta1.hierarchy-class.hierarchy_Journal">
      <ancestor level="bwmeta1.level.hierarchy_Journal_Publisher">
        <name lang="und">Hindawi Publishing Corporation</name>
      </ancestor>
      <ancestor level="bwmeta1.level.hierarchy_Journal_Journal">
        <name lang="und">Journal of Sensors</name>
      </ancestor>
      <ancestor level="bwmeta1.level.hierarchy_Journal_Volume">
        <name lang="und">2010</name>
      </ancestor>
      <current level="bwmeta1.level.hierarchy_Journal_Article" />
    </structure>
  </element>
</bwmeta>

