<?xml version="1.0" encoding="UTF-8"?>
<bwmeta xmlns="http://yadda.icm.edu.pl/bwmeta-2.1.0.xsd">
  <element id="16879589">
    <affiliation id="aff.default">
      <text>Department of Reproductive Endocrinology, Women’s Hospital, School of Medicine, Zhejiang University, Hangzhou 310006, China</text>
    </affiliation>
    <attribute key="email">
      <value>jinfan@zju.edu.cn</value>
    </attribute>
    <attribute key="ArticleID">
      <value>120130</value>
    </attribute>
    <contents>
      <file format="application/pdf" id="0" type="full-text">
        <location>yadda.pack:/archive/16879589/content/full-text/16879589.pdf</location>
      </file>
    </contents>
    <contributor institution="false" role="author">
      <affiliation-ref ref="aff.default" />
      <name lang="und" type="forenames">Ning</name>
      <name lang="und" type="surname">Wang</name>
      <name lang="und" type="canonical">Ning Wang</name>
    </contributor>
    <contributor institution="false" role="author">
      <affiliation-ref ref="aff.default" />
      <name lang="und" type="forenames">Ying-Ming</name>
      <name lang="und" type="surname">Zheng</name>
      <name lang="und" type="canonical">Ying-Ming Zheng</name>
    </contributor>
    <contributor institution="false" role="author">
      <affiliation-ref ref="aff.default" />
      <name lang="und" type="forenames">Lei</name>
      <name lang="und" type="surname">Li</name>
      <name lang="und" type="canonical">Lei Li</name>
    </contributor>
    <contributor institution="false" role="author">
      <affiliation-ref ref="aff.default" />
      <name lang="und" type="forenames">Fan</name>
      <name lang="und" type="surname">Jin</name>
      <name lang="und" type="canonical">Fan Jin</name>
    </contributor>
    <contributor institution="false" role="editor">
      <name lang="und" type="forenames">Shi-Wen</name>
      <name lang="und" type="surname">Jiang</name>
      <name lang="und" type="canonical">Shi-Wen Jiang</name>
    </contributor>
    <date type="received" day="30" month="11" year="2009">30 November 2009</date>
    <date type="accepted" day="15" month="5" year="2010">15 May 2010</date>
    <date type="published" year="2010">2010</date>
    <description lang="und" type="abstract">Aneuploidy in pregnancy is known to increase with advanced maternal age (AMA) and associate with repeated implantation
failure (RIF), and repeated miscarriage (RM). Preimplantation genetic screening (PGS) has been introduced into clinical practice,
screening, and eliminating aneuploidy embryos, which can improve the chance of conceptions for infertility cases with poor
prognosis. These patients are a good target group to assess the possible beneﬁt of aneuploidy screening. Although practiced widely
throughout the world, there still exist some doubts about the eﬃcacy of this technique. Recent randomized trials were not as
desirable as we expected, suggesting that PGS needs to be reconsidered. The aim of this review is to discuss the eﬃcacy of PGS.</description>
    <id scheme="bwmeta1.id-class.DOI" value="10.1155/2010/120130" />
    <name lang="und">Preimplantation Genetic Screening: An Effective Testing for Infertile and Repeated Miscarriage Patients?</name>
    <structure hierarchy="bwmeta1.hierarchy-class.hierarchy_Journal">
      <ancestor level="bwmeta1.level.hierarchy_Journal_Publisher">
        <name lang="und">Hindawi Publishing Corporation</name>
      </ancestor>
      <ancestor level="bwmeta1.level.hierarchy_Journal_Journal">
        <name lang="und">Obstetrics and Gynecology International</name>
      </ancestor>
      <ancestor level="bwmeta1.level.hierarchy_Journal_Volume">
        <name lang="und">2010</name>
      </ancestor>
      <current level="bwmeta1.level.hierarchy_Journal_Article" />
    </structure>
  </element>
</bwmeta>

