<?xml version="1.0" encoding="UTF-8"?>
<bwmeta xmlns="http://yadda.icm.edu.pl/bwmeta-2.1.0.xsd">
  <element id="16875591">
    <affiliation id="aff.2">
      <text>Electrical and Computer Engineering Program, Texas A&amp;M University at Qatar, P.O. Box 23874, Doha, Qatar</text>
    </affiliation>
    <affiliation id="aff.1">
      <text>Chemical Engineering Program, Texas A&amp;M University at Qatar, P.O. Box 23874, Doha, Qatar</text>
    </affiliation>
    <attribute key="email">
      <value>mohamed.nounou@qatar.tamu.edu</value>
    </attribute>
    <attribute key="ArticleID">
      <value>217305</value>
    </attribute>
    <contents>
      <file format="application/pdf" id="0" type="full-text">
        <location>yadda.pack:/archive/16875591/content/full-text/16875591.pdf</location>
      </file>
    </contents>
    <contributor institution="false" role="author">
      <affiliation-ref ref="aff.1" />
      <name lang="und" type="forenames">Mohamed N.</name>
      <name lang="und" type="surname">Nounou</name>
      <name lang="und" type="canonical">Mohamed N. Nounou</name>
    </contributor>
    <contributor institution="false" role="author">
      <affiliation-ref ref="aff.2" />
      <name lang="und" type="forenames">Hazem N.</name>
      <name lang="und" type="surname">Nounou</name>
      <name lang="und" type="canonical">Hazem N. Nounou</name>
    </contributor>
    <contributor institution="false" role="editor">
      <name lang="und" type="forenames">Borut</name>
      <name lang="und" type="surname">Zupancic</name>
      <name lang="und" type="canonical">Borut Zupancic</name>
    </contributor>
    <date type="received" day="24" month="11" year="2009">24 November 2009</date>
    <date type="accepted" day="13" month="5" year="2010">13 May 2010</date>
    <date type="revised" day="25" month="3" year="2010">25 March 2010</date>
    <date type="published" year="2010">2010</date>
    <description lang="und" type="abstract">Nonlinear process models are widely used in various applications. In the absence of fundamental models, it is usually relied on
empirical models, which are estimated from measurements of the process variables. Unfortunately, measured data are usually
corrupted with measurement noise that degrades the accuracy of the estimated models. Multiscale wavelet-based representation
of data has been shown to be a powerful data analysis and feature extraction tool. In this paper, these characteristics of multiscale
representation are utilized to improve the estimation accuracy of the linear-in-the-parameters nonlinear model by developing a
multiscale nonlinear (MSNL) modeling algorithm. The main idea in this MSNL modeling algorithm is to decompose the data
at multiple scales, construct multiple nonlinear models at multiple scales, and then select among all scales the model which
best describes the process. The main advantage of the developed algorithm is that it integrates modeling and feature extraction
to improve the robustness of the estimated model to the presence of measurement noise in the data. This advantage of MSNL
modeling is demonstrated using a nonlinear reactor model.</description>
    <id scheme="bwmeta1.id-class.DOI" value="10.1155/2010/217305" />
    <name lang="und">Reduced Noise Effect in Nonlinear Model Estimation Using Multiscale Representation</name>
    <structure hierarchy="bwmeta1.hierarchy-class.hierarchy_Journal">
      <ancestor level="bwmeta1.level.hierarchy_Journal_Publisher">
        <name lang="und">Hindawi Publishing Corporation</name>
      </ancestor>
      <ancestor level="bwmeta1.level.hierarchy_Journal_Journal">
        <name lang="und">Modelling and Simulation in Engineering</name>
      </ancestor>
      <ancestor level="bwmeta1.level.hierarchy_Journal_Volume">
        <name lang="und">2010</name>
      </ancestor>
      <current level="bwmeta1.level.hierarchy_Journal_Article" />
    </structure>
  </element>
</bwmeta>

