<?xml version="1.0" encoding="UTF-8"?>
<bwmeta xmlns="http://yadda.icm.edu.pl/bwmeta-2.1.0.xsd">
  <element id="16879244">
    <affiliation id="aff.default">
      <text>Thermal Engines Laboratory, Department of Mechanical Engineering and Aeronautics, University of Patras, 26500 Rion-Patras, Greece</text>
    </affiliation>
    <attribute key="email">
      <value>dpgeorg@mech.upatras.gr</value>
    </attribute>
    <attribute key="ArticleID">
      <value>130692</value>
    </attribute>
    <contents>
      <file format="application/pdf" id="0" type="full-text">
        <location>yadda.pack:/archive/16879244/content/full-text/16879244.pdf</location>
      </file>
    </contents>
    <contributor institution="false" role="author">
      <affiliation-ref ref="aff.default" />
      <name lang="und" type="forenames">Demos P.</name>
      <name lang="und" type="surname">Georgiou</name>
      <name lang="und" type="canonical">Demos P. Georgiou</name>
    </contributor>
    <contributor institution="false" role="author">
      <affiliation-ref ref="aff.default" />
      <name lang="und" type="forenames">Nikolaos G.</name>
      <name lang="und" type="surname">Theodoropoulos</name>
      <name lang="und" type="canonical">Nikolaos G. Theodoropoulos</name>
    </contributor>
    <contributor institution="false" role="author">
      <affiliation-ref ref="aff.default" />
      <name lang="und" type="forenames">Kypros F.</name>
      <name lang="und" type="surname">Milidonis</name>
      <name lang="und" type="canonical">Kypros F. Milidonis</name>
    </contributor>
    <contributor institution="false" role="editor">
      <name lang="und" type="forenames">Pedro Jorge Martins</name>
      <name lang="und" type="surname">Coelho</name>
      <name lang="und" type="canonical">Pedro Jorge Martins Coelho</name>
    </contributor>
    <date type="received" day="1" month="12" year="2009">1 December 2009</date>
    <date type="accepted" day="5" month="5" year="2010">5 May 2010</date>
    <date type="published" year="2010">2010</date>
    <description lang="und" type="abstract">The Meletis-Georgiou is a patented Vane Rotary Engine concept that incorporates separate compression-expansion chambers
and a modiﬁed Otto (or Miller) cycle, characterized by (Exhaust) Gas Recirculation at elevated pressures. This is implemented
by transferring part of the expansion chamber volume into the compression one through the coordinated action of two vane
diaphragms. This results into a very high gas temperature at the end of the compression, something that permits autoignition
under all conditions for a Homogeneous Compression Ignition (HCCI) version of the engine. The relevant parametric analysis of
the ideal cycle shows that the new cycle gives ideal thermal eﬃciencies of the order of 60% to 70% under conditions corresponding
to homogeneous compression engines but at reduced pressures when compared against the corresponding Miller cycle.</description>
    <id scheme="bwmeta1.id-class.DOI" value="10.1155/2010/130692" />
    <name lang="und">Ideal Thermodynamic Cycle Analysis for the Meletis-Georgiou Vane Rotary Engine Concept</name>
    <structure hierarchy="bwmeta1.hierarchy-class.hierarchy_Journal">
      <ancestor level="bwmeta1.level.hierarchy_Journal_Publisher">
        <name lang="und">Hindawi Publishing Corporation</name>
      </ancestor>
      <ancestor level="bwmeta1.level.hierarchy_Journal_Journal">
        <name lang="und">Journal of Thermodynamics</name>
      </ancestor>
      <ancestor level="bwmeta1.level.hierarchy_Journal_Volume">
        <name lang="und">2010</name>
      </ancestor>
      <current level="bwmeta1.level.hierarchy_Journal_Article" />
    </structure>
  </element>
</bwmeta>

