<?xml version="1.0" encoding="UTF-8"?>
<bwmeta xmlns="http://yadda.icm.edu.pl/bwmeta-2.1.0.xsd">
  <element id="16879686">
    <affiliation id="aff.default">
      <text>Renal Unit, Department of Medicine, College of Medicine, UNTH, Enugu 400001, Nigeria</text>
    </affiliation>
    <attribute key="email">
      <value>ifeomaulasi@yahoo.co.uk</value>
    </attribute>
    <attribute key="ArticleID">
      <value>501957</value>
    </attribute>
    <contents>
      <file format="application/pdf" id="0" type="full-text">
        <location>yadda.pack:/archive/16879686/content/full-text/16879686.pdf</location>
      </file>
    </contents>
    <contributor institution="false" role="author">
      <affiliation-ref ref="aff.default" />
      <name lang="und" type="forenames">Ifeoma I.</name>
      <name lang="und" type="surname">Ulasi</name>
      <name lang="und" type="canonical">Ifeoma I. Ulasi</name>
    </contributor>
    <contributor institution="false" role="author">
      <affiliation-ref ref="aff.default" />
      <name lang="und" type="forenames">Chinwuba K.</name>
      <name lang="und" type="surname">Ijoma</name>
      <name lang="und" type="canonical">Chinwuba K. Ijoma</name>
    </contributor>
    <contributor institution="false" role="editor">
      <name lang="und" type="forenames">Marcel</name>
      <name lang="und" type="surname">Tanner</name>
      <name lang="und" type="canonical">Marcel Tanner</name>
    </contributor>
    <date type="received" day="16" month="11" year="2009">16 November 2009</date>
    <date type="accepted" day="4" month="3" year="2010">4 March 2010</date>
    <date type="revised" day="1" month="2" year="2010">1 February 2010</date>
    <date type="published" year="2010">2010</date>
    <description lang="und" type="abstract">Background. The magnitude of the problem of chronic kidney disease (CKD) is enormous, and the prevalence keeps rising. To
highlight the burden of CKD in developing countries, the authors looked at end-stage renal disease (ESRD) patients seen at the
University of Nigeria Teaching Hospital (UNTH), Enugu, South-East Nigeria. Method. ESRD patients seen from 01/05/1990 to
31/12/2003 were recruited. Records from A&amp;E Department, medical-out-patients, wards and dialysis unit were used. Results. A
total of 1001 male versus 537 female patients were reviewed. About 593 male versus 315 female patients had haemodialysis. The
mean age was 42.55 ± 15.43 years and 86.5% were &lt;60 years. Primary renal disease could not be determined in 51.6% while
hypertension and glomerulonephritis accounted for − 17.2% and 14.6%, respectively. Death from renal causes constituted 22.03%
of medical deaths. Conclusion. The prognosis for CKD patients in Nigeria is abysmal. Only few patients had renal-replacement-
therapy (RRT). The prohibitive cost precludes many patients. This underscores the need for preventive measures to reduce the
impact of CKD in the society.</description>
    <id scheme="bwmeta1.id-class.DOI" value="10.1155/2010/501957" />
    <name lang="und">The Enormity of Chronic Kidney Disease in Nigeria: The Situation in a Teaching Hospital in South-East Nigeria</name>
    <structure hierarchy="bwmeta1.hierarchy-class.hierarchy_Journal">
      <ancestor level="bwmeta1.level.hierarchy_Journal_Publisher">
        <name lang="und">Hindawi Publishing Corporation</name>
      </ancestor>
      <ancestor level="bwmeta1.level.hierarchy_Journal_Journal">
        <name lang="und">Journal of Tropical Medicine</name>
      </ancestor>
      <ancestor level="bwmeta1.level.hierarchy_Journal_Volume">
        <name lang="und">2010</name>
      </ancestor>
      <current level="bwmeta1.level.hierarchy_Journal_Article" />
    </structure>
  </element>
</bwmeta>

