<?xml version="1.0" encoding="UTF-8"?>
<bwmeta xmlns="http://yadda.icm.edu.pl/bwmeta-2.1.0.xsd">
  <element id="16876075">
    <affiliation id="aff.default">
      <text>Laboratory of Nuclear Installation Safety, Lithuanian Energy Institute, Breslaujos street 3, LT-44403 Kaunas, Lithuania</text>
    </affiliation>
    <attribute key="email">
      <value>uspuras@mail.lei.lt</value>
    </attribute>
    <attribute key="ArticleID">
      <value>102078</value>
    </attribute>
    <contents>
      <file format="application/pdf" id="0" type="full-text">
        <location>yadda.pack:/archive/16876075/content/full-text/16876075.pdf</location>
      </file>
    </contents>
    <contributor institution="false" role="author">
      <affiliation-ref ref="aff.default" />
      <name lang="und" type="forenames">E.</name>
      <name lang="und" type="surname">Usˇpuras</name>
      <name lang="und" type="canonical">E. Usˇpuras</name>
    </contributor>
    <contributor institution="false" role="editor">
      <name lang="und" type="forenames">Alessandro</name>
      <name lang="und" type="surname">Petruzzi</name>
      <name lang="und" type="canonical">Alessandro Petruzzi</name>
    </contributor>
    <date type="received" day="29" month="4" year="2009">29 April 2009</date>
    <date type="accepted" day="26" month="10" year="2009">26 October 2009</date>
    <date type="published" year="2010">2010</date>
    <description lang="und" type="abstract">Ignalina NPP is the only nuclear power plant in Lithuania consisting of two units, commissioned in 1983 and 1987. Unit 1 of
Ignalina NPP was shut down for decommissioning at the end of 2004 and Unit 2 is to be operated until the end of 2009. Both units
are equipped with channel-type graphite-moderated boiling water reactors RBMK-1500. The paper summarizing the results of
deterministic and probabilistic analyses is developed within 1991–2007 by specialists from Lithuanian Energy Institute. The main
operational safety aspects, including analyses performed according the Ignalina Safety Improvement Programs, development and
installation of the Second Shutdown System and Guidelines on Severe Accidents Management are discussed. Also the phenomena
related to the closure of the gap between fuel channel and graphite bricks, multiple fuel channel tube rupture, and containment
issues as well as implication of the external events to the Ignalina NPP safety are discussed separately.</description>
    <id scheme="bwmeta1.id-class.DOI" value="10.1155/2010/102078" />
    <name lang="und">State of the Art of the Ignalina RBMK-1500 Safety</name>
    <structure hierarchy="bwmeta1.hierarchy-class.hierarchy_Journal">
      <ancestor level="bwmeta1.level.hierarchy_Journal_Publisher">
        <name lang="und">Hindawi Publishing Corporation</name>
      </ancestor>
      <ancestor level="bwmeta1.level.hierarchy_Journal_Journal">
        <name lang="und">Science and Technology of Nuclear Installations</name>
      </ancestor>
      <ancestor level="bwmeta1.level.hierarchy_Journal_Volume">
        <name lang="und">2010</name>
      </ancestor>
      <current level="bwmeta1.level.hierarchy_Journal_Article" />
    </structure>
  </element>
</bwmeta>

