<?xml version="1.0" encoding="UTF-8"?>
<bwmeta xmlns="http://yadda.icm.edu.pl/bwmeta-2.1.0.xsd">
  <element id="16874757">
    <affiliation id="aff.2">
      <text>Department of Molecular Virology, Immunology and Medical Genetics, Ohio State University Medical Center, Columbus, OH 43210, USA</text>
    </affiliation>
    <affiliation id="aff.1">
      <text>Department of Neurology, Ohio State University Medical Center, Columbus, OH 43210, USA</text>
    </affiliation>
    <attribute key="email">
      <value>yuhong.yang@osumc.edu</value>
    </attribute>
    <attribute key="ArticleID">
      <value>104705</value>
    </attribute>
    <contents>
      <file format="application/pdf" id="0" type="full-text">
        <location>yadda.pack:/archive/16874757/content/full-text/16874757.pdf</location>
      </file>
    </contents>
    <contributor institution="false" role="author">
      <affiliation-ref ref="aff.1" />
      <name lang="und" type="forenames">Yuhong</name>
      <name lang="und" type="surname">Yang</name>
      <name lang="und" type="canonical">Yuhong Yang</name>
    </contributor>
    <contributor institution="false" role="author">
      <affiliation-ref ref="aff.2" />
      <name lang="und" type="forenames">Amy E.</name>
      <name lang="und" type="surname">Lovett-Racke</name>
      <name lang="und" type="canonical">Amy E. Lovett-Racke</name>
    </contributor>
    <contributor institution="false" role="author">
      <affiliation-ref ref="aff.1" />
      <name lang="und" type="forenames">Michael K.</name>
      <name lang="und" type="surname">Racke</name>
      <name lang="und" type="canonical">Michael K. Racke</name>
    </contributor>
    <contributor institution="false" role="editor">
      <name lang="und" type="forenames">Be`atrice</name>
      <name lang="und" type="surname">Desvergne</name>
      <name lang="und" type="canonical">Be`atrice Desvergne</name>
    </contributor>
    <date type="received" day="12" month="6" year="2010">12 June 2010</date>
    <date type="accepted" day="22" month="10" year="2010">22 October 2010</date>
    <date type="revised" day="14" month="9" year="2010">14 September 2010</date>
    <date type="published" year="2010">2010</date>
    <description lang="und" type="abstract">PPARs are members of the steroid hormone nuclear receptor superfamily and play an important role in regulating inﬂammation
as well as lipid metabolism. The PPAR subfamily has been deﬁned as PPARα, PPARβ/δ, and PPARγ, each with diﬀerent ligands,
target genes, and biological roles. PPARs regulate the expression of target inﬂammatory genes through mechanisms involving
both transactivation and transrepression. The anti-inﬂammatory properties of PPAR agonists have led to the investigation of
PPAR functions in regulating autoimmune encephalomyelitis. This paper will summarize some of the general mechanisms by
which PPARs regulate inﬂammatory gene expression and focus on the recent advances of PPAR regulation of autoimmune
encephalomyelitis.</description>
    <id scheme="bwmeta1.id-class.DOI" value="10.1155/2010/104705" />
    <name lang="und">Regulation of Immune Responses and Autoimmune Encephalomyelitis by PPARs</name>
    <structure hierarchy="bwmeta1.hierarchy-class.hierarchy_Journal">
      <ancestor level="bwmeta1.level.hierarchy_Journal_Publisher">
        <name lang="und">Hindawi Publishing Corporation</name>
      </ancestor>
      <ancestor level="bwmeta1.level.hierarchy_Journal_Journal">
        <name lang="und">PPAR Research</name>
      </ancestor>
      <ancestor level="bwmeta1.level.hierarchy_Journal_Volume">
        <name lang="und">2010</name>
      </ancestor>
      <current level="bwmeta1.level.hierarchy_Journal_Article" />
    </structure>
  </element>
</bwmeta>

