<?xml version="1.0" encoding="UTF-8"?>
<bwmeta xmlns="http://yadda.icm.edu.pl/bwmeta-2.1.0.xsd">
  <element id="16879678">
    <affiliation id="aff.default">
      <text>Department of Biology, Rutgers, The State University of New Jersey, Camden, NJ 08102, USA</text>
    </affiliation>
    <attribute key="email">
      <value>dshain@camden.rutgers.edu</value>
    </attribute>
    <attribute key="ArticleID">
      <value>145183</value>
    </attribute>
    <contents>
      <file format="application/pdf" id="0" type="full-text">
        <location>yadda.pack:/archive/16879678/content/full-text/16879678.pdf</location>
      </file>
    </contents>
    <contributor institution="false" role="author">
      <affiliation-ref ref="aff.default" />
      <name lang="und" type="forenames">Kristi A.</name>
      <name lang="und" type="surname">Hohenstein</name>
      <name lang="und" type="canonical">Kristi A. Hohenstein</name>
    </contributor>
    <contributor institution="false" role="author">
      <affiliation-ref ref="aff.default" />
      <name lang="und" type="forenames">Shirley A.</name>
      <name lang="und" type="surname">Lang</name>
      <name lang="und" type="canonical">Shirley A. Lang</name>
    </contributor>
    <contributor institution="false" role="author">
      <affiliation-ref ref="aff.default" />
      <name lang="und" type="forenames">Tej</name>
      <name lang="und" type="surname">Nuthulaganti</name>
      <name lang="und" type="canonical">Tej Nuthulaganti</name>
    </contributor>
    <contributor institution="false" role="author">
      <affiliation-ref ref="aff.default" />
      <name lang="und" type="forenames">Daniel H.</name>
      <name lang="und" type="surname">Shain</name>
      <name lang="und" type="canonical">Daniel H. Shain</name>
    </contributor>
    <contributor institution="false" role="editor">
      <name lang="und" type="forenames">Hannele T.</name>
      <name lang="und" type="surname">Ruohola-Baker</name>
      <name lang="und" type="canonical">Hannele T. Ruohola-Baker</name>
    </contributor>
    <date type="received" day="7" month="5" year="2009">7 May 2009</date>
    <date type="accepted" day="1" month="9" year="2009">1 September 2009</date>
    <date type="revised" day="28" month="8" year="2009">28 August 2009</date>
    <date type="published" year="2010">2010</date>
    <description lang="und" type="abstract">Leech embryogenesis is a model for investigating cellular and molecular processes of development. Due to the unusually large size
of embryonic stem cells (teloblasts: 50–300 μm) in the glossiphoniid leech, Theromyzon tessulatum, and the presence of identiﬁable
stem cell precursors (proteloblasts), we previously isolated a group of genes upregulated upon stem cell birth. In the current
study, we show that one of these genes, designated Theromyzon proliferation (Tpr), is required for normal stem cell genesis;
speciﬁcally, transient Tpr knockdown experiments conducted with antisense oligonucleotides and monitored by semiquantitative
RT-PCR, caused abnormal proteloblast proliferation leading to embryonic death, but did not overtly aﬀect neuroectodermal or
mesodermal stem cell development once these cells were born. Tpr encodes a large glutamine-rich (∼34%) domain that shares
compositional similarity with strong transcriptional enhancers many of which have been linked with trinucleotide repeat disorders
(e.g., Huntington’s).</description>
    <id scheme="bwmeta1.id-class.DOI" value="10.4061/2010/145183" />
    <name lang="und">A Glutamine-Rich Factor Affects Stem Cell Genesis in Leech</name>
    <structure hierarchy="bwmeta1.hierarchy-class.hierarchy_Journal">
      <ancestor level="bwmeta1.level.hierarchy_Journal_Publisher">
        <name lang="und">SAGE-Hindawi Access to Research</name>
      </ancestor>
      <ancestor level="bwmeta1.level.hierarchy_Journal_Journal">
        <name lang="und">Stem Cells International</name>
      </ancestor>
      <ancestor level="bwmeta1.level.hierarchy_Journal_Volume">
        <name lang="und">2010</name>
      </ancestor>
      <current level="bwmeta1.level.hierarchy_Journal_Article" />
    </structure>
  </element>
</bwmeta>

