<?xml version="1.0" encoding="UTF-8"?>
<bwmeta xmlns="http://yadda.icm.edu.pl/bwmeta-2.1.0.xsd">
  <element id="16875443">
    <affiliation id="aff.2">
      <text>Laboratory of Neurosciences, National Institute on Aging Intramural Research Program, Baltimore, MD 21224, USA</text>
    </affiliation>
    <affiliation id="aff.1">
      <text>Department of Psychological and Brain Sciences, Johns Hopkins University, Ames Hall, 3400 N. Charles St., Baltimore, MD 21218, USA</text>
    </affiliation>
    <attribute key="email">
      <value>alexis.stranahan@jhu.edu</value>
    </attribute>
    <attribute key="ArticleID">
      <value>108190</value>
    </attribute>
    <contents>
      <file format="application/pdf" id="0" type="full-text">
        <location>yadda.pack:/archive/16875443/content/full-text/16875443.pdf</location>
      </file>
    </contents>
    <contributor institution="false" role="author">
      <affiliation-ref ref="aff.1" />
      <name lang="und" type="forenames">Alexis M.</name>
      <name lang="und" type="surname">Stranahan</name>
      <name lang="und" type="canonical">Alexis M. Stranahan</name>
    </contributor>
    <contributor institution="false" role="author">
      <affiliation-ref ref="aff.2" />
      <name lang="und" type="forenames">Mark P.</name>
      <name lang="und" type="surname">Mattson</name>
      <name lang="und" type="canonical">Mark P. Mattson</name>
    </contributor>
    <contributor institution="false" role="editor">
      <name lang="und" type="forenames">M. B.</name>
      <name lang="und" type="surname">Dutia</name>
      <name lang="und" type="canonical">M. B. Dutia</name>
    </contributor>
    <date type="received" day="24" month="8" year="2010">24 August 2010</date>
    <date type="accepted" day="26" month="10" year="2010">26 October 2010</date>
    <date type="published" year="2010">2010</date>
    <description lang="und" type="abstract">All neurons are not created equal. Certain cell populations in speciﬁc brain regions are more susceptible to age-related changes
that initiate regional and system-level dysfunction. In this respect, neurons in layer II of the entorhinal cortex are selectively
vulnerable in aging and Alzheimer’s disease (AD). This paper will cover several hypotheses that attempt to account for age-
related alterations among this cell population. We consider whether speciﬁc developmental, anatomical, or biochemical features
of neurons in layer II of the entorhinal cortex contribute to their particular sensitivity to aging and AD. The entorhinal cortex
is a functionally heterogeneous environment, and we will also review data suggesting that, within the entorhinal cortex, there is
subregional speciﬁcity for molecular alterations that may initiate cognitive decline. Taken together, the existing data point to a
regional cascade in which entorhinal cortical alterations directly contribute to downstream changes in its primary aﬀerent region,
the hippocampus.</description>
    <id scheme="bwmeta1.id-class.DOI" value="10.1155/2010/108190" />
    <name lang="und">Selective Vulnerability of Neurons in Layer II of the Entorhinal Cortex during Aging and Alzheimer’s Disease</name>
    <structure hierarchy="bwmeta1.hierarchy-class.hierarchy_Journal">
      <ancestor level="bwmeta1.level.hierarchy_Journal_Publisher">
        <name lang="und">Hindawi Publishing Corporation</name>
      </ancestor>
      <ancestor level="bwmeta1.level.hierarchy_Journal_Journal">
        <name lang="und">Neural Plasticity</name>
      </ancestor>
      <ancestor level="bwmeta1.level.hierarchy_Journal_Volume">
        <name lang="und">2010</name>
      </ancestor>
      <current level="bwmeta1.level.hierarchy_Journal_Article" />
    </structure>
  </element>
</bwmeta>

