<?xml version="1.0" encoding="UTF-8"?>
<bwmeta xmlns="http://yadda.icm.edu.pl/bwmeta-2.1.0.xsd">
  <element id="16878191">
    <affiliation id="aff.3">
      <text>Kitakyushu Museum of Natural History &amp; Human History, Kitakyushu 805-0071, Japan</text>
    </affiliation>
    <affiliation id="aff.2">
      <text>Cebu Technological University-Carmen Campus, 6005 Cebu, Philippines</text>
    </affiliation>
    <affiliation id="aff.1">
      <text>Department of Bioresource Science and Technology, Graduate School of Biosphere Science, Hiroshima University, 1-4-4 Kagamiyama, Higashi-Hiroshima, Hiroshima 739-8528, Japan</text>
    </affiliation>
    <affiliation id="aff.7">
      <text>Faculty of Fisheries, Kagoshima University, Kagoshima 890-0056, Japan</text>
    </affiliation>
    <affiliation id="aff.6">
      <text>College of Fisheries and Ocean Sciences, University of the Philippines in the Visayas, Iloilo 5023, Philippines</text>
    </affiliation>
    <affiliation id="aff.5">
      <text>Graduate School of Science and Technology, Nagasaki University, Nagasaki 852-8521, Japan</text>
    </affiliation>
    <affiliation id="aff.4">
      <text>Tokyo College of Pharmacy, Hachioji, Tokyo 192-0392, Japan</text>
    </affiliation>
    <attribute key="email">
      <value>asakawa@hiroshima-u.ac.jp</value>
    </attribute>
    <attribute key="ArticleID">
      <value>172367</value>
    </attribute>
    <contents>
      <file format="application/pdf" id="0" type="full-text">
        <location>yadda.pack:/archive/16878191/content/full-text/16878191.pdf</location>
      </file>
    </contents>
    <contributor institution="false" role="author">
      <affiliation-ref ref="aff.1" />
      <name lang="und" type="forenames">Manabu</name>
      <name lang="und" type="surname">Asakawa</name>
      <name lang="und" type="canonical">Manabu Asakawa</name>
    </contributor>
    <contributor institution="false" role="author">
      <affiliation-ref ref="aff.2" />
      <name lang="und" type="forenames">Gloria</name>
      <name lang="und" type="surname">Gomez-Delan</name>
      <name lang="und" type="canonical">Gloria Gomez-Delan</name>
    </contributor>
    <contributor institution="false" role="author">
      <affiliation-ref ref="aff.1" />
      <name lang="und" type="forenames">Shintaro</name>
      <name lang="und" type="surname">Tsuruda</name>
      <name lang="und" type="canonical">Shintaro Tsuruda</name>
    </contributor>
    <contributor institution="false" role="author">
      <affiliation-ref ref="aff.3" />
      <name lang="und" type="forenames">Michitaka</name>
      <name lang="und" type="surname">Shimomura</name>
      <name lang="und" type="canonical">Michitaka Shimomura</name>
    </contributor>
    <contributor institution="false" role="author">
      <affiliation-ref ref="aff.4" />
      <name lang="und" type="forenames">Yasuo</name>
      <name lang="und" type="surname">Shida</name>
      <name lang="und" type="canonical">Yasuo Shida</name>
    </contributor>
    <contributor institution="false" role="author">
      <affiliation-ref ref="aff.5" />
      <name lang="und" type="forenames">Shigeto</name>
      <name lang="und" type="surname">Taniyama</name>
      <name lang="und" type="canonical">Shigeto Taniyama</name>
    </contributor>
    <contributor institution="false" role="author">
      <affiliation-ref ref="aff.6" />
      <name lang="und" type="forenames">Mercy</name>
      <name lang="und" type="surname">Barte-Quilantang</name>
      <name lang="und" type="canonical">Mercy Barte-Quilantang</name>
    </contributor>
    <contributor institution="false" role="author">
      <affiliation-ref ref="aff.7" />
      <name lang="und" type="forenames">Jo</name>
      <name lang="und" type="surname">Shindo</name>
      <name lang="und" type="canonical">Jo Shindo</name>
    </contributor>
    <contributor institution="false" role="editor">
      <name lang="und" type="forenames">Virginia</name>
      <name lang="und" type="surname">Moser</name>
      <name lang="und" type="canonical">Virginia Moser</name>
    </contributor>
    <date type="received" day="15" month="3" year="2010">15 March 2010</date>
    <date type="accepted" day="28" month="10" year="2010">28 October 2010</date>
    <date type="revised" day="6" month="7" year="2010">6 July 2010</date>
    <date type="published" year="2010">2010</date>
    <description lang="und" type="abstract">Several cases of poisoning resulting in human fatalities and stemming from the ingestion of coral reef crabs have been reported
from the Indo-Paciﬁc region. We assessed the toxicity of the unidentiﬁed xanthid crab collected from the Camotes Sea oﬀ the
eastern coast of Cebu Island, central Visayas region of Philippines from the food hygienic point of view. All seven specimens, which
were identiﬁed with Demania cultripes, collected in 2006 were toxic to mice irrespective of the season of collection and induced
paralytic symptoms typical of tetrodotoxin (TTX) and paralytic shellﬁsh poison (PSP). The activity was expressed in mouse unit
(MU) being deﬁned as the amount of TTX to kill a 20 g ddY male mice in 30 min after i.p. injection. Toxicity scores for viscera
and appendages of specimens were 18.2 ± 16.0 (mean ± S.D.) and 4.4 ± 2.6 MU/g, respectively. The highest individual toxicity
scores observed for viscera and appendages were 52.1 and 7.7 MU/g, respectively. The frequency of toxic samples was 100%.
Toxin proﬁles as determined by high-performance liquid chromatography-ﬂuorescent detection analysis (HPLC-FLD) revealed
that TTX was the main toxic principle accounting for about 90% of the total toxicity along with 4-epi TTX and 4,9-anhydroTTX.
Furthermore, gas chromatography-mass spectrometry (GC-MS) analysis revealed mass fragment ion peaks at m/z 376, 392 and
407, which were characteristic of the quinazoline skeleton (C9-base) speciﬁc to TTX. In addition, only a small amount of PSP
containing gonyautoxins1–4 and hydroxysaxitoxin was detected. To our knowledge, this is the ﬁrst report presenting evidence of
occurrence of TTX and PSP in the xanthid crab D. cultripes inhabiting waters surrounding Cebu Island. From food hygienic point
of view, people in coastal areas should be warned of the potential hazard of this crab in order to prevent its intentional or accidental
consumption.</description>
    <id scheme="bwmeta1.id-class.DOI" value="10.1155/2010/172367" />
    <name lang="und">Toxicity Assessment of the Xanthid Crab Demania cultripes from Cebu Island, Philippines</name>
    <structure hierarchy="bwmeta1.hierarchy-class.hierarchy_Journal">
      <ancestor level="bwmeta1.level.hierarchy_Journal_Publisher">
        <name lang="und">Hindawi Publishing Corporation</name>
      </ancestor>
      <ancestor level="bwmeta1.level.hierarchy_Journal_Journal">
        <name lang="und">Journal of Toxicology</name>
      </ancestor>
      <ancestor level="bwmeta1.level.hierarchy_Journal_Volume">
        <name lang="und">2010</name>
      </ancestor>
      <current level="bwmeta1.level.hierarchy_Journal_Article" />
    </structure>
  </element>
</bwmeta>

