<?xml version="1.0" encoding="UTF-8"?>
<bwmeta xmlns="http://yadda.icm.edu.pl/bwmeta-2.1.0.xsd">
  <element id="16871820">
    <affiliation id="aff.default">
      <text>School of Mathematical Sciences, Qufu Normal University, Qufu 273165, China</text>
    </affiliation>
    <attribute key="email">
      <value>wangliguang0510@163.com</value>
    </attribute>
    <attribute key="ArticleID">
      <value>107182</value>
    </attribute>
    <contents>
      <file format="application/pdf" id="0" type="full-text">
        <location>yadda.pack:/archive/16871820/content/full-text/16871820.pdf</location>
      </file>
    </contents>
    <contributor institution="false" role="author">
      <affiliation-ref ref="aff.default" />
      <name lang="und" type="forenames">Liguang</name>
      <name lang="und" type="surname">Wang</name>
      <name lang="und" type="canonical">Liguang Wang</name>
    </contributor>
    <contributor institution="false" role="editor">
      <name lang="und" type="forenames">B.</name>
      <name lang="und" type="surname">Rhoades</name>
      <name lang="und" type="canonical">B. Rhoades</name>
    </contributor>
    <date type="received" day="6" month="10" year="2010">6 October 2010</date>
    <date type="accepted" day="23" month="12" year="2010">23 December 2010</date>
    <date type="published" year="2010">2010</date>
    <description lang="und" type="abstract">We consider the intuitionistic fuzzy stability of the quadratic functional equation f kx y f kx−
y 2k2f x 2f y by using the ﬁxed point alternative, where k is a positive integer.</description>
    <id scheme="bwmeta1.id-class.DOI" value="10.1155/2010/107182" />
    <name lang="und">Intuitionistic Fuzzy Stability of a Quadratic Functional Equation</name>
    <structure hierarchy="bwmeta1.hierarchy-class.hierarchy_Journal">
      <ancestor level="bwmeta1.level.hierarchy_Journal_Publisher">
        <name lang="und">Hindawi Publishing Corporation</name>
      </ancestor>
      <ancestor level="bwmeta1.level.hierarchy_Journal_Journal">
        <name lang="und">Fixed Point Theory and Applications</name>
      </ancestor>
      <ancestor level="bwmeta1.level.hierarchy_Journal_Volume">
        <name lang="und">2010</name>
      </ancestor>
      <current level="bwmeta1.level.hierarchy_Journal_Article" />
    </structure>
  </element>
</bwmeta>

