<?xml version="1.0" encoding="UTF-8"?>
<bwmeta xmlns="http://yadda.icm.edu.pl/bwmeta-2.1.0.xsd">
  <element id="16879600">
    <affiliation id="aff.default">
      <text>Department of Computer and Mathematical Sciences, University of Houston-Downtown, One Main Street, Houston, TX 77002, USA</text>
    </affiliation>
    <attribute key="email">
      <value>turskij@uhd.edu</value>
    </attribute>
    <attribute key="ArticleID">
      <value>130285</value>
    </attribute>
    <contents>
      <file format="application/pdf" id="0" type="full-text">
        <location>yadda.pack:/archive/16879600/content/full-text/16879600.pdf</location>
      </file>
    </contents>
    <contributor institution="false" role="author">
      <affiliation-ref ref="aff.default" />
      <name lang="und" type="forenames">Jacek</name>
      <name lang="und" type="surname">Turski</name>
      <name lang="und" type="canonical">Jacek Turski</name>
    </contributor>
    <contributor institution="false" role="editor">
      <name lang="und" type="forenames">Noriyasu</name>
      <name lang="und" type="surname">Homma</name>
      <name lang="und" type="canonical">Noriyasu Homma</name>
    </contributor>
    <date type="received" day="21" month="9" year="2009">21 September 2009</date>
    <date type="accepted" day="8" month="2" year="2010">8 February 2010</date>
    <date type="revised" day="17" month="1" year="2010">17 January 2010</date>
    <date type="published" year="2010">2010</date>
    <description lang="und" type="abstract">Humans make about 3 saccades per second at the eyeball’s speed of 700 deg/sec to reposition the high-acuity fovea on the targets of
interest to build up understanding of a scene. The brain’s visuosaccadic circuitry uses the oculomotor command of each impending
saccade to shift receptive ﬁelds (RFs) to cortical locations before the eyes take them there, giving a continuous and stable view of
the world. We have developed a model for image representation based on projective Fourier transform (PFT) intended for robotic
vision, which may eﬃciently process visual information during the motion of a camera with silicon retina that resembles saccadic
eye movements. Here, the related neuroscience background is presented, eﬀectiveness of the conformal camera’s non-Euclidean
geometry in intermediate-level vision is discussed, and the algorithmic steps in modeling perisaccadic perception with PFT are
proposed. Our modeling utilizes basic properties of PFT. First, PFT is computable by FFT in complex logarithmic coordinates
that also approximate the retinotopy. Second, the shift of RFs in retinotopic (logarithmic) coordinates is modeled by the shift
property of discrete Fourier transform. The perisaccadic mislocalization observed by human subjects in laboratory experiments is
the consequence of the fact that RFs’ shifts are in logarithmic coordinates.</description>
    <id scheme="bwmeta1.id-class.DOI" value="10.1155/2010/130285" />
    <name lang="und">Robotic Vision with the Conformal Camera: Modeling Perisaccadic Perception</name>
    <structure hierarchy="bwmeta1.hierarchy-class.hierarchy_Journal">
      <ancestor level="bwmeta1.level.hierarchy_Journal_Publisher">
        <name lang="und">Hindawi Publishing Corporation</name>
      </ancestor>
      <ancestor level="bwmeta1.level.hierarchy_Journal_Journal">
        <name lang="und">Journal of Robotics</name>
      </ancestor>
      <ancestor level="bwmeta1.level.hierarchy_Journal_Volume">
        <name lang="und">2010</name>
      </ancestor>
      <current level="bwmeta1.level.hierarchy_Journal_Article" />
    </structure>
  </element>
</bwmeta>

