<?xml version="1.0" encoding="UTF-8"?>
<bwmeta xmlns="http://yadda.icm.edu.pl/bwmeta-2.1.0.xsd">
  <element id="16877632">
    <affiliation id="aff.default">
      <text>High Energy Astrophysics Division, Harvard-Smithsonian Center for Astrophysics, 60 Garden Street, MS-4, Cambridge, MA 02138, USA</text>
    </affiliation>
    <attribute key="email">
      <value>pgorenstein@cfa.harvard.edu</value>
    </attribute>
    <attribute key="ArticleID">
      <value>109740</value>
    </attribute>
    <contents>
      <file format="application/pdf" id="0" type="full-text">
        <location>yadda.pack:/archive/16877632/content/full-text/16877632.pdf</location>
      </file>
    </contents>
    <contributor institution="false" role="author">
      <affiliation-ref ref="aff.default" />
      <name lang="und" type="forenames">Paul</name>
      <name lang="und" type="surname">Gorenstein</name>
      <name lang="und" type="canonical">Paul Gorenstein</name>
    </contributor>
    <contributor institution="false" role="editor">
      <name lang="und" type="forenames">Stephen L.</name>
      <name lang="und" type="surname">O’Dell</name>
      <name lang="und" type="canonical">Stephen L. O’Dell</name>
    </contributor>
    <date type="received" day="28" month="2" year="2010">28 February 2010</date>
    <date type="accepted" day="12" month="10" year="2010">12 October 2010</date>
    <date type="published" year="2010">2010</date>
    <description lang="und" type="abstract">Focusing X-ray telescopes have been the most important factor in X-ray astronomy’s ascent to equality with optical and radio
astronomy. They are the prime tool for studying thermal emission from very high temperature regions, non-thermal synchrotron
radiation from very high energy particles in magnetic ﬁelds and inverse Compton scattering of lower energy photons into the X-ray
band. Four missions with focusing grazing incidence X-ray telescopes based upon the Wolter 1 geometry are currently operating in
space within the 0.2 to 10 keV band. Two observatory class missions have been operating since 1999 with both imaging capability
and high resolution dispersive spectrometers. They are NASA’s Chandra X-ray Observatory, which has an angular resolution of
0.5 arc seconds and an area of 0.1 m2 and ESA’s XMM-Newton which has 3 co-aligned telescopes with a combined eﬀective
area of 0.43 m2 and a resolution of 15 arc seconds. The two others are Japan’s Suzaku with lower spatial resolution and non-
dispersive spectroscopy and the XRT of Swift which observes and precisely positions the X-ray afterglows of gamma-ray bursts.
New missions include focusing telescopes with much broader bandwidth and telescopes that will perform a new sky survey. NASA,
ESA, and Japan’s space agency are collaborating in developing an observatory with very large eﬀective area for very high energy
resolution dispersive and non-dispersive spectroscopy. New technologies are required to improve upon the angular resolution of
Chandra. Adaptive optics should provide modest improvement. However, orders of magnitude improvement can be achieved only
by employing physical optics. Transmitting diﬀractive-refractive lenses are capable theoretically of achieving sub-milli arc second
resolution. X-ray interferometry could in theory achieve 0.1 micro arc second resolution, which is suﬃcient to image the event
horizon of super massive black holes at the center of nearby active galaxies. However, the physical optics systems have focal lengths
in the range 103 to 104 km and cannot be realized until the technology for accurately positioned long distance formation ﬂying
between optics and detector is developed.</description>
    <id scheme="bwmeta1.id-class.DOI" value="10.1155/2010/109740" />
    <name lang="und">Focusing X-Ray Optics for Astronomy</name>
    <structure hierarchy="bwmeta1.hierarchy-class.hierarchy_Journal">
      <ancestor level="bwmeta1.level.hierarchy_Journal_Publisher">
        <name lang="und">Hindawi Publishing Corporation</name>
      </ancestor>
      <ancestor level="bwmeta1.level.hierarchy_Journal_Journal">
        <name lang="und">X-Ray Optics and Instrumentation</name>
      </ancestor>
      <ancestor level="bwmeta1.level.hierarchy_Journal_Volume">
        <name lang="und">2010</name>
      </ancestor>
      <current level="bwmeta1.level.hierarchy_Journal_Article" />
    </structure>
  </element>
</bwmeta>

