<?xml version="1.0" encoding="UTF-8"?>
<bwmeta xmlns="http://yadda.icm.edu.pl/bwmeta-2.1.0.xsd">
  <element id="17424690">
    <affiliation id="aff.1">
      <text>Heinrich-Pette-Institute for Experimental Virology and Immunology, Martinistrasse 52, 20251 Hamburg, Germany</text>
    </affiliation>
    <affiliation id="aff.3">
      <text>Current address: Emory University, Atlanta GA 30322, USA</text>
    </affiliation>
    <affiliation id="aff.2">
      <text>Institute of Virology, University of Ulm, Albert-Einstein-Allee 11, 89081 Ulm, Germany</text>
    </affiliation>
    <attribute key="email">
      <value>michael.schindler@hpi.uni-hamburg.de</value>
    </attribute>
    <contents>
      <file format="application/pdf" id="0" type="full-text">
        <location>yadda.pack:/archive/17424690/content/full-text/17424690.pdf</location>
      </file>
    </contents>
    <contributor institution="false" role="author">
      <affiliation-ref ref="aff.1" />
      <name lang="und" type="forenames">Michael</name>
      <name lang="und" type="surname">Schindler</name>
      <name lang="und" type="canonical">Michael Schindler</name>
    </contributor>
    <contributor institution="false" role="author">
      <affiliation-ref ref="aff.2" />
      <affiliation-ref ref="aff.3" />
      <name lang="und" type="forenames">Devi</name>
      <name lang="und" type="surname">Rajan</name>
      <name lang="und" type="canonical">Devi Rajan</name>
    </contributor>
    <contributor institution="false" role="author">
      <affiliation-ref ref="aff.1" />
      <name lang="und" type="forenames">Carina</name>
      <name lang="und" type="surname">Banning</name>
      <name lang="und" type="canonical">Carina Banning</name>
    </contributor>
    <contributor institution="false" role="author">
      <affiliation-ref ref="aff.1" />
      <name lang="und" type="forenames">Peter</name>
      <name lang="und" type="surname">Wimmer</name>
      <name lang="und" type="canonical">Peter Wimmer</name>
    </contributor>
    <contributor institution="false" role="author">
      <affiliation-ref ref="aff.1" />
      <name lang="und" type="forenames">Herwig</name>
      <name lang="und" type="surname">Koppensteiner</name>
      <name lang="und" type="canonical">Herwig Koppensteiner</name>
    </contributor>
    <contributor institution="false" role="author">
      <affiliation-ref ref="aff.1" />
      <name lang="und" type="forenames">Alicja</name>
      <name lang="und" type="surname">Iwanski</name>
      <name lang="und" type="canonical">Alicja Iwanski</name>
    </contributor>
    <contributor institution="false" role="author">
      <affiliation-ref ref="aff.2" />
      <name lang="und" type="forenames">Anke</name>
      <name lang="und" type="surname">Specht</name>
      <name lang="und" type="canonical">Anke Specht</name>
    </contributor>
    <contributor institution="false" role="author">
      <affiliation-ref ref="aff.2" />
      <name lang="und" type="forenames">Daniel</name>
      <name lang="und" type="surname">Sauter</name>
      <name lang="und" type="canonical">Daniel Sauter</name>
    </contributor>
    <contributor institution="false" role="author">
      <affiliation-ref ref="aff.1" />
      <name lang="und" type="forenames">Thomas</name>
      <name lang="und" type="surname">Dobner</name>
      <name lang="und" type="canonical">Thomas Dobner</name>
    </contributor>
    <contributor institution="false" role="author">
      <affiliation-ref ref="aff.2" />
      <name lang="und" type="forenames">Frank</name>
      <name lang="und" type="surname">Kirchhoff</name>
      <name lang="und" type="canonical">Frank Kirchhoff</name>
    </contributor>
    <date type="received" day="31" month="8" year="2009">31 August 2009</date>
    <date type="accepted" day="15" month="1" year="2010">15 January 2010</date>
    <date type="published" day="15" month="1" year="2010">15 January 2010</date>
    <description lang="und" type="abstract">Background: The human immunodeficiency virus type 1 (HIV-1) Vpu protein degrades CD4 and counteracts a
restriction factor termed tetherin (CD317; Bst-2) to enhance virion release. It has been suggested that both
functions can be genetically separated by mutation of a serine residue at position 52. However, recent data
suggest that the S52 phosphorylation site is also important for the ability of Vpu to counteract tetherin. To clarify
this issue, we performed a comprehensive analysis of HIV-1 with a mutated casein kinase-II phosphorylation site in
Vpu in various cell lines, primary blood lymphocytes (PBL), monocyte-derived macrophages (MDM) and ex vivo
human lymphoid tissue (HLT).
Results: We show that mutation of serine 52 to alanine (S52A) entirely disrupts Vpu-mediated degradation of CD4
and strongly impairs its ability to antagonize tetherin. Furthermore, casein-kinase II inhibitors blocked the ability of
Vpu to degrade tetherin. Overall, Vpu S52A could only overcome low levels of tetherin, and its activity decreased in
a manner dependent on the amount of transiently or endogenously expressed tetherin. As a consequence, the
S52A Vpu mutant virus was unable to replicate in macrophages, which express high levels of this restriction factor.
In contrast, HIV-1 Vpu S52A caused CD4+ T-cell depletion and spread efficiently in ex vivo human lymphoid tissue
and PBL, most likely because these cells express comparably low levels of tetherin.
Conclusion: Our data explain why the effect of the S52A mutation in Vpu on virus release is cell-type dependent
and suggest that a reduced ability of Vpu to counteract tetherin impairs HIV-1 replication in macrophages, but not
in tissue CD4+ T cells.</description>
    <id scheme="bwmeta1.id-class.DOI" value="10.1186/1742-4690-7-1" />
    <name lang="und">Vpu serine 52 dependent counteraction of tetherin is required for HIV-1 replication in macrophages, but not in ex vivo human lymphoid tissue</name>
    <structure hierarchy="bwmeta1.hierarchy-class.hierarchy_Journal">
      <ancestor level="bwmeta1.level.hierarchy_Journal_Number">
        <name lang="und">1</name>
      </ancestor>
      <ancestor level="bwmeta1.level.hierarchy_Journal_Journal">
        <name lang="und">Retrovirology</name>
      </ancestor>
      <ancestor level="bwmeta1.level.hierarchy_Journal_Volume">
        <name lang="und">7</name>
      </ancestor>
      <current level="bwmeta1.level.hierarchy_Journal_Article" />
    </structure>
  </element>
</bwmeta>

