<?xml version="1.0" encoding="UTF-8"?>
<bwmeta xmlns="http://yadda.icm.edu.pl/bwmeta-2.1.0.xsd">
  <element id="17424682">
    <affiliation id="aff.1">
      <text>PRESTO, Japan Science and Technology Agency, Honcho 4-1-8, Kawaguchi, Saitama, 332-0012, Japan</text>
    </affiliation>
    <affiliation id="aff.3">
      <text>Mathematical and Computational Modeling Sciences Center, School of Human Evolution and Social Change, Arizona State University, Tempe, AZ, 85282, USA</text>
    </affiliation>
    <affiliation id="aff.2">
      <text>Theoretical Epidemiology, University of Utrecht, Yalelaan 7, Utrecht, 3584CL, The Netherlands</text>
    </affiliation>
    <affiliation id="aff.6">
      <text>Santa Fe Institute, Santa Fe, NM, 87501, USA</text>
    </affiliation>
    <affiliation id="aff.5">
      <text>Department of Mathematics, Faculty of Science, Mansoura University, Mansoura, 35516, Egypt</text>
    </affiliation>
    <affiliation id="aff.4">
      <text>Fogarty International Center, National Institutes of Health, Bethesda, MD, 20892, USA</text>
    </affiliation>
    <attribute key="email">
      <value>h.nishiura@uu.nl</value>
    </attribute>
    <contents>
      <file format="application/pdf" id="0" type="full-text">
        <location>yadda.pack:/archive/17424682/content/full-text/17424682.pdf</location>
      </file>
    </contents>
    <contributor institution="false" role="author">
      <affiliation-ref ref="aff.1" />
      <affiliation-ref ref="aff.2" />
      <name lang="und" type="forenames">Hiroshi</name>
      <name lang="und" type="surname">Nishiura</name>
      <name lang="und" type="canonical">Hiroshi Nishiura</name>
    </contributor>
    <contributor institution="false" role="author">
      <affiliation-ref ref="aff.3" />
      <affiliation-ref ref="aff.4" />
      <name lang="und" type="forenames">Gerardo</name>
      <name lang="und" type="surname">Chowell</name>
      <name lang="und" type="canonical">Gerardo Chowell</name>
    </contributor>
    <contributor institution="false" role="author">
      <affiliation-ref ref="aff.5" />
      <name lang="und" type="forenames">Muntaser</name>
      <name lang="und" type="surname">Safan</name>
      <name lang="und" type="canonical">Muntaser Safan</name>
    </contributor>
    <contributor institution="false" role="author">
      <affiliation-ref ref="aff.3" />
      <affiliation-ref ref="aff.6" />
      <name lang="und" type="forenames">Carlos</name>
      <name lang="und" type="surname">Castillo-Chavez</name>
      <name lang="und" type="canonical">Carlos Castillo-Chavez</name>
    </contributor>
    <date type="received" day="15" month="12" year="2009">15 December 2009</date>
    <date type="accepted" day="7" month="1" year="2010">7 January 2010</date>
    <date type="published" day="7" month="1" year="2010">7 January 2010</date>
    <description lang="und" type="abstract">Background: In many parts of the world, the exponential growth rate of infections
during the initial epidemic phase has been used to make statistical inferences on the
reproduction number, R, a summary measure of the transmission potential for the
novel influenza A (H1N1) 2009. The growth rate at the initial stage of the epidemic
in Japan led to estimates for R in the range 2.0 to 2.6, capturing the intensity of the
initial outbreak among school-age children in May 2009.
Methods: An updated estimate of R that takes into account the epidemic data from
29 May to 14 July is provided. An age-structured renewal process is employed to
capture the age-dependent transmission dynamics, jointly estimating the
reproduction number, the age-dependent susceptibility and the relative contribution
of imported cases to secondary transmission. Pitfalls in estimating epidemic growth
rates are identified and used for scrutinizing and re-assessing the results of our earlier
estimate of R.
Results: Maximum likelihood estimates of R using the data from 29 May to 14 July
ranged from 1.21 to 1.35. The next-generation matrix, based on our age-structured
model, predicts that only 17.5% of the population will experience infection by the
end of the first pandemic wave. Our earlier estimate of R did not fully capture the
population-wide epidemic in quantifying the next-generation matrix from the
estimated growth rate during the initial stage of the pandemic in Japan.
Conclusions: In order to quantify R from the growth rate of cases, it is essential that
the selected model captures the underlying transmission dynamics embedded in the
data. Exploring additional epidemiological information will be useful for assessing the
temporal dynamics. Although the simple concept of R is more easily grasped by the
general public than that of the next-generation matrix, the matrix incorporating
detailed information (e.g., age-specificity) is essential for reducing the levels of
uncertainty in predictions and for assisting public health policymaking. Model-based
prediction and policymaking are best described by sharing fundamental notions of
heterogeneous risks of infection and death with non-experts to avoid potential
confusion and/or possible misuse of modelling results.</description>
    <id scheme="bwmeta1.id-class.DOI" value="10.1186/1742-4682-7-1" />
    <name lang="und">Pros and cons of estimating the reproduction number from early epidemic growth rate of influenza A (H1N1) 2009</name>
    <structure hierarchy="bwmeta1.hierarchy-class.hierarchy_Journal">
      <ancestor level="bwmeta1.level.hierarchy_Journal_Number">
        <name lang="und">1</name>
      </ancestor>
      <ancestor level="bwmeta1.level.hierarchy_Journal_Journal">
        <name lang="und">Theoretical Biology and Medical Modelling</name>
      </ancestor>
      <ancestor level="bwmeta1.level.hierarchy_Journal_Volume">
        <name lang="und">7</name>
      </ancestor>
      <current level="bwmeta1.level.hierarchy_Journal_Article" />
    </structure>
  </element>
</bwmeta>

