<?xml version="1.0" encoding="UTF-8"?>
<bwmeta xmlns="http://yadda.icm.edu.pl/bwmeta-2.1.0.xsd">
  <element id="17424755">
    <affiliation id="aff.1">
      <text>Kenya Medical Research Institute, Centre for Global Health Research, Kisumu, Kenya</text>
    </affiliation>
    <affiliation id="aff.3">
      <text>Division of Parasitic Diseases, National Centre for Infectious Diseases, Centers for Disease Control and Prevention, Atlanta GA, USA</text>
    </affiliation>
    <affiliation id="aff.2">
      <text>Department of Infectious Diseases, Tropical Medicine &amp; AIDS, Academic Medical Centre, University of Amsterdam, the Netherlands</text>
    </affiliation>
    <affiliation id="aff.4">
      <text>University of, Nairobi, Kenya</text>
    </affiliation>
    <attribute key="email">
      <value>pouma@ke.cdc.gov</value>
    </attribute>
    <contents>
      <file format="application/pdf" id="0" type="full-text">
        <location>yadda.pack:/archive/17424755/content/full-text/17424755.pdf</location>
      </file>
    </contents>
    <contributor institution="false" role="author">
      <affiliation-ref ref="aff.1" />
      <affiliation-ref ref="aff.3" />
      <name lang="und" type="forenames">Peter O</name>
      <name lang="und" type="surname">Ouma</name>
      <name lang="und" type="canonical">Peter O Ouma</name>
    </contributor>
    <contributor institution="false" role="author">
      <affiliation-ref ref="aff.2" />
      <name lang="und" type="forenames">Anna M van</name>
      <name lang="und" type="surname">Eijk</name>
      <name lang="und" type="canonical">Anna M van Eijk</name>
    </contributor>
    <contributor institution="false" role="author">
      <affiliation-ref ref="aff.1" />
      <affiliation-ref ref="aff.3" />
      <name lang="und" type="forenames">Mary J</name>
      <name lang="und" type="surname">Hamel</name>
      <name lang="und" type="canonical">Mary J Hamel</name>
    </contributor>
    <contributor institution="false" role="author">
      <affiliation-ref ref="aff.1" />
      <affiliation-ref ref="aff.3" />
      <name lang="und" type="forenames">Evallyne S</name>
      <name lang="und" type="surname">Sikuku</name>
      <name lang="und" type="canonical">Evallyne S Sikuku</name>
    </contributor>
    <contributor institution="false" role="author">
      <affiliation-ref ref="aff.1" />
      <affiliation-ref ref="aff.3" />
      <name lang="und" type="forenames">Frank O</name>
      <name lang="und" type="surname">Odhiambo</name>
      <name lang="und" type="canonical">Frank O Odhiambo</name>
    </contributor>
    <contributor institution="false" role="author">
      <affiliation-ref ref="aff.4" />
      <name lang="und" type="forenames">Kaendi M</name>
      <name lang="und" type="surname">Munguti</name>
      <name lang="und" type="canonical">Kaendi M Munguti</name>
    </contributor>
    <contributor institution="false" role="author">
      <affiliation-ref ref="aff.1" />
      <name lang="und" type="forenames">John G</name>
      <name lang="und" type="surname">Ayisi</name>
      <name lang="und" type="canonical">John G Ayisi</name>
    </contributor>
    <contributor institution="false" role="author">
      <affiliation-ref ref="aff.3" />
      <name lang="und" type="forenames">Sara B</name>
      <name lang="und" type="surname">Crawford</name>
      <name lang="und" type="canonical">Sara B Crawford</name>
    </contributor>
    <contributor institution="false" role="author">
      <affiliation-ref ref="aff.2" />
      <name lang="und" type="forenames">Piet A</name>
      <name lang="und" type="surname">Kager</name>
      <name lang="und" type="canonical">Piet A Kager</name>
    </contributor>
    <contributor institution="false" role="author">
      <affiliation-ref ref="aff.3" />
      <name lang="und" type="forenames">Laurence</name>
      <name lang="und" type="surname">Slutsker</name>
      <name lang="und" type="canonical">Laurence Slutsker</name>
    </contributor>
    <date type="received" day="4" month="6" year="2009">4 June 2009</date>
    <date type="accepted" day="29" month="4" year="2010">29 April 2010</date>
    <date type="published" day="29" month="4" year="2010">29 April 2010</date>
    <description lang="und" type="abstract">Background: Maternal mortality remains high in developing countries and data to monitor indicators of progress in
maternal care is needed. We examined the status of maternal care before and after health care worker (HCW) training
in WHO recommended Focused Antenatal Care.
Methods: An initial cross-sectional survey was conducted in 2002 in Asembo and Gem in western Kenya among a
representative sample of women with a recent birth. HCW training was performed in 2003 in Asembo, and a repeat
survey was conducted in 2005 in both areas.
Results: Antenatal clinic (ANC) attendance was similar in both areas (86%) in 2005 and not significantly different from
2002 (90%). There was no difference in place of delivery between the areas or over time. However, in 2005, more
women in Asembo were delivered by a skilled assistant compared to Gem (30% vs.23%, P = 0.04), and this proportion
increased compared to 2002 (17.6% and 16.1%, respectively). Provision of iron (82.4%), folic acid (72.0%), sulfadoxine-
pyrimethamine (61.7%), and anthelminths (12.7%) had increased in Asembo compared to 2002 (2002: 53.3%, 52.8%,
20.3%, and 4.6%, respectively), and was significantly higher than in Gem in 2005 (Gem 2005: 69.7%, 47.8%, 19.8%, and
4.1%, respectively) (P &lt; 0.05 for all). Offering of tests for sexually transmitted diseases and providing information related
to maternal health was overall low (&lt;20%) and did not differ by area. In 2005, more women rated the quality of the
antenatal service in Asembo as very satisfactory compared to Gem (17% vs. 6.5%, P &lt; 0.05).
Conclusions: We observed improvements in some ANC services in the area where HCWs were trained. However, since
our evaluation was carried out 2 years after three-day training, we consider any significant, sustained improvement to
be remarkable.</description>
    <id scheme="bwmeta1.id-class.DOI" value="10.1186/1742-4755-7-1" />
    <name lang="und">RAesneatrcehnatal and delivery care in rural western Kenya: the effect of training health care workers to provide "focused antenatal care"</name>
    <structure hierarchy="bwmeta1.hierarchy-class.hierarchy_Journal">
      <ancestor level="bwmeta1.level.hierarchy_Journal_Number">
        <name lang="und">1</name>
      </ancestor>
      <ancestor level="bwmeta1.level.hierarchy_Journal_Journal">
        <name lang="und">Reproductive Health</name>
      </ancestor>
      <ancestor level="bwmeta1.level.hierarchy_Journal_Volume">
        <name lang="und">7</name>
      </ancestor>
      <current level="bwmeta1.level.hierarchy_Journal_Article" />
    </structure>
  </element>
</bwmeta>

