<?xml version="1.0" encoding="UTF-8"?>
<bwmeta xmlns="http://yadda.icm.edu.pl/bwmeta-2.1.0.xsd">
  <element id="1743422X">
    <affiliation id="aff.default">
      <text>Department of Biology, Faculty of Science, University of Isfahan, Hezar-jreeb Street, Postal code: 81746-73441, Isfahan, Iran</text>
    </affiliation>
    <attribute key="email">
      <value>bouzari@sci.ui.ac.ir</value>
    </attribute>
    <contents>
      <file format="application/pdf" id="0" type="full-text">
        <location>yadda.pack:/archive/1743422X/content/full-text/1743422X.pdf</location>
      </file>
    </contents>
    <contributor institution="false" role="author">
      <affiliation-ref ref="aff.default" />
      <name lang="und" type="forenames">Abbas</name>
      <name lang="und" type="surname">Karimi-Rastehkenari</name>
      <name lang="und" type="canonical">Abbas Karimi-Rastehkenari</name>
    </contributor>
    <contributor institution="false" role="author">
      <affiliation-ref ref="aff.default" />
      <name lang="und" type="forenames">Majid</name>
      <name lang="und" type="surname">Bouzari</name>
      <name lang="und" type="canonical">Majid Bouzari</name>
    </contributor>
    <date type="received" day="18" month="11" year="2009">18 November 2009</date>
    <date type="accepted" day="2" month="1" year="2010">2 January 2010</date>
    <date type="published" day="2" month="1" year="2010">2 January 2010</date>
    <description lang="und" type="abstract">Background: SEN virus is a blood-borne, circular ssDNA virus and possessing nine genotypes (A to I). Among nine
genotypes, SENV-D and SENV-H genotypes have the strong link with patients with unknown (none-A to E)
hepatitis infections. Infection with blood-borne viruses is the second important cause of death in thalassemic
patients. The aim of this study was to determine the frequency of SENV-D and SENV-H genotypes viremia by
performing nested-PCR in 120 and 100 sera from healthy blood donors and thalassemic patients in Guilan
Province, North of Iran respectively. Also, to explicate a possible role of SEN virus in liver disease and established
changes in blood factors, the serum aminotransferases (ALT and AST) and some of the blood factors were
measured.
Results: Frequency of SENV-D, SENV (SENV-H or SENV-D) and co-infection (both SENV-D and SENV-H) viremia was
significantly higher among thalassemic patients than healthy individuals. Frequency of SENV-H viremia was
significantly higher than SENV-D among healthy individuals. In comparison to SENV-D negative patients, the mean
of mean corpuscular hemoglobin was significantly higher in SENV-D positive and co-infection cases (P &lt; 0.05). The
means of AST and ALT were significantly higher in thalassemic patients than healthy blood donors, but there were
not any significant differences in the means of the liver levels between SENV-positive and -negative individuals in
healthy blood donors and thalassemic patients. High nucleotide homology observed among PCR amplicon’s
sequences in healthy blood donors and thalassemic patients.
Conclusions: The high rate of co-infection shows that different genotypes of SENV have no negative effects on
each other. The high frequency of SENV infection among thalassemic patients suggests blood transfusion as main
route of transmission. High frequency of SENV infection in healthy individuals indicates that other routes rather
than blood transfusion also are important. Frequency of 90.8% of SENV infection among healthy blood donors as
well as high nucleotide homology of sequenced amplicons between two groups can probably suggest that
healthy blood donors infected by SENV act partly as a source of SENV transmission to the thalassemic patients. In
conclusion, SENV-D isolate in Guilan Province may be having a pathogenic agent for thalassemic patients.</description>
    <id scheme="bwmeta1.id-class.DOI" value="10.1186/1743-422X-7-1" />
    <name lang="und">High frequency of SEN virus infection in thalassemic patients and healthy blood donors in Iran</name>
    <structure hierarchy="bwmeta1.hierarchy-class.hierarchy_Journal">
      <ancestor level="bwmeta1.level.hierarchy_Journal_Journal">
        <name lang="und">Virology Journal</name>
      </ancestor>
      <ancestor level="bwmeta1.level.hierarchy_Journal_Number">
        <name lang="und">1</name>
      </ancestor>
      <ancestor level="bwmeta1.level.hierarchy_Journal_Volume">
        <name lang="und">7</name>
      </ancestor>
      <current level="bwmeta1.level.hierarchy_Journal_Article" />
    </structure>
  </element>
</bwmeta>

