<?xml version="1.0" encoding="UTF-8"?>
<bwmeta xmlns="http://yadda.icm.edu.pl/bwmeta-2.1.0.xsd">
  <element id="17438977">
    <affiliation id="aff.1">
      <text>Key Laboratory of Modern Toxicology of Shenzhen, Shenzhen Centre for Disease Control and Prevention, No. 21, Road 1st Tianbei, Luohu District, Shenzhen, 518020, PR China</text>
    </affiliation>
    <affiliation id="aff.2">
      <text>Department of Biochemistry and Molecular Biology, Life Science School, Shenzhen University, Nanhai Ave 3688, Shenzhen, 518060, PR China</text>
    </affiliation>
    <attribute key="email">
      <value>bio-research@hotmail.com</value>
    </attribute>
    <contents>
      <file format="application/pdf" id="0" type="full-text">
        <location>yadda.pack:/archive/17438977/content/full-text/17438977.pdf</location>
      </file>
    </contents>
    <contributor institution="false" role="author">
      <affiliation-ref ref="aff.1" />
      <name lang="und" type="forenames">Xifei</name>
      <name lang="und" type="surname">Yang</name>
      <name lang="und" type="canonical">Xifei Yang</name>
    </contributor>
    <contributor institution="false" role="author">
      <affiliation-ref ref="aff.1" />
      <name lang="und" type="forenames">Jianjun</name>
      <name lang="und" type="surname">Liu</name>
      <name lang="und" type="canonical">Jianjun Liu</name>
    </contributor>
    <contributor institution="false" role="author">
      <affiliation-ref ref="aff.1" />
      <affiliation-ref ref="aff.2" />
      <name lang="und" type="forenames">Haowei</name>
      <name lang="und" type="surname">He</name>
      <name lang="und" type="canonical">Haowei He</name>
    </contributor>
    <contributor institution="false" role="author">
      <affiliation-ref ref="aff.1" />
      <name lang="und" type="forenames">Li</name>
      <name lang="und" type="surname">Zhou</name>
      <name lang="und" type="canonical">Li Zhou</name>
    </contributor>
    <contributor institution="false" role="author">
      <affiliation-ref ref="aff.1" />
      <name lang="und" type="forenames">Chunmei</name>
      <name lang="und" type="surname">Gong</name>
      <name lang="und" type="canonical">Chunmei Gong</name>
    </contributor>
    <contributor institution="false" role="author">
      <affiliation-ref ref="aff.2" />
      <name lang="und" type="forenames">Xiaomei</name>
      <name lang="und" type="surname">Wang</name>
      <name lang="und" type="canonical">Xiaomei Wang</name>
    </contributor>
    <contributor institution="false" role="author">
      <affiliation-ref ref="aff.1" />
      <affiliation-ref ref="aff.2" />
      <name lang="und" type="forenames">Lingqing</name>
      <name lang="und" type="surname">Yang</name>
      <name lang="und" type="canonical">Lingqing Yang</name>
    </contributor>
    <contributor institution="false" role="author">
      <affiliation-ref ref="aff.1" />
      <name lang="und" type="forenames">Jianhui</name>
      <name lang="und" type="surname">Yuan</name>
      <name lang="und" type="canonical">Jianhui Yuan</name>
    </contributor>
    <contributor institution="false" role="author">
      <affiliation-ref ref="aff.1" />
      <name lang="und" type="forenames">Haiyan</name>
      <name lang="und" type="surname">Huang</name>
      <name lang="und" type="canonical">Haiyan Huang</name>
    </contributor>
    <contributor institution="false" role="author">
      <affiliation-ref ref="aff.1" />
      <name lang="und" type="forenames">Lianhua</name>
      <name lang="und" type="surname">He</name>
      <name lang="und" type="canonical">Lianhua He</name>
    </contributor>
    <contributor institution="false" role="author">
      <affiliation-ref ref="aff.1" />
      <affiliation-ref ref="aff.2" />
      <name lang="und" type="forenames">Bing</name>
      <name lang="und" type="surname">Zhang</name>
      <name lang="und" type="canonical">Bing Zhang</name>
    </contributor>
    <contributor institution="false" role="author">
      <affiliation-ref ref="aff.1" />
      <name lang="und" type="forenames">Zhixiong</name>
      <name lang="und" type="surname">Zhuang</name>
      <name lang="und" type="canonical">Zhixiong Zhuang</name>
    </contributor>
    <date type="received" day="25" month="11" year="2009">25 November 2009</date>
    <date type="accepted" day="19" month="1" year="2010">19 January 2010</date>
    <date type="published" day="19" month="1" year="2010">19 January 2010</date>
    <description lang="und" type="abstract">Background: Nanometer silicon dioxide (nano-SiO2) has a wide variety of applications in material sciences,
engineering and medicine; however, the potential cell biological and proteomic effects of nano-SiO2 exposure and
the toxic mechanisms remain far from clear.
Results: Here, we evaluated the effects of amorphous nano-SiO2 (15-nm, 30-nm SiO2). on cellular viability, cell
cycle, apoptosis and protein expression in HaCaT cells by using biochemical and morphological analysis, two-
dimensional differential gel electrophoresis (2D-DIGE) as well as mass spectrometry (MS). We found that the cellular
viability of HaCaT cells was significantly decreased in a dose-dependent manner after the treatment of nano-SiO2
and micro-sized SiO2 particles. The IC50 value (50% concentration of inhibition) was associated with the size of SiO2
particles. Exposure to nano-SiO2 and micro-sized SiO2 particles also induced apoptosis in HaCaT cells in a dose-
dependent manner. Furthermore, the smaller SiO2 particle size was, the higher apoptotic rate the cells underwent.
The proteomic analysis revealed that 16 differentially expressed proteins were induced by SiO2 exposure, and that
the expression levels of the differentially expressed proteins were associated with the particle size. The 16 proteins
were identified by MALDI-TOF-TOF-MS analysis and could be classified into 5 categories according to their
functions. They include oxidative stress-associated proteins; cytoskeleton-associated proteins; molecular chaperones;
energy metabolism-associated proteins; apoptosis and tumor-associated proteins.
Conclusions: These results showed that nano-SiO2 exposure exerted toxic effects and altered protein expression in
HaCaT cells. The data indicated the alterations of the proteins, such as the proteins associated with oxidative stress
and apoptosis, could be involved in the toxic mechanisms of nano-SiO2 exposure.</description>
    <id scheme="bwmeta1.id-class.DOI" value="10.1186/1743-8977-7-1" />
    <name lang="und">SiO2 nanoparticles induce cytotoxicity and protein expression alteration in HaCaT cells</name>
    <structure hierarchy="bwmeta1.hierarchy-class.hierarchy_Journal">
      <ancestor level="bwmeta1.level.hierarchy_Journal_Number">
        <name lang="und">1</name>
      </ancestor>
      <ancestor level="bwmeta1.level.hierarchy_Journal_Journal">
        <name lang="und">Particle and Fibre Toxicology</name>
      </ancestor>
      <ancestor level="bwmeta1.level.hierarchy_Journal_Volume">
        <name lang="und">7</name>
      </ancestor>
      <current level="bwmeta1.level.hierarchy_Journal_Article" />
    </structure>
  </element>
</bwmeta>

