<?xml version="1.0" encoding="UTF-8"?>
<bwmeta xmlns="http://yadda.icm.edu.pl/bwmeta-2.1.0.xsd">
  <element id="17437075">
    <affiliation id="aff.1">
      <text>Division of Nutritional Sciences, University of Illinois at Urbana-Champaign, 905 S Goodwin Ave, Urbana, IL 61801, USA</text>
    </affiliation>
    <affiliation id="aff.3">
      <text>Department of Food Science and Human Nutrition, University of Illinois at Urbana-Champaign, 905 S Goodwin Ave, Urbana, IL 61801, USA</text>
    </affiliation>
    <affiliation id="aff.2">
      <text>Department of Kinesiology and Community Health, University of Illinois at Urbana-Champaign, 117 Louise Freer Hall, 906 S Goodwin Ave, Urbana, IL 61801, USA</text>
    </affiliation>
    <affiliation id="aff.4">
      <text>Department of Veterinary Pathobiology, University of Illinois at Urbana-Champaign, 2522 VMBSB, 2001 S Lincoln Ave, Urbana, IL 61801, USA</text>
    </affiliation>
    <attribute key="email">
      <value>dlayman@illinois.edu</value>
    </attribute>
    <contents>
      <file format="application/pdf" id="0" type="full-text">
        <location>yadda.pack:/archive/17437075/content/full-text/17437075.pdf</location>
      </file>
    </contents>
    <contributor institution="false" role="author">
      <affiliation-ref ref="aff.1" />
      <name lang="und" type="forenames">Christopher J</name>
      <name lang="und" type="surname">Moulton</name>
      <name lang="und" type="canonical">Christopher J Moulton</name>
    </contributor>
    <contributor institution="false" role="author">
      <affiliation-ref ref="aff.2" />
      <name lang="und" type="forenames">Rudy J</name>
      <name lang="und" type="surname">Valentine</name>
      <name lang="und" type="canonical">Rudy J Valentine</name>
    </contributor>
    <contributor institution="false" role="author">
      <affiliation-ref ref="aff.1" />
      <affiliation-ref ref="aff.3" />
      <name lang="und" type="forenames">Donald K</name>
      <name lang="und" type="surname">Layman</name>
      <name lang="und" type="canonical">Donald K Layman</name>
    </contributor>
    <contributor institution="false" role="author">
      <affiliation-ref ref="aff.1" />
      <name lang="und" type="forenames">Suzanne</name>
      <name lang="und" type="surname">Devkota</name>
      <name lang="und" type="canonical">Suzanne Devkota</name>
    </contributor>
    <contributor institution="false" role="author">
      <affiliation-ref ref="aff.3" />
      <name lang="und" type="forenames">Keith W</name>
      <name lang="und" type="surname">Singletary</name>
      <name lang="und" type="canonical">Keith W Singletary</name>
    </contributor>
    <contributor institution="false" role="author">
      <affiliation-ref ref="aff.4" />
      <name lang="und" type="forenames">Matthew A</name>
      <name lang="und" type="surname">Wallig</name>
      <name lang="und" type="canonical">Matthew A Wallig</name>
    </contributor>
    <contributor institution="false" role="author">
      <affiliation-ref ref="aff.1" />
      <affiliation-ref ref="aff.3" />
      <name lang="und" type="forenames">Sharon M</name>
      <name lang="und" type="surname">Donovan</name>
      <name lang="und" type="canonical">Sharon M Donovan</name>
    </contributor>
    <date type="received" day="6" month="11" year="2009">6 November 2009</date>
    <date type="accepted" day="10" month="1" year="2010">10 January 2010</date>
    <date type="published" day="10" month="1" year="2010">10 January 2010</date>
    <description lang="und" type="abstract">Breast cancer is the most prevalent cancer in American women. Dietary factors are thought to have a strong influ-
ence on breast cancer incidence. This study utilized a meal-feeding protocol with female Sprague-Dawley rats to
evaluate effects of two ratios of carbohydrate:protein on promotion and early progression of breast tissue carcino-
mas. Mammary tumors were induced by N-methyl-N-nitrosourea (MNU) at 52 d of age. Post-induction, animals
were assigned to consume either a low protein high carbohydrate diet (LPHC; 15% and 60% of energy, respec-
tively) or a high protein moderate carbohydrate diet (HPMC; 35% and 40% of energy, respectively) for 10 wk. Ani-
mals were fed 3 meals/day to mimic human absorption and metabolism patterns. The rate of palpable tumor
incidence was reduced in HPMC relative to LPHC (12.9 ± 1.4%/wk vs. 18.2 ± 1.3%/wk). At 3 wk, post-prandial serum
insulin was larger in the LPHC relative to HPMC (+136.4 ± 33.1 pmol/L vs. +38.1 ± 23.4 pmol/L), while at 10 wk
there was a trend for post-prandial IGF-I to be increased in HPMC (P = 0.055). There were no differences in tumor
latency, tumor surface area, or cumulative tumor mass between diet groups. The present study provides evidence
that reducing the dietary carbohydrate:protein ratio attenuates the development of mammary tumors. These find-
ings are consistent with reduced post-prandial insulin release potentially diminishing the proliferative environment
required for breast cancer tumors to progress.</description>
    <id scheme="bwmeta1.id-class.DOI" value="10.1186/1743-7075-7-1" />
    <name lang="und">A high protein moderate carbohydrate diet fed at discrete meals reduces early progression of N-methyl-N-nitrosourea-induced breast tumorigenesis in rats</name>
    <structure hierarchy="bwmeta1.hierarchy-class.hierarchy_Journal">
      <ancestor level="bwmeta1.level.hierarchy_Journal_Number">
        <name lang="und">1</name>
      </ancestor>
      <ancestor level="bwmeta1.level.hierarchy_Journal_Journal">
        <name lang="und">Nutrition &amp; Metabolism</name>
      </ancestor>
      <ancestor level="bwmeta1.level.hierarchy_Journal_Volume">
        <name lang="und">7</name>
      </ancestor>
      <current level="bwmeta1.level.hierarchy_Journal_Article" />
    </structure>
  </element>
</bwmeta>

