<?xml version="1.0" encoding="UTF-8"?>
<bwmeta xmlns="http://yadda.icm.edu.pl/bwmeta-2.1.0.xsd">
  <element id="17448069">
    <affiliation id="aff.default">
      <text>Institute of Neurobiology, Institutes of Brain Science and State Key laboratory of Medical Neurobiology, Fudan University, Shanghai 200032, China</text>
    </affiliation>
    <attribute key="email">
      <value>zqzhao@fudan.edu.cn</value>
    </attribute>
    <contents>
      <file format="application/pdf" id="0" type="full-text">
        <location>yadda.pack:/archive/17448069/content/full-text/17448069.pdf</location>
      </file>
    </contents>
    <contributor institution="false" role="author">
      <affiliation-ref ref="aff.default" />
      <name lang="und" type="forenames">Long-Zhen</name>
      <name lang="und" type="surname">Cheng</name>
      <name lang="und" type="canonical">Long-Zhen Cheng</name>
    </contributor>
    <contributor institution="false" role="author">
      <affiliation-ref ref="aff.default" />
      <name lang="und" type="forenames">Ning</name>
      <name lang="und" type="surname">Lü</name>
      <name lang="und" type="canonical">Ning Lü</name>
    </contributor>
    <contributor institution="false" role="author">
      <affiliation-ref ref="aff.default" />
      <name lang="und" type="forenames">Yu-Qiu</name>
      <name lang="und" type="surname">Zhang</name>
      <name lang="und" type="canonical">Yu-Qiu Zhang</name>
    </contributor>
    <contributor institution="false" role="author">
      <affiliation-ref ref="aff.default" />
      <name lang="und" type="forenames">Zhi-Qi</name>
      <name lang="und" type="surname">Zhao</name>
      <name lang="und" type="canonical">Zhi-Qi Zhao</name>
    </contributor>
    <date type="received" day="30" month="9" year="2009">30 September 2009</date>
    <date type="accepted" day="20" month="1" year="2010">20 January 2010</date>
    <date type="published" day="20" month="1" year="2010">20 January 2010</date>
    <description lang="und" type="abstract">Background: Our previous study demonstrated that nitric oxide (NO) contributes to long-term potentiation (LTP)
of C-fiber-evoked field potentials by tetanic stimulation of the sciatic nerve in the spinal cord in vivo. Ryanodine
receptor (RyR) is a downstream target for NO. The present study further explored the role of RyR in synaptic
plasticity of the spinal pain pathway.
Results: By means of field potential recordings in the adult male rat in vivo, we showed that RyR antagonist
reduced LTP of C-fiber-evoked responses in the spinal dorsal horn by tetanic stimulation of the sciatic nerve. Using
spinal cord slice preparations and field potential recordings from superficial dorsal horn, high frequency stimulation
of Lissauer’s tract (LT) stably induced LTP of field excitatory postsynaptic potentials (fEPSPs). Perfusion of RyR
antagonists blocked the induction of LT stimulation-evoked spinal LTP, while Ins(1,4,5)P3 receptor (IP3R) antagonist
had no significant effect on LTP induction. Moreover, activation of RyRs by caffeine without high frequency
stimulation induced a long-term potentiation in the presence of bicuculline methiodide and strychnine. Further, in
patch-clamp recordings from superficial dorsal horn neurons, activation of RyRs resulted in a large increase in the
frequency of miniature EPSCs (mEPSCs). Immunohistochemical study showed that RyRs were expressed in the
dorsal root ganglion (DRG) neurons. Likewise, calcium imaging in small DRG neurons illustrated that activation of
RyRs elevated [Ca2+]i in small DRG neurons.
Conclusions: These data indicate that activation of presynaptic RyRs play a crucial role in the induction of LTP in
the spinal pain pathway, probably through enhancement of transmitter release.</description>
    <id scheme="bwmeta1.id-class.DOI" value="10.1186/1744-8069-6-1" />
    <name lang="und">Ryanodine receptors contribute to the induction of nociceptive input-evoked long-term potentiation in the rat spinal cord slice</name>
    <structure hierarchy="bwmeta1.hierarchy-class.hierarchy_Journal">
      <ancestor level="bwmeta1.level.hierarchy_Journal_Number">
        <name lang="und">1</name>
      </ancestor>
      <ancestor level="bwmeta1.level.hierarchy_Journal_Journal">
        <name lang="und">Molecular Pain</name>
      </ancestor>
      <ancestor level="bwmeta1.level.hierarchy_Journal_Volume">
        <name lang="und">6</name>
      </ancestor>
      <current level="bwmeta1.level.hierarchy_Journal_Article" />
    </structure>
  </element>
</bwmeta>

