<?xml version="1.0" encoding="UTF-8"?>
<bwmeta xmlns="http://yadda.icm.edu.pl/bwmeta-2.1.0.xsd">
  <element id="17456215">
    <affiliation id="aff.3">
      <text>The Christ Hospital Heart and Vascular Center/The Lindner Center for Research and Education at The Christ Hospital, 2123 Auburn Avenue, Suite 424, Cincinnati, OH, USA</text>
    </affiliation>
    <affiliation id="aff.2">
      <text>Cardiac and Vascular Research Center of Northern Michigan, Northern Michigan Regional Hospital, Petoskey, 560 W Mitchell St., Suite #480, Petoskey, MI, USA</text>
    </affiliation>
    <affiliation id="aff.1">
      <text>Boston Scientific Corporation, One Boston Scientific Place, Natick, MA 01760, USA</text>
    </affiliation>
    <attribute key="email">
      <value>lindner@thechristhospital.com</value>
    </attribute>
    <contents>
      <file format="application/pdf" id="0" type="full-text">
        <location>yadda.pack:/archive/17456215/content/full-text/17456215.pdf</location>
      </file>
    </contents>
    <contributor institution="false" role="author">
      <affiliation-ref ref="aff.1" />
      <name lang="und" type="forenames">Dominic J</name>
      <name lang="und" type="surname">Allocco</name>
      <name lang="und" type="canonical">Dominic J Allocco</name>
    </contributor>
    <contributor institution="false" role="author">
      <affiliation-ref ref="aff.2" />
      <name lang="und" type="forenames">Louis A</name>
      <name lang="und" type="surname">Cannon</name>
      <name lang="und" type="canonical">Louis A Cannon</name>
    </contributor>
    <contributor institution="false" role="author">
      <affiliation-ref ref="aff.1" />
      <name lang="und" type="forenames">Amy</name>
      <name lang="und" type="surname">Britt</name>
      <name lang="und" type="canonical">Amy Britt</name>
    </contributor>
    <contributor institution="false" role="author">
      <affiliation-ref ref="aff.1" />
      <name lang="und" type="forenames">John E</name>
      <name lang="und" type="surname">Heil</name>
      <name lang="und" type="canonical">John E Heil</name>
    </contributor>
    <contributor institution="false" role="author">
      <affiliation-ref ref="aff.1" />
      <name lang="und" type="forenames">Andrey</name>
      <name lang="und" type="surname">Nersesov</name>
      <name lang="und" type="canonical">Andrey Nersesov</name>
    </contributor>
    <contributor institution="false" role="author">
      <affiliation-ref ref="aff.1" />
      <name lang="und" type="forenames">Scott</name>
      <name lang="und" type="surname">Wehrenberg</name>
      <name lang="und" type="canonical">Scott Wehrenberg</name>
    </contributor>
    <contributor institution="false" role="author">
      <affiliation-ref ref="aff.1" />
      <name lang="und" type="forenames">Keith D</name>
      <name lang="und" type="surname">Dawkins</name>
      <name lang="und" type="canonical">Keith D Dawkins</name>
    </contributor>
    <contributor institution="false" role="author">
      <affiliation-ref ref="aff.3" />
      <name lang="und" type="forenames">Dean J</name>
      <name lang="und" type="surname">Kereiakes</name>
      <name lang="und" type="canonical">Dean J Kereiakes</name>
    </contributor>
    <date type="received" day="3" month="11" year="2009">3 November 2009</date>
    <date type="accepted" day="7" month="1" year="2010">7 January 2010</date>
    <date type="published" day="7" month="1" year="2010">7 January 2010</date>
    <description lang="und" type="abstract">Background: Paclitaxel-eluting stents decrease angiographic and clinical restenosis following percutaneous
coronary intervention compared to bare metal stents. TAXUS Element is a third-generation paclitaxel-eluting stent
which incorporates a novel, thinner-strut, platinum-enriched metal alloy platform. The stent is intended to have
enhanced radiopacity and improved deliverability compared to other paclitaxel-eluting stents. The safety and
efficacy of the TAXUS Element stent are being evaluated in the pivotal PERSEUS clinical trials.
Methods/Design: The PERSEUS trials include two parallel studies of the TAXUS Element stent in single, de novo
coronary atherosclerotic lesions. The PERSEUS Workhorse study is a prospective, randomized (3:1), single-blind, non-
inferiority trial in subjects with lesion length ≤28 mm and vessel diameter ≥2.75 mm to ≤4.0 mm which compares
TAXUS Element to the TAXUS Express2 paclitaxel-eluting stent system. The Workhorse study employs a novel
Bayesian statistical approach that uses prior information to limit the number of study subjects exposed to the
investigational device and thus provide a safer and more efficient analysis of the TAXUS Element stent. PERSEUS
Small Vessel is a prospective, single-arm, superiority trial in subjects with lesion length ≤20 mm and vessel
diameter ≥2.25 mm to &lt;2.75 mm that compares TAXUS Element with a matched historical bare metal Express
stent control.
Discussion: The TAXUS PERSEUS clinical trial program uses a novel statistical approach to evaluate whether design
and metal alloy iterations in the TAXUS Element stent platform provide comparable safety and improved
procedural performance compared to the previous generation Express stent. PERSEUS trial enrollment is complete
and primary endpoint data are expected in 2010. PERSEUS Workhorse and Small Vessel are registered at http://
www.clinicaltrials.gov, identification numbers NCT00484315 and NCT00489541.</description>
    <id scheme="bwmeta1.id-class.DOI" value="10.1186/1745-6215-11-1" />
    <name lang="und">A prospective evaluation of the safety and efficacy of the TAXUS Element paclitaxel-eluting coronary stent system for the treatment of de novo coronary artery lesions: Design and statistical methods of the PERSEUS clinical program</name>
    <structure hierarchy="bwmeta1.hierarchy-class.hierarchy_Journal">
      <ancestor level="bwmeta1.level.hierarchy_Journal_Number">
        <name lang="und">1</name>
      </ancestor>
      <ancestor level="bwmeta1.level.hierarchy_Journal_Journal">
        <name lang="und">Trials</name>
      </ancestor>
      <ancestor level="bwmeta1.level.hierarchy_Journal_Volume">
        <name lang="und">11</name>
      </ancestor>
      <current level="bwmeta1.level.hierarchy_Journal_Article" />
    </structure>
  </element>
</bwmeta>

