<?xml version="1.0" encoding="UTF-8"?>
<bwmeta xmlns="http://yadda.icm.edu.pl/bwmeta-2.1.0.xsd">
  <element id="17456673">
    <affiliation id="aff.1">
      <text>Department of Hygiene and Epidemiology, Faculty of Medicine, University of Thessaly, 22 Papakiriazi Str., Larissa, 41222, Greece</text>
    </affiliation>
    <affiliation id="aff.3">
      <text>National Centre of Epidemiology, Sinesio Delgado 6 28029, Madrid, Spain</text>
    </affiliation>
    <affiliation id="aff.2">
      <text>Hamburg Port Health Center, Institute of Occupational and Maritime Medicine, Seewartenstrasse 10 20459 Hamburg, Germany</text>
    </affiliation>
    <affiliation id="aff.6">
      <text>Department of Public and Administrative Health, National School of Public Health, 196 Leoforos Alexandras, 115 21 Athens, Greece</text>
    </affiliation>
    <affiliation id="aff.5">
      <text>UCL Centre for Infectious Disease Epidemiology Department of Primary Care Population Sciences Royal Free and University College Medical, School Latchmoo Farm, Tile Barn Lane, Brockenhurst, SO42 7UE, UK</text>
    </affiliation>
    <affiliation id="aff.4">
      <text>Gastrointestinal, Emerging and Zoonotic Infections Department Health Centre for Infections, Health Protection Agency, 61 Colindale Avenue, London NW9 5EQ, UK</text>
    </affiliation>
    <attribute key="email">
      <value>xhatzi@med.uth.gr</value>
    </attribute>
    <contents>
      <file format="application/pdf" id="0" type="full-text">
        <location>yadda.pack:/archive/17456673/content/full-text/17456673.pdf</location>
      </file>
    </contents>
    <contributor institution="false" role="author">
      <affiliation-ref ref="aff.1" />
      <name lang="und" type="forenames">George</name>
      <name lang="und" type="surname">Rachiotis</name>
      <name lang="und" type="canonical">George Rachiotis</name>
    </contributor>
    <contributor institution="false" role="author">
      <affiliation-ref ref="aff.1" />
      <name lang="und" type="forenames">Varvara A</name>
      <name lang="und" type="surname">Mouchtouri</name>
      <name lang="und" type="canonical">Varvara A Mouchtouri</name>
    </contributor>
    <contributor institution="false" role="author">
      <affiliation-ref ref="aff.2" />
      <name lang="und" type="forenames">Clara</name>
      <name lang="und" type="surname">Schlaich</name>
      <name lang="und" type="canonical">Clara Schlaich</name>
    </contributor>
    <contributor institution="false" role="author">
      <affiliation-ref ref="aff.2" />
      <name lang="und" type="forenames">Tobias</name>
      <name lang="und" type="surname">Riemer</name>
      <name lang="und" type="canonical">Tobias Riemer</name>
    </contributor>
    <contributor institution="false" role="author">
      <affiliation-ref ref="aff.3" />
      <name lang="und" type="forenames">Carmen Varela</name>
      <name lang="und" type="surname">Martinez</name>
      <name lang="und" type="canonical">Carmen Varela Martinez</name>
    </contributor>
    <contributor institution="false" role="author">
      <affiliation-ref ref="aff.4" />
      <name lang="und" type="forenames">Gordon</name>
      <name lang="und" type="surname">Nichols</name>
      <name lang="und" type="canonical">Gordon Nichols</name>
    </contributor>
    <contributor institution="false" role="author">
      <affiliation-ref ref="aff.5" />
      <name lang="und" type="forenames">Christopher LR</name>
      <name lang="und" type="surname">Bartlett</name>
      <name lang="und" type="canonical">Christopher LR Bartlett</name>
    </contributor>
    <contributor institution="false" role="author">
      <affiliation-ref ref="aff.6" />
      <name lang="und" type="forenames">Jenny</name>
      <name lang="und" type="surname">Kremastinou</name>
      <name lang="und" type="canonical">Jenny Kremastinou</name>
    </contributor>
    <contributor institution="false" role="author">
      <affiliation-ref ref="aff.1" />
      <name lang="und" type="forenames">Christos</name>
      <name lang="und" type="surname">Hadjichristodoulou</name>
      <name lang="und" type="canonical">Christos Hadjichristodoulou</name>
    </contributor>
    <date type="received" day="31" month="10" year="2009">31 October 2009</date>
    <date type="accepted" day="10" month="2" year="2010">10 February 2010</date>
    <date type="published" day="10" month="2" year="2010">10 February 2010</date>
    <description lang="und" type="abstract">Background: Seafarers play an important role in the transmission of communicable diseases. The aim of the
present study is to draw information and identify possible gaps on occupational health practices related to
seafarers sailing on ships within the European Union Member States (EU MS) with focus on communicable
diseases.
Methods: A structured questionnaire was sent to competent authorities from 21 EU MS. The questionnaire
included questions about occupational health policies, medical certification of seafarers, communicable diseases
reporting and relevant legislation. Descriptive analysis of the data was conducted by the use of Epi Info software:
EU MS were categorized in four priority groups (A, B, C, D) based on: number of passenger ships visits, volume of
passengers, and number of ports in each country. Moreover, EU MS were categorized to old and new, based on
the date of entry in the EU.
Results: All 21 countries with relevant competent authorities responded to the questionnaire. The existence of
specific national legislation/regulation/guidelines related to vaccination of seafarers was reported by three out of
the 21 (14%) responding authorities. Surveillance data of communicable diseases related to seafarers are collected
and analyzed by 4 (19%) authorities. Five out of 21 of the responding countries (24%) reported that tuberculin test
result is required for the issuance of seafarer’s medical certificate while a great variety of medical examination is
required for the issuance of this certificate among countries.
Gaps on occupational health services focused on communicable diseases related to maritime occupation have
been reported by 33% of the responding countries.
Responding authorities from Group A and B had the highest percentage of reported gaps followed by groups C
and D. Old MS reported a higher frequency regarding gaps on occupational health services in comparison to new
MS.
Conclusion: Our results revealed heterogeneity regarding occupational health of maritime employees in EU MS.
This work provides some evidence that further work at international and European level could be considered, in
order to explore the potential for harmonized initiatives regarding occupational health of seafarers.</description>
    <id scheme="bwmeta1.id-class.DOI" value="10.1186/1745-6673-5-1" />
    <name lang="und">Occupational health legislation and practices related to seafarers on passenger ships focused on communicable diseases: results from a European cross-sectional study (EU SHIPSAN PROJECT)</name>
    <structure hierarchy="bwmeta1.hierarchy-class.hierarchy_Journal">
      <ancestor level="bwmeta1.level.hierarchy_Journal_Journal">
        <name lang="und">Journal of Occupational Medicine and Toxicology</name>
      </ancestor>
      <ancestor level="bwmeta1.level.hierarchy_Journal_Number">
        <name lang="und">1</name>
      </ancestor>
      <ancestor level="bwmeta1.level.hierarchy_Journal_Volume">
        <name lang="und">5</name>
      </ancestor>
      <current level="bwmeta1.level.hierarchy_Journal_Article" />
    </structure>
  </element>
</bwmeta>

