<?xml version="1.0" encoding="UTF-8"?>
<bwmeta xmlns="http://yadda.icm.edu.pl/bwmeta-2.1.0.xsd">
  <element id="17461448">
    <affiliation id="aff.1">
      <text>Department of Biochemistry and Department of Biotechnology, University of Calcutta, 35, Ballygunge Circular Road, Kolkata- 700019, West Bengal, India</text>
    </affiliation>
    <affiliation id="aff.3">
      <text>Current address: Max Planck Research Group “Molecular Biology of Archaea”, Max Planck Institute for Terrestrial Microbiology, Karl- von-Frisch-Strasse, D-35043 Marburg, Germany</text>
    </affiliation>
    <affiliation id="aff.2">
      <text>Department of Agricultural Chemistry &amp; Soil Science, Institute of Agricultural Science, University of Calcutta, 35, Ballygunge Circular Road. Kolkata- 700019, West Bengal, India</text>
    </affiliation>
    <affiliation id="aff.5">
      <text>Current address: Institute of Molecular Cancer Research, University of Zurich, 17 K 28, Winterthurerstrasse 190, Zurich-8057, Switzerland</text>
    </affiliation>
    <affiliation id="aff.4">
      <text>Current address: Division of Nephrology Department of Medicine, 7703 Floyd Curl Drive, University of Texas Health Science Center at San Antonio, San Antonio, Texas 78229 3900, USA</text>
    </affiliation>
    <attribute key="email">
      <value>dhrubajyotic@gmail.com</value>
    </attribute>
    <contents>
      <file format="application/pdf" id="0" type="full-text">
        <location>yadda.pack:/archive/17461448/content/full-text/17461448.pdf</location>
      </file>
    </contents>
    <contributor institution="false" role="author">
      <affiliation-ref ref="aff.1" />
      <affiliation-ref ref="aff.3" />
      <name lang="und" type="forenames">Abhrajyoti</name>
      <name lang="und" type="surname">Ghosh</name>
      <name lang="und" type="canonical">Abhrajyoti Ghosh</name>
    </contributor>
    <contributor institution="false" role="author">
      <affiliation-ref ref="aff.1" />
      <affiliation-ref ref="aff.4" />
      <name lang="und" type="forenames">Nirmalya</name>
      <name lang="und" type="surname">Dey</name>
      <name lang="und" type="canonical">Nirmalya Dey</name>
    </contributor>
    <contributor institution="false" role="author">
      <affiliation-ref ref="aff.1" />
      <name lang="und" type="forenames">Amit</name>
      <name lang="und" type="surname">Bera</name>
      <name lang="und" type="canonical">Amit Bera</name>
    </contributor>
    <contributor institution="false" role="author">
      <affiliation-ref ref="aff.1" />
      <affiliation-ref ref="aff.5" />
      <name lang="und" type="forenames">Amit</name>
      <name lang="und" type="surname">Tiwari</name>
      <name lang="und" type="canonical">Amit Tiwari</name>
    </contributor>
    <contributor institution="false" role="author">
      <affiliation-ref ref="aff.1" />
      <name lang="und" type="forenames">KB</name>
      <name lang="und" type="surname">Sathyaniranjan</name>
      <name lang="und" type="canonical">KB Sathyaniranjan</name>
    </contributor>
    <contributor institution="false" role="author">
      <affiliation-ref ref="aff.2" />
      <name lang="und" type="forenames">Kalyan</name>
      <name lang="und" type="surname">Chakrabarti</name>
      <name lang="und" type="canonical">Kalyan Chakrabarti</name>
    </contributor>
    <contributor institution="false" role="author">
      <affiliation-ref ref="aff.1" />
      <name lang="und" type="forenames">Dhrubajyoti</name>
      <name lang="und" type="surname">Chattopadhyay</name>
      <name lang="und" type="canonical">Dhrubajyoti Chattopadhyay</name>
    </contributor>
    <date type="received" day="29" month="6" year="2009">29 June 2009</date>
    <date type="accepted" day="17" month="2" year="2010">17 February 2010</date>
    <date type="published" day="17" month="2" year="2010">17 February 2010</date>
    <description lang="und" type="abstract">Background: Sundarban is the world’s largest coastal sediment comprising of mangrove forest which covers about
one million hectares in the south-eastern parts of India and southern parts of Bangladesh. The microbial diversity
in this sediment is largely unknown till date. In the present study an attempt has been made to understand the
microbial diversity in this sediment using a cultivation-independent molecular approach.
Results: Two 16 S rRNA gene libraries were constructed and partial sequencing of the selected clones was carried
out to identify bacterial strains present in the sediment. Phylogenetic analysis of partially sequenced 16 S rRNA
gene sequences revealed the diversity of bacterial strains in the Sundarban sediment. At least 8 different bacterial
phyla were detected. The major divisions of detected bacterial phyla were Proteobacteria (alpha, beta, gamma, and
delta), Flexibacteria (CFB group), Actinobacteria, Acidobacteria, Chloroflexi, Firmicutes, Planctomycetes and
Gammatimonadates.
Conclusion: The gammaproteobacteria were found to be the most abundant bacterial group in Sundarban
sediment. Many clones showed similarity with previously reported bacterial lineages recovered from various marine
sediments. The present study indicates a probable hydrocarbon and oil contamination in this sediment. In the
present study, a number of clones were identified that have shown similarity with bacterial clones or isolates
responsible for the maintenance of the S-cycle in the saline environment.</description>
    <id scheme="bwmeta1.id-class.DOI" value="10.1186/1746-1448-6-1" />
    <name lang="und">Culture independent molecular analysis of bacterial communities in the mangrove sediment of Sundarban, India</name>
    <structure hierarchy="bwmeta1.hierarchy-class.hierarchy_Journal">
      <ancestor level="bwmeta1.level.hierarchy_Journal_Number">
        <name lang="und">1</name>
      </ancestor>
      <ancestor level="bwmeta1.level.hierarchy_Journal_Journal">
        <name lang="und">Saline Systems</name>
      </ancestor>
      <ancestor level="bwmeta1.level.hierarchy_Journal_Volume">
        <name lang="und">6</name>
      </ancestor>
      <current level="bwmeta1.level.hierarchy_Journal_Article" />
    </structure>
  </element>
</bwmeta>

