<?xml version="1.0" encoding="UTF-8"?>
<bwmeta xmlns="http://yadda.icm.edu.pl/bwmeta-2.1.0.xsd">
  <element id="17464811">
    <affiliation id="aff.1">
      <text>Department of Genetics, Harvard Medical School, Boston, Massachusetts, USA</text>
    </affiliation>
    <affiliation id="aff.2">
      <text>Department of Molecular Biology, Massachusetts General Hospital, Boston, Massachusetts 02114-2790, USA</text>
    </affiliation>
    <attribute key="email">
      <value>jli@molbio.mgh.harvard.edu</value>
    </attribute>
    <contents>
      <file format="application/pdf" id="0" type="full-text">
        <location>yadda.pack:/archive/17464811/content/full-text/17464811.pdf</location>
      </file>
    </contents>
    <contributor institution="false" role="author">
      <affiliation-ref ref="aff.1" />
      <affiliation-ref ref="aff.2" />
      <name lang="und" type="forenames">Jian-Feng</name>
      <name lang="und" type="surname">Li</name>
      <name lang="und" type="canonical">Jian-Feng Li</name>
    </contributor>
    <contributor institution="false" role="author">
      <affiliation-ref ref="aff.1" />
      <affiliation-ref ref="aff.2" />
      <name lang="und" type="forenames">Li</name>
      <name lang="und" type="surname">Li</name>
      <name lang="und" type="canonical">Li Li</name>
    </contributor>
    <contributor institution="false" role="author">
      <affiliation-ref ref="aff.1" />
      <affiliation-ref ref="aff.2" />
      <name lang="und" type="forenames">Jen</name>
      <name lang="und" type="surname">Sheen</name>
      <name lang="und" type="canonical">Jen Sheen</name>
    </contributor>
    <date type="received" day="4" month="1" year="2010">4 January 2010</date>
    <date type="accepted" day="14" month="1" year="2010">14 January 2010</date>
    <date type="published" day="14" month="1" year="2010">14 January 2010</date>
    <description lang="und" type="abstract">Research in plant molecular biology involves DNA purification on a daily basis. Although different commercial kits
enable convenient extraction of high-quality DNA from E. coli cells, PCR and agarose gel samples as well as plant
tissues, each kit is designed for a particular type of DNA extraction work, and the cost of purchasing these kits over
a long run can be considerable. Furthermore, a simple method for the isolation of binary plasmid from Agrobacter-
ium tumefaciens cells with satisfactory yield is lacking. Here we describe an easy protocol using homemade silicon
dioxide matrix and seven simple solutions for DNA extraction from E. coli and A. tumefaciens cells, PCR and restric-
tion digests, agarose gel slices, and plant tissues. Compared with the commercial kits, this protocol allows rapid
DNA purification from diverse sources with comparable yield and purity at negligible cost. Following this protocol,
we have demonstrated: (1) DNA fragments as small as a MYC-epitope tag coding sequence can be successfully
recovered from an agarose gel slice; (2) Miniprep DNA from E. coli can be eluted with as little as 5 μl water, lead-
ing to high DNA concentrations (&gt;1 μg/μl) for efficient biolistic bombardment of Arabidopsis seedlings, polyethy-
lene glycol (PEG)-mediated Arabidopsis protoplast transfection and maize protoplast electroporation; (3) Binary
plasmid DNA prepared from A. tumefaciens is suitable for verification by restriction analysis without the need for
large scale propagation; (4) High-quality genomic DNA is readily isolated from several plant species including Arabi-
dopsis, tobacco and maize. Thus, the silicon dioxide matrix-based DNA purification protocol offers an easy, efficient
and economical way to extract DNA for various purposes in plant research.</description>
    <id scheme="bwmeta1.id-class.DOI" value="10.1186/1746-4811-6-1" />
    <name lang="und">Protocol: a rapid and economical procedure for purification of plasmid or plant DNA with diverse applications in plant biology</name>
    <structure hierarchy="bwmeta1.hierarchy-class.hierarchy_Journal">
      <ancestor level="bwmeta1.level.hierarchy_Journal_Number">
        <name lang="und">1</name>
      </ancestor>
      <ancestor level="bwmeta1.level.hierarchy_Journal_Journal">
        <name lang="und">Plant Methods</name>
      </ancestor>
      <ancestor level="bwmeta1.level.hierarchy_Journal_Volume">
        <name lang="und">6</name>
      </ancestor>
      <current level="bwmeta1.level.hierarchy_Journal_Article" />
    </structure>
  </element>
</bwmeta>

