<?xml version="1.0" encoding="UTF-8"?>
<bwmeta xmlns="http://yadda.icm.edu.pl/bwmeta-2.1.0.xsd">
  <element id="1747597X">
    <affiliation id="aff.1">
      <text>Paediatric Epidemiology and Community Health Unit, Child Health Section, Division of Developmental Medicine, University of Glasgow, Glasgow, G3 8SJ, UK</text>
    </affiliation>
    <affiliation id="aff.3">
      <text>UK Centre for Tobacco Control Studies, Dept of Social and Policy Sciences University of Bath, Bath BA2 7AY, UK</text>
    </affiliation>
    <affiliation id="aff.2">
      <text>Centre for Tobacco Control Research, Institute for Social Marketing, University of Stirling and Open University, Stirling, FK9 4LA, UK</text>
    </affiliation>
    <affiliation id="aff.4">
      <text>Information Services Division, NHS National Services Scotland, Gyle Square, 1 South Gyle Crescent, Edinburgh EH12 9EB, UK</text>
    </affiliation>
    <attribute key="email">
      <value>goda11@udcf.gla.ac.uk</value>
    </attribute>
    <contents>
      <file format="application/pdf" id="0" type="full-text">
        <location>yadda.pack:/archive/1747597X/content/full-text/1747597X.pdf</location>
      </file>
    </contents>
    <contributor institution="false" role="author">
      <affiliation-ref ref="aff.1" />
      <name lang="und" type="forenames">David M</name>
      <name lang="und" type="surname">Tappin</name>
      <name lang="und" type="canonical">David M Tappin</name>
    </contributor>
    <contributor institution="false" role="author">
      <affiliation-ref ref="aff.2" />
      <name lang="und" type="forenames">Susan</name>
      <name lang="und" type="surname">MacAskill</name>
      <name lang="und" type="canonical">Susan MacAskill</name>
    </contributor>
    <contributor institution="false" role="author">
      <affiliation-ref ref="aff.3" />
      <name lang="und" type="forenames">Linda</name>
      <name lang="und" type="surname">Bauld</name>
      <name lang="und" type="canonical">Linda Bauld</name>
    </contributor>
    <contributor institution="false" role="author">
      <affiliation-ref ref="aff.2" />
      <name lang="und" type="forenames">Douglas</name>
      <name lang="und" type="surname">Eadie</name>
      <name lang="und" type="canonical">Douglas Eadie</name>
    </contributor>
    <contributor institution="false" role="author">
      <affiliation-ref ref="aff.1" />
      <name lang="und" type="forenames">Debbie</name>
      <name lang="und" type="surname">Shipton</name>
      <name lang="und" type="canonical">Debbie Shipton</name>
    </contributor>
    <contributor institution="false" role="author">
      <affiliation-ref ref="aff.4" />
      <name lang="und" type="forenames">Linsey</name>
      <name lang="und" type="surname">Galbraith</name>
      <name lang="und" type="canonical">Linsey Galbraith</name>
    </contributor>
    <date type="received" day="18" month="8" year="2009">18 August 2009</date>
    <date type="accepted" day="21" month="1" year="2010">21 January 2010</date>
    <date type="published" day="21" month="1" year="2010">21 January 2010</date>
    <description lang="und" type="abstract">Background: Over 20% of women smoke throughout pregnancy despite the known risks to mother and child.
Engagement in face-to-face support is a good measure of service reach. The Scottish Government has set a target
that by 2010 8% of smokers will have quit via NHS cessation services. At present less than 4% stop during
pregnancy. We aimed to establish a denominator for pregnant smokers in Scotland and describe the proportion
who are referred to specialist services, engage in one-to-one counselling, set a quit date and quit 4 weeks later.
Methods: This was a descriptive epidemiological study using routinely collected data supplemented by
questionnaire information from specialist pregnancy cessation services.
Results: 13266 of 52370 (25%) pregnant women reported being current smokers at maternity booking and 3133/
13266 (24%) were referred to specialist cessation services in 2005/6. Two main types of specialist smoking cessation
support for pregnant women were in place in Scotland. The first involved identification using self-report and
carbon monoxide breath test for all pregnant women with routine referral (1936/3352, 58% referred) to clinic
based support (386, 11.5% engaged). 370 (11%) women set a quit date and 116 (3.5%) had quit 4 weeks later. The
second involved identification by self report and referral of women who wanted help (1195/2776, 43% referred) for
home based support (377/1954, 19% engaged). 409(15%) smokers set a quit date and 119 (4.3%) had quit 4 weeks
later. Cost of home-based support was greater. In Scotland only 265/8062 (3.2%) pregnant smokers identified at
maternity booking, living in areas with recognised specialist or good generic services, quit smoking during 2006.
Conclusions: In Scotland, a small proportion of pregnant smokers are supported to stop. Poor outcomes are a
product of current limitations to each step of service provision - identification, referral, engagement and treatment.
Many smokers are not asked about smoking at maternity booking or provide false information. Carbon monoxide
breath testing can bypass this difficulty. Identified smokers may not be referred but an opt-out referral policy can
remove this barrier. Engagement at home allowed a greater proportion to set a quit date and quit, but costs were
higher.</description>
    <id scheme="bwmeta1.id-class.DOI" value="10.1186/1747-597X-5-1" />
    <name lang="und">Smoking prevalence and smoking cessation services for pregnant women in Scotland</name>
    <structure hierarchy="bwmeta1.hierarchy-class.hierarchy_Journal">
      <ancestor level="bwmeta1.level.hierarchy_Journal_Number">
        <name lang="und">1</name>
      </ancestor>
      <ancestor level="bwmeta1.level.hierarchy_Journal_Journal">
        <name lang="und">Substance Abuse Treatment, Prevention, and Policy</name>
      </ancestor>
      <ancestor level="bwmeta1.level.hierarchy_Journal_Volume">
        <name lang="und">5</name>
      </ancestor>
      <current level="bwmeta1.level.hierarchy_Journal_Article" />
    </structure>
  </element>
</bwmeta>

