<?xml version="1.0" encoding="UTF-8"?>
<bwmeta xmlns="http://yadda.icm.edu.pl/bwmeta-2.1.0.xsd">
  <element id="17475341">
    <affiliation id="aff.1">
      <text>Faculté de Médécine Teilhard de Chardin, Complexe Médical le Bon Samaritain, N’djaména, BP 456, Chad</text>
    </affiliation>
    <affiliation id="aff.3">
      <text>Department of Social Medicine, University of North Carolina School of Medicine Chapel Hill, 333 S Columbia Street MacNider Hall, Room 348, CB 7240, Chapel Hill, NC 27599-7240, USA</text>
    </affiliation>
    <affiliation id="aff.2">
      <text>Department of Philosophy, University of Cape Town, Cape Town, Private Bag X3 Rondebosch7701, South Africa</text>
    </affiliation>
    <attribute key="email">
      <value>maishaze@yahoo.com</value>
    </attribute>
    <contents>
      <file format="application/pdf" id="0" type="full-text">
        <location>yadda.pack:/archive/17475341/content/full-text/17475341.pdf</location>
      </file>
    </contents>
    <contributor institution="false" role="author">
      <affiliation-ref ref="aff.1" />
      <name lang="und" type="forenames">Jacquineau</name>
      <name lang="und" type="surname">Azétsop</name>
      <name lang="und" type="canonical">Jacquineau Azétsop</name>
    </contributor>
    <contributor institution="false" role="author">
      <affiliation-ref ref="aff.2" />
      <affiliation-ref ref="aff.3" />
      <name lang="und" type="forenames">Stuart</name>
      <name lang="und" type="surname">Rennie</name>
      <name lang="und" type="canonical">Stuart Rennie</name>
    </contributor>
    <date type="received" day="14" month="9" year="2009">14 September 2009</date>
    <date type="accepted" day="18" month="1" year="2010">18 January 2010</date>
    <date type="published" day="18" month="1" year="2010">18 January 2010</date>
    <description lang="und" type="abstract">Through its adoption of the biomedical model of disease which promotes medical individualism and its reliance
on the individual-based anthropology, mainstream bioethics has predominantly focused on respect for autonomy
in the clinical setting and respect for person in the research site, emphasizing self-determination and freedom of
choice. However, the emphasis on the individual has often led to moral vacuum, exaggeration of human agency,
and a thin (liberal?) conception of justice. Applied to resource-poor countries and communities within developed
countries, autonomy-based bioethics fails to address the root causes of diseases and public health crises with
which individuals or communities are confronted. A sociological explanation of disease causation is needed to
broaden principles of biomedical ethics and provides a renewed understanding of disease, freedom, medical prac-
tice, patient-physician relationship, risk and benefit of research and treatment, research priorities, and health policy.</description>
    <id scheme="bwmeta1.id-class.DOI" value="10.1186/1747-5341-5-1" />
    <name lang="und">Principlism, medical individualism, and health promotion in resource-poor countries: can autonomy-based bioethics promote social justice and population health?</name>
    <structure hierarchy="bwmeta1.hierarchy-class.hierarchy_Journal">
      <ancestor level="bwmeta1.level.hierarchy_Journal_Journal">
        <name lang="und">Philosophy, Ethics, and Humanities in Medicine</name>
      </ancestor>
      <ancestor level="bwmeta1.level.hierarchy_Journal_Number">
        <name lang="und">1</name>
      </ancestor>
      <ancestor level="bwmeta1.level.hierarchy_Journal_Volume">
        <name lang="und">5</name>
      </ancestor>
      <current level="bwmeta1.level.hierarchy_Journal_Article" />
    </structure>
  </element>
</bwmeta>

