<?xml version="1.0" encoding="UTF-8"?>
<bwmeta xmlns="http://yadda.icm.edu.pl/bwmeta-2.1.0.xsd">
  <element id="1748717X">
    <affiliation id="aff.1">
      <text>Department of Radiation Oncology, Sant’ Andrea Hospital, University “La Sapienza”, via di Grottarossa 1035-1039, 00189, Rome, Italy</text>
    </affiliation>
    <affiliation id="aff.3">
      <text>Department of Physics, Sant’ Andrea Hospital, University “La Sapienza”, via di Grottarossa 1035-1039, 00189, Rome, Italy</text>
    </affiliation>
    <affiliation id="aff.2">
      <text>Department of Neuroscience, NEUROMED Institute, via Atinense 18, 86077, Pozzilli (IS), Italy</text>
    </affiliation>
    <attribute key="email">
      <value>gminniti@ospedalesantandrea.it</value>
    </attribute>
    <contents>
      <file format="application/pdf" id="0" type="full-text">
        <location>yadda.pack:/archive/1748717X/content/full-text/1748717X.pdf</location>
      </file>
    </contents>
    <contributor institution="false" role="author">
      <affiliation-ref ref="aff.1" />
      <affiliation-ref ref="aff.2" />
      <name lang="und" type="forenames">Giuseppe</name>
      <name lang="und" type="surname">Minniti</name>
      <name lang="und" type="canonical">Giuseppe Minniti</name>
    </contributor>
    <contributor institution="false" role="author">
      <affiliation-ref ref="aff.1" />
      <name lang="und" type="forenames">Maurizio</name>
      <name lang="und" type="surname">Valeriani</name>
      <name lang="und" type="canonical">Maurizio Valeriani</name>
    </contributor>
    <contributor institution="false" role="author">
      <affiliation-ref ref="aff.1" />
      <name lang="und" type="forenames">Enrico</name>
      <name lang="und" type="surname">Clarke</name>
      <name lang="und" type="canonical">Enrico Clarke</name>
    </contributor>
    <contributor institution="false" role="author">
      <affiliation-ref ref="aff.3" />
      <name lang="und" type="forenames">Marco</name>
      <name lang="und" type="surname">D’Arienzo</name>
      <name lang="und" type="canonical">Marco D’Arienzo</name>
    </contributor>
    <contributor institution="false" role="author">
      <affiliation-ref ref="aff.3" />
      <name lang="und" type="forenames">Michelangelo</name>
      <name lang="und" type="surname">Ciotti</name>
      <name lang="und" type="canonical">Michelangelo Ciotti</name>
    </contributor>
    <contributor institution="false" role="author">
      <affiliation-ref ref="aff.1" />
      <name lang="und" type="forenames">Roberto</name>
      <name lang="und" type="surname">Montagnoli</name>
      <name lang="und" type="canonical">Roberto Montagnoli</name>
    </contributor>
    <contributor institution="false" role="author">
      <affiliation-ref ref="aff.1" />
      <name lang="und" type="forenames">Francesca</name>
      <name lang="und" type="surname">Saporetti</name>
      <name lang="und" type="canonical">Francesca Saporetti</name>
    </contributor>
    <contributor institution="false" role="author">
      <affiliation-ref ref="aff.1" />
      <name lang="und" type="forenames">Riccardo Maurizi</name>
      <name lang="und" type="surname">Enrici</name>
      <name lang="und" type="canonical">Riccardo Maurizi Enrici</name>
    </contributor>
    <date type="received" day="1" month="9" year="2009">1 September 2009</date>
    <date type="accepted" day="13" month="1" year="2010">13 January 2010</date>
    <date type="published" day="13" month="1" year="2010">13 January 2010</date>
    <description lang="und" type="abstract">Background: To assess the accuracy of fractionated stereotactic radiotherapy (FSRT) using a stereotactic mask
fixation system.
Patients and Methods: Sixteen patients treated with FSRT were involved in the study. A commercial stereotactic
mask fixation system (BrainLAB AG) was used for patient immobilization. Serial CT scans obtained before and
during FSRT were used to assess the accuracy of patient immobilization by comparing the isocenter position. Daily
portal imaging were acquired to establish day to day patient position variation. Displacement errors along the
different directions were calculated as combination of systematic and random errors.
Results: The mean isocenter displacements based on localization and verification CT imaging were 0.1 mm (SD 0.3
mm) in the lateral direction, 0.1 mm (SD 0.4 mm) in the anteroposterior, and 0.3 mm (SD 0.4 mm) in craniocaudal
direction. The mean 3D displacement was 0.5 mm (SD 0.4 mm), being maximum 1.4 mm. No significant
differences were found during the treatment (P = 0.4). The overall isocenter displacement as calculated by 456
anterior and lateral portal images were 0.3 mm (SD 0.9 mm) in the mediolateral direction, -0.2 mm (SD 1 mm) in
the anteroposterior direction, and 0.2 mm (SD 1.1 mm) in the craniocaudal direction. The largest displacement of
2.7 mm was seen in the cranio-caudal direction, with 95% of displacements &lt; 2 mm in any direction.
Conclusions: The results indicate that the setup error of the presented mask system evaluated by CT verification
scans and portal imaging are minimal. Reproducibility of the isocenter position is in the best range of positioning
reproducibility reported for other stereotactic systems.</description>
    <id scheme="bwmeta1.id-class.DOI" value="10.1186/1748-717X-5-1" />
    <name lang="und">Fractionated stereotactic radiotherapy for skull base tumors: analysis of treatment accuracy using a stereotactic mask fixation system</name>
    <structure hierarchy="bwmeta1.hierarchy-class.hierarchy_Journal">
      <ancestor level="bwmeta1.level.hierarchy_Journal_Number">
        <name lang="und">1</name>
      </ancestor>
      <ancestor level="bwmeta1.level.hierarchy_Journal_Journal">
        <name lang="und">Radiation Oncology</name>
      </ancestor>
      <ancestor level="bwmeta1.level.hierarchy_Journal_Volume">
        <name lang="und">5</name>
      </ancestor>
      <current level="bwmeta1.level.hierarchy_Journal_Article" />
    </structure>
  </element>
</bwmeta>

