<?xml version="1.0" encoding="UTF-8"?>
<bwmeta xmlns="http://yadda.icm.edu.pl/bwmeta-2.1.0.xsd">
  <element id="17487161">
    <affiliation id="aff.1">
      <text>Institut Elena Salvá, Vía Augusta 185, 08021 Barcelona, Spain</text>
    </affiliation>
    <affiliation id="aff.2">
      <text>Ortholutions, Königsseestrasse 10, D-83022 Rosenheim, Germany</text>
    </affiliation>
    <attribute key="email">
      <value>lolo_rigo@hotmail.com</value>
    </attribute>
    <contents>
      <file format="application/pdf" id="0" type="full-text">
        <location>yadda.pack:/archive/17487161/content/full-text/17487161.pdf</location>
      </file>
    </contents>
    <contributor institution="false" role="author">
      <affiliation-ref ref="aff.1" />
      <name lang="und" type="forenames">Manuel D</name>
      <name lang="und" type="surname">Rigo</name>
      <name lang="und" type="canonical">Manuel D Rigo</name>
    </contributor>
    <contributor institution="false" role="author">
      <affiliation-ref ref="aff.1" />
      <name lang="und" type="forenames">Mónica</name>
      <name lang="und" type="surname">Villagrasa</name>
      <name lang="und" type="canonical">Mónica Villagrasa</name>
    </contributor>
    <contributor institution="false" role="author">
      <affiliation-ref ref="aff.2" />
      <name lang="und" type="forenames">Dino</name>
      <name lang="und" type="surname">Gallo</name>
      <name lang="und" type="canonical">Dino Gallo</name>
    </contributor>
    <date type="received" day="28" month="8" year="2009">28 August 2009</date>
    <date type="accepted" day="27" month="1" year="2010">27 January 2010</date>
    <date type="published" day="27" month="1" year="2010">27 January 2010</date>
    <description lang="und" type="abstract">Background: Spinal classification systems for scoliosis which were developed to correlate with surgical treatment
historically have been used in brace treatment as well. Previously, there had not been a scoliosis classification
system developed specifically to correlate with brace design and treatment. The purpose of this study is to show
the intra- and inter- observer reliability of a new scoliosis classification system correlating with brace treatment.
Methods: An original classification system ("Rigo Classification”) was developed in order to define specific
principles of correction required for efficacious brace design and fabrication. The classification includes radiological
as well as clinical criteria. The radiological criteria are utilized to differentiate five basic types of curvatures
including: (I) imbalanced thoracic (or three curves pattern), (II) true double (or four curve pattern), (III) balanced
thoracic and false double (non 3 non 4), (IV) single lumbar and (V) single thoracolumbar. In addition to the
radiological criteria, the Rigo Classification incorporates the curve pattern according to SRS terminology, the
balance/imbalance at the transitional point, and L4-5 counter-tilting. To test the intra-and inter-observer reliability
of the Rigo Classification, three observers (1 MD, 1 PT and 1 CPO) measured (and one of them, the MD, re-
measured) 51 AP radiographs including all curvature types.
Results: The intra-observer Kappa value was 0.87 (acceptance &gt;0.70). The inter-observer Kappa values fluctuated
from 0.61 to 0.81 with an average of 0.71 (acceptance &gt; 0.70).
Conclusions: A specific scoliosis classification which correlates with brace treatment has been proposed with an
acceptable intra-and inter-observer reliability.</description>
    <id scheme="bwmeta1.id-class.DOI" value="10.1186/1748-7161-5-1" />
    <name lang="und">A specific scoliosis classification correlating with brace treatment: description and reliability</name>
    <structure hierarchy="bwmeta1.hierarchy-class.hierarchy_Journal">
      <ancestor level="bwmeta1.level.hierarchy_Journal_Number">
        <name lang="und">1</name>
      </ancestor>
      <ancestor level="bwmeta1.level.hierarchy_Journal_Journal">
        <name lang="und">Scoliosis</name>
      </ancestor>
      <ancestor level="bwmeta1.level.hierarchy_Journal_Volume">
        <name lang="und">5</name>
      </ancestor>
      <current level="bwmeta1.level.hierarchy_Journal_Article" />
    </structure>
  </element>
</bwmeta>

