<?xml version="1.0" encoding="UTF-8"?>
<bwmeta xmlns="http://yadda.icm.edu.pl/bwmeta-2.1.0.xsd">
  <element id="17497922">
    <affiliation id="aff.1">
      <text>Department of General Surgery, St Maria Hospital, Terni, University of Perugia, Italy</text>
    </affiliation>
    <affiliation id="aff.2">
      <text>III Department of Surgery, Attikon University Hospital, Athens, Greece</text>
    </affiliation>
    <attribute key="email">
      <value>eriberto.far@gmail.com</value>
    </attribute>
    <contents>
      <file format="application/pdf" id="0" type="full-text">
        <location>yadda.pack:/archive/17497922/content/full-text/17497922.pdf</location>
      </file>
    </contents>
    <contributor institution="false" role="author">
      <affiliation-ref ref="aff.1" />
      <name lang="und" type="forenames">Roberto</name>
      <name lang="und" type="surname">Cirocchi</name>
      <name lang="und" type="canonical">Roberto Cirocchi</name>
    </contributor>
    <contributor institution="false" role="author">
      <affiliation-ref ref="aff.1" />
      <name lang="und" type="forenames">Eriberto</name>
      <name lang="und" type="surname">Farinella</name>
      <name lang="und" type="canonical">Eriberto Farinella</name>
    </contributor>
    <contributor institution="false" role="author">
      <affiliation-ref ref="aff.1" />
      <name lang="und" type="forenames">Francesco La</name>
      <name lang="und" type="surname">Mura</name>
      <name lang="und" type="canonical">Francesco La Mura</name>
    </contributor>
    <contributor institution="false" role="author">
      <affiliation-ref ref="aff.1" />
      <name lang="und" type="forenames">Umberto</name>
      <name lang="und" type="surname">Morelli</name>
      <name lang="und" type="canonical">Umberto Morelli</name>
    </contributor>
    <contributor institution="false" role="author">
      <affiliation-ref ref="aff.1" />
      <name lang="und" type="forenames">Stefano</name>
      <name lang="und" type="surname">Trastulli</name>
      <name lang="und" type="canonical">Stefano Trastulli</name>
    </contributor>
    <contributor institution="false" role="author">
      <affiliation-ref ref="aff.1" />
      <name lang="und" type="forenames">Diego</name>
      <name lang="und" type="surname">Milani</name>
      <name lang="und" type="canonical">Diego Milani</name>
    </contributor>
    <contributor institution="false" role="author">
      <affiliation-ref ref="aff.1" />
      <name lang="und" type="forenames">Micol S Di</name>
      <name lang="und" type="surname">Patrizi</name>
      <name lang="und" type="canonical">Micol S Di Patrizi</name>
    </contributor>
    <contributor institution="false" role="author">
      <affiliation-ref ref="aff.1" />
      <name lang="und" type="forenames">Barbara</name>
      <name lang="und" type="surname">Rossetti</name>
      <name lang="und" type="canonical">Barbara Rossetti</name>
    </contributor>
    <contributor institution="false" role="author">
      <affiliation-ref ref="aff.1" />
      <name lang="und" type="forenames">Alessandro</name>
      <name lang="und" type="surname">Spizzirri</name>
      <name lang="und" type="canonical">Alessandro Spizzirri</name>
    </contributor>
    <contributor institution="false" role="author">
      <affiliation-ref ref="aff.1" />
      <name lang="und" type="forenames">Ioanna</name>
      <name lang="und" type="surname">Galanou</name>
      <name lang="und" type="canonical">Ioanna Galanou</name>
    </contributor>
    <contributor institution="false" role="author">
      <affiliation-ref ref="aff.2" />
      <name lang="und" type="forenames">Konstandinos</name>
      <name lang="und" type="surname">Kopanakis</name>
      <name lang="und" type="canonical">Konstandinos Kopanakis</name>
    </contributor>
    <contributor institution="false" role="author">
      <affiliation-ref ref="aff.1" />
      <name lang="und" type="forenames">Valerio</name>
      <name lang="und" type="surname">Mecarelli</name>
      <name lang="und" type="canonical">Valerio Mecarelli</name>
    </contributor>
    <contributor institution="false" role="author">
      <affiliation-ref ref="aff.1" />
      <name lang="und" type="forenames">Francesco</name>
      <name lang="und" type="surname">Sciannameo</name>
      <name lang="und" type="canonical">Francesco Sciannameo</name>
    </contributor>
    <date type="received" day="14" month="4" year="2009">14 April 2009</date>
    <date type="accepted" day="13" month="1" year="2010">13 January 2010</date>
    <date type="published" day="13" month="1" year="2010">13 January 2010</date>
    <description lang="und" type="abstract">Background: In western countries intestinal obstruction caused by sigmoid volvulus is rare and its mortality
remains significant in patients with late diagnosis. The aim of this work is to assess what is the correct surgical
timing and how the prognosis changes for the different clinical types.
Methods: We realized a retrospective clinical study including all the patients treated for sigmoid volvulus in the
Department of General Surgery, St Maria Hospital, Terni, from January 1996 till January 2009. We selected 23
patients and divided them in 2 groups on the basis of the clinical onset: patients with clear clinical signs of
obstruction and patients with subocclusive symptoms. We focused on 30-day postoperative mortality in relation to
the surgical timing and procedure performed for each group.
Results: In the obstruction group mortality rate was 44% and it concerned only the patients who had clinical signs
and symptoms of peritonitis and that were treated with a sigmoid resection (57%). Conversely none of the patients
treated with intestinal derotation and colopexy died. In the subocclusive group mortality was 35% and it increased
up to 50% in those patients with a late diagnosis who underwent a sigmoid resection.
Conclusions: The mortality of patients affected by sigmoid volvulus is related to the disease stage, prompt surgical
timing, functional status of the patient and his collaboration with the clinicians in the pre-operative decision
making process. Mortality is higher in both obstructed patients with generalized peritonitis and patients affected
by subocclusion with late diagnosis and surgical treatment; in both scenarios a Hartmann’s procedure is the proper
operation to be considered.</description>
    <id scheme="bwmeta1.id-class.DOI" value="10.1186/1749-7922-5-1" />
    <name lang="und">The sigmoid volvulus: surgical timing and mortality for different clinical types</name>
    <structure hierarchy="bwmeta1.hierarchy-class.hierarchy_Journal">
      <ancestor level="bwmeta1.level.hierarchy_Journal_Number">
        <name lang="und">1</name>
      </ancestor>
      <ancestor level="bwmeta1.level.hierarchy_Journal_Journal">
        <name lang="und">World Journal of Emergency Surgery</name>
      </ancestor>
      <ancestor level="bwmeta1.level.hierarchy_Journal_Volume">
        <name lang="und">5</name>
      </ancestor>
      <current level="bwmeta1.level.hierarchy_Journal_Article" />
    </structure>
  </element>
</bwmeta>

