<?xml version="1.0" encoding="UTF-8"?>
<bwmeta xmlns="http://yadda.icm.edu.pl/bwmeta-2.1.0.xsd">
  <element id="1749799X">
    <affiliation id="aff.1">
      <text>Department of Physical Therapy, Elborn College, The University of Western Ontario, London, Ontario, N6G 1H1, Canada</text>
    </affiliation>
    <affiliation id="aff.3">
      <text>Department of Surgery, Hand and Upper Limb Centre, Clinical Research Laboratory, St Joseph’s Health Centre, 268 Grosvenor St, London, Ontario, N6A 3A8, Canada</text>
    </affiliation>
    <affiliation id="aff.2">
      <text>Hand and Upper Limb Centre Clinical Research Laboratory, St Joseph’s Health Centre, 268 Grosvenor St, London, Ontario, N6A 3A8, Canada</text>
    </affiliation>
    <attribute key="email">
      <value>sbashar@uwo.ca</value>
    </attribute>
    <contents>
      <file format="application/pdf" id="0" type="full-text">
        <location>yadda.pack:/archive/1749799X/content/full-text/1749799X.pdf</location>
      </file>
    </contents>
    <contributor institution="false" role="author">
      <affiliation-ref ref="aff.1" />
      <name lang="und" type="forenames">Siamak Bashardoust</name>
      <name lang="und" type="surname">Tajali</name>
      <name lang="und" type="canonical">Siamak Bashardoust Tajali</name>
    </contributor>
    <contributor institution="false" role="author">
      <affiliation-ref ref="aff.1" />
      <affiliation-ref ref="aff.2" />
      <name lang="und" type="forenames">Joy C</name>
      <name lang="und" type="surname">MacDermid</name>
      <name lang="und" type="canonical">Joy C MacDermid</name>
    </contributor>
    <contributor institution="false" role="author">
      <affiliation-ref ref="aff.1" />
      <name lang="und" type="forenames">Pamela</name>
      <name lang="und" type="surname">Houghton</name>
      <name lang="und" type="canonical">Pamela Houghton</name>
    </contributor>
    <contributor institution="false" role="author">
      <affiliation-ref ref="aff.3" />
      <name lang="und" type="forenames">Ruby</name>
      <name lang="und" type="surname">Grewal</name>
      <name lang="und" type="canonical">Ruby Grewal</name>
    </contributor>
    <date type="received" day="29" month="3" year="2009">29 March 2009</date>
    <date type="accepted" day="4" month="1" year="2010">4 January 2010</date>
    <date type="published" day="4" month="1" year="2010">4 January 2010</date>
    <description lang="und" type="abstract">Purpose: The meta-analysis was performed to identify animal research defining the effects of low power laser
irradiation on biomechanical indicators of bone regeneration and the impact of dosage.
Methods: We searched five electronic databases (MEDLINE, EMBASE, PubMed, CINAHL, and Cochrane Database of
Randomised Clinical Trials) for studies in the area of laser and bone healing published from 1966 to October 2008.
Included studies had to investigate fracture healing in any animal model, using any type of low power laser
irradiation, and use at least one quantitative biomechanical measures of bone strength. There were 880 abstracts
related to the laser irradiation and bone issues (healing, surgery and assessment). Five studies met our inclusion
criteria and were critically appraised by two raters independently using a structured tool designed for rating the
quality of animal research studies. After full text review, two articles were deemed ineligible for meta-analysis
because of the type of injury method and biomechanical variables used, leaving three studies for meta-analysis.
Maximum bone tolerance force before the point of fracture during the biomechanical test, 4 weeks after bone
deficiency was our main biomechanical bone properties for the Meta analysis.
Results: Studies indicate that low power laser irradiation can enhance biomechanical properties of bone during
fracture healing in animal models. Maximum bone tolerance was statistically improved following low level laser
irradiation (average random effect size 0.726, 95% CI 0.08 - 1.37, p 0.028). While conclusions are limited by the low
number of studies, there is concordance across limited evidence that laser improves the strength of bone tissue
during the healing process in animal models.</description>
    <id scheme="bwmeta1.id-class.DOI" value="10.1186/1749-799X-5-1" />
    <name lang="und">Effects of low power laser irradiation on bone healing in animals: a meta-analysis</name>
    <structure hierarchy="bwmeta1.hierarchy-class.hierarchy_Journal">
      <ancestor level="bwmeta1.level.hierarchy_Journal_Journal">
        <name lang="und">Journal of Orthopaedic Surgery and Research</name>
      </ancestor>
      <ancestor level="bwmeta1.level.hierarchy_Journal_Number">
        <name lang="und">1</name>
      </ancestor>
      <ancestor level="bwmeta1.level.hierarchy_Journal_Volume">
        <name lang="und">5</name>
      </ancestor>
      <current level="bwmeta1.level.hierarchy_Journal_Article" />
    </structure>
  </element>
</bwmeta>

