<?xml version="1.0" encoding="UTF-8"?>
<bwmeta xmlns="http://yadda.icm.edu.pl/bwmeta-2.1.0.xsd">
  <element id="17498104">
    <affiliation id="aff.1">
      <text>Department of Oncology, University of Cambridge, Hutchison-MRC Research Centre, Addenbrookes Hospital, Hills Road, Cambridge, CB2 0XZ, UK</text>
    </affiliation>
    <affiliation id="aff.3">
      <text>Program in Molecular Biology and Biotechnology, University of North Carolina at Chapel Hill, Chapel Hill, NC 27599, USA</text>
    </affiliation>
    <affiliation id="aff.2">
      <text>Current address: Division of Virology, Department of Pathology, University of Cambridge, Tennis Court Road, CB2 1QP, UK</text>
    </affiliation>
    <affiliation id="aff.4">
      <text>Department of Cell Biology and Physiology, and Cancer Center, University of New Mexico Health Sciences Center, Albuquerque, NM 87131, USA</text>
    </affiliation>
    <attribute key="email">
      <value>ap113@cam.ac.uk</value>
    </attribute>
    <contents>
      <file format="application/pdf" id="0" type="full-text">
        <location>yadda.pack:/archive/17498104/content/full-text/17498104.pdf</location>
      </file>
    </contents>
    <contributor institution="false" role="author">
      <affiliation-ref ref="aff.1" />
      <name lang="und" type="forenames">Alexandra D</name>
      <name lang="und" type="surname">Almeida</name>
      <name lang="und" type="canonical">Alexandra D Almeida</name>
    </contributor>
    <contributor institution="false" role="author">
      <affiliation-ref ref="aff.2" />
      <name lang="und" type="forenames">Helen M</name>
      <name lang="und" type="surname">Wise</name>
      <name lang="und" type="canonical">Helen M Wise</name>
    </contributor>
    <contributor institution="false" role="author">
      <affiliation-ref ref="aff.1" />
      <name lang="und" type="forenames">Christopher J</name>
      <name lang="und" type="surname">Hindley</name>
      <name lang="und" type="canonical">Christopher J Hindley</name>
    </contributor>
    <contributor institution="false" role="author">
      <affiliation-ref ref="aff.3" />
      <name lang="und" type="forenames">Michael K</name>
      <name lang="und" type="surname">Slevin</name>
      <name lang="und" type="canonical">Michael K Slevin</name>
    </contributor>
    <contributor institution="false" role="author">
      <affiliation-ref ref="aff.4" />
      <name lang="und" type="forenames">Rebecca S</name>
      <name lang="und" type="surname">Hartley</name>
      <name lang="und" type="canonical">Rebecca S Hartley</name>
    </contributor>
    <contributor institution="false" role="author">
      <affiliation-ref ref="aff.1" />
      <name lang="und" type="forenames">Anna</name>
      <name lang="und" type="surname">Philpott</name>
      <name lang="und" type="canonical">Anna Philpott</name>
    </contributor>
    <date type="received" day="27" month="1" year="2009">27 January 2009</date>
    <date type="accepted" day="4" month="1" year="2010">4 January 2010</date>
    <date type="published" day="4" month="1" year="2010">4 January 2010</date>
    <description lang="und" type="abstract">Background: The neural crest is a unique population of cells that arise in the vertebrate ectoderm at the neural
plate border after which they migrate extensively throughout the embryo, giving rise to a wide range of
derivatives. A number of proteins involved in neural crest development have dynamic expression patterns, and it is
becoming clear that ubiquitin-mediated protein degradation is partly responsible for this.
Results: Here we demonstrate a novel role for the F-box protein Cdc4/Fbxw7 in neural crest development. Two
isoforms of Xenopus laevis Cdc4 were identified, and designated xCdc4a and xCdc4b. These are highly conserved
with vertebrate Cdc4 orthologs, and the Xenopus proteins are functionally equivalent in terms of their ability to
degrade Cyclin E, an established vertebrate Cdc4 target. Blocking xCdc4 function specifically inhibited neural crest
development at an early stage, prior to expression of c-Myc, Snail2 and Snail.
Conclusions: We demonstrate that Cdc4, an ubiquitin E3 ligase subunit previously identified as targeting primarily
cell cycle regulators for proteolysis, has additional roles in control of formation of the neural crest. Hence, we
identify Cdc4 as a protein with separable but complementary functions in control of cell proliferation and
differentiation.</description>
    <id scheme="bwmeta1.id-class.DOI" value="10.1186/1749-8104-5-1" />
    <name lang="und">The F-box protein Cdc4/Fbxw7 is a novel regulator of neural crest development in Xenopus laevis</name>
    <structure hierarchy="bwmeta1.hierarchy-class.hierarchy_Journal">
      <ancestor level="bwmeta1.level.hierarchy_Journal_Number">
        <name lang="und">1</name>
      </ancestor>
      <ancestor level="bwmeta1.level.hierarchy_Journal_Journal">
        <name lang="und">Neural Development</name>
      </ancestor>
      <ancestor level="bwmeta1.level.hierarchy_Journal_Volume">
        <name lang="und">5</name>
      </ancestor>
      <current level="bwmeta1.level.hierarchy_Journal_Article" />
    </structure>
  </element>
</bwmeta>

