<?xml version="1.0" encoding="UTF-8"?>
<bwmeta xmlns="http://yadda.icm.edu.pl/bwmeta-2.1.0.xsd">
  <element id="17501326">
    <affiliation id="aff.1">
      <text>Laboratory of Molecular Neuropsychiatry, Mount Sinai School of Medicine, One Gustave L Levy Place, New York, NY 10029, USA</text>
    </affiliation>
    <affiliation id="aff.3">
      <text>Department of Neuroscience, Mount Sinai School of Medicine, One Gustave L Levy Place, New York, NY 10029, USA</text>
    </affiliation>
    <affiliation id="aff.2">
      <text>Department of Psychiatry, Mount Sinai School of Medicine, One Gustave L Levy Place, New York, NY 10029, USA</text>
    </affiliation>
    <affiliation id="aff.7">
      <text>Department of Neurology, Mount Sinai School of Medicine, One Gustave L Levy Place, New York, NY 10029, USA</text>
    </affiliation>
    <affiliation id="aff.6">
      <text>James J Peters Veterans Affairs Medical Center, 130 West Kingsbridge Road, Bronx, NY 10468, USA</text>
    </affiliation>
    <affiliation id="aff.5">
      <text>Sir James McCusker Alzheimer’s Disease Research Unit (Hollywood Private Hospital), Perth, Western Australia, Australia</text>
    </affiliation>
    <affiliation id="aff.4">
      <text>Centre of Excellence for Alzheimer’s Disease Research Care, School of Exercise Biomedical and Health Sciences, Edith Cowan University, Joondalup, Western Australia, Australia</text>
    </affiliation>
    <affiliation id="aff.8">
      <text>Department of Genetics and Genomic Sciences, Mount Sinai School of Medicine, One Gustave L Levy Place, New York, NY 10029, USA</text>
    </affiliation>
    <attribute key="email">
      <value>joseph.buxbaum@mssm.edu</value>
    </attribute>
    <contents>
      <file format="application/pdf" id="0" type="full-text">
        <location>yadda.pack:/archive/17501326/content/full-text/17501326.pdf</location>
      </file>
    </contents>
    <contributor institution="false" role="author">
      <affiliation-ref ref="aff.1" />
      <affiliation-ref ref="aff.2" />
      <affiliation-ref ref="aff.3" />
      <name lang="und" type="forenames">Yuji</name>
      <name lang="und" type="surname">Kajiwara</name>
      <name lang="und" type="canonical">Yuji Kajiwara</name>
    </contributor>
    <contributor institution="false" role="author">
      <affiliation-ref ref="aff.1" />
      <affiliation-ref ref="aff.2" />
      <name lang="und" type="forenames">Sonia</name>
      <name lang="und" type="surname">Franciosi</name>
      <name lang="und" type="canonical">Sonia Franciosi</name>
    </contributor>
    <contributor institution="false" role="author">
      <affiliation-ref ref="aff.1" />
      <affiliation-ref ref="aff.2" />
      <name lang="und" type="forenames">Nagahide</name>
      <name lang="und" type="surname">Takahashi</name>
      <name lang="und" type="canonical">Nagahide Takahashi</name>
    </contributor>
    <contributor institution="false" role="author">
      <affiliation-ref ref="aff.1" />
      <affiliation-ref ref="aff.2" />
      <name lang="und" type="forenames">Lisa</name>
      <name lang="und" type="surname">Krug</name>
      <name lang="und" type="canonical">Lisa Krug</name>
    </contributor>
    <contributor institution="false" role="author">
      <affiliation-ref ref="aff.2" />
      <name lang="und" type="forenames">James</name>
      <name lang="und" type="surname">Schmeidler</name>
      <name lang="und" type="canonical">James Schmeidler</name>
    </contributor>
    <contributor institution="false" role="author">
      <affiliation-ref ref="aff.4" />
      <affiliation-ref ref="aff.5" />
      <name lang="und" type="forenames">Kevin</name>
      <name lang="und" type="surname">Taddei</name>
      <name lang="und" type="canonical">Kevin Taddei</name>
    </contributor>
    <contributor institution="false" role="author">
      <affiliation-ref ref="aff.2" />
      <affiliation-ref ref="aff.6" />
      <name lang="und" type="forenames">Vahram</name>
      <name lang="und" type="surname">Haroutunian</name>
      <name lang="und" type="canonical">Vahram Haroutunian</name>
    </contributor>
    <contributor institution="false" role="author">
      <affiliation-ref ref="aff.1" />
      <affiliation-ref ref="aff.2" />
      <name lang="und" type="forenames">Ulrik</name>
      <name lang="und" type="surname">Fried</name>
      <name lang="und" type="canonical">Ulrik Fried</name>
    </contributor>
    <contributor institution="false" role="author">
      <affiliation-ref ref="aff.7" />
      <name lang="und" type="forenames">Michelle</name>
      <name lang="und" type="surname">Ehrlich</name>
      <name lang="und" type="canonical">Michelle Ehrlich</name>
    </contributor>
    <contributor institution="false" role="author">
      <affiliation-ref ref="aff.4" />
      <name lang="und" type="forenames">Ralph N</name>
      <name lang="und" type="surname">Martins</name>
      <name lang="und" type="canonical">Ralph N Martins</name>
    </contributor>
    <contributor institution="false" role="author">
      <affiliation-ref ref="aff.2" />
      <affiliation-ref ref="aff.7" />
      <name lang="und" type="forenames">Samuel</name>
      <name lang="und" type="surname">Gandy</name>
      <name lang="und" type="canonical">Samuel Gandy</name>
    </contributor>
    <contributor institution="false" role="author">
      <affiliation-ref ref="aff.1" />
      <affiliation-ref ref="aff.2" />
      <affiliation-ref ref="aff.3" />
      <affiliation-ref ref="aff.8" />
      <name lang="und" type="forenames">Joseph D</name>
      <name lang="und" type="surname">Buxbaum</name>
      <name lang="und" type="canonical">Joseph D Buxbaum</name>
    </contributor>
    <date type="received" day="15" month="10" year="2009">15 October 2009</date>
    <date type="accepted" day="14" month="1" year="2010">14 January 2010</date>
    <date type="published" day="14" month="1" year="2010">14 January 2010</date>
    <description lang="und" type="abstract">Background: The low-density lipoprotein receptor related protein 1 (LRP1) has been implicated in Alzheimer’s
disease (AD) but its signalling has not been fully evaluated. There is good evidence that the cytoplasmic domain of
LRP1 is involved in protein-protein interactions, important in the cell biology of LRP1.
Results: We carried out three yeast two-hybrid screens to identify proteins that interact with the cytoplasmic
domain of LRP1. The screens included both conventional screens as well as a novel, split-ubiquitin-based screen in
which an LRP1 construct was expressed and screened as a transmembrane protein. The split-ubiquitin screen was
validated in a screen using full-length amyloid protein precursor (APP), which successfully identified FE65 and
FE65L2, as well as novel interactors (Rab3a, Napg, and ubiquitin b). Using both a conventional screen as well as the
split-ubiquitin screen, we identified NYGGF4 as a novel LRP1 interactor. The interaction between LRP1 and NYGGF4
was validated using two-hybrid assays, coprecipitation and colocalization in mammalian cells. Mutation analysis
demonstrated a specific interaction of NYGGF4 with an NPXY motif that required an intact tyrosine residue.
Interestingly, while we confirmed that other LRP1 interactors we identified, including JIP1B and EB-1, were also
able to bind to APP, NYGGF4 was unique in that it showed specific binding with LRP1. Expression of NYGGF4
decreased significantly in patients with AD as compared to age-matched controls, and showed decreasing
expression with AD disease progression. Examination of Nyggf4 expression in mice with different alleles of the
human APOE4 gene showed significant differences in Nyggf4 expression.
Conclusions: These results implicate NYGGF4 as a novel and specific interactor of LRP1. Decreased expression of
LRP1 and NYGGF4 over disease, evident with the presence of even moderate numbers of neuritic plaques,
suggests that LRP1-NYGGF4 is a system altered early in disease. Genetic and functional studies have implicated
both LRP1 and NYGGF4 in obesity and cardiovascular disease and the physical association of these proteins may
reflect a common mechanism. This is particularly interesting in light of the dual role of ApoE in both cardiovascular
risk and AD. The results support further studies on the functional relationship between NYGGF4 and LRP1.</description>
    <id scheme="bwmeta1.id-class.DOI" value="10.1186/1750-1326-5-1" />
    <name lang="und">Extensive proteomic screening identifies the obesity-related NYGGF4 protein as a novel LRP1-interactor, showing reduced expression in early Alzheimer’s disease</name>
    <structure hierarchy="bwmeta1.hierarchy-class.hierarchy_Journal">
      <ancestor level="bwmeta1.level.hierarchy_Journal_Number">
        <name lang="und">1</name>
      </ancestor>
      <ancestor level="bwmeta1.level.hierarchy_Journal_Journal">
        <name lang="und">Molecular Neurodegeneration</name>
      </ancestor>
      <ancestor level="bwmeta1.level.hierarchy_Journal_Volume">
        <name lang="und">5</name>
      </ancestor>
      <current level="bwmeta1.level.hierarchy_Journal_Article" />
    </structure>
  </element>
</bwmeta>

