<?xml version="1.0" encoding="UTF-8"?>
<bwmeta xmlns="http://yadda.icm.edu.pl/bwmeta-2.1.0.xsd">
  <element id="17501172">
    <affiliation id="aff.3">
      <text>Hospital Valle del Nalón. Langreo, Asturias, Spain</text>
    </affiliation>
    <affiliation id="aff.2">
      <text>Hospital Universitario Central de Asturias, Oviedo, Asturias, Spain</text>
    </affiliation>
    <affiliation id="aff.1">
      <text>Hospital Universitario Fundación Santafé de Bogotá. Bogotá, Colombia</text>
    </affiliation>
    <affiliation id="aff.4">
      <text>Universidad de Oviedo. Oviedo, Asturias, Spain</text>
    </affiliation>
    <attribute key="email">
      <value>fsantos@uniovi.es</value>
    </attribute>
    <contents>
      <file format="application/pdf" id="0" type="full-text">
        <location>yadda.pack:/archive/17501172/content/full-text/17501172.pdf</location>
      </file>
    </contents>
    <contributor institution="false" role="author">
      <affiliation-ref ref="aff.1" />
      <name lang="und" type="forenames">Natalia</name>
      <name lang="und" type="surname">Mejia-Gaviria</name>
      <name lang="und" type="canonical">Natalia Mejia-Gaviria</name>
    </contributor>
    <contributor institution="false" role="author">
      <affiliation-ref ref="aff.2" />
      <name lang="und" type="forenames">Helena</name>
      <name lang="und" type="surname">Gil-Peña</name>
      <name lang="und" type="canonical">Helena Gil-Peña</name>
    </contributor>
    <contributor institution="false" role="author">
      <affiliation-ref ref="aff.2" />
      <name lang="und" type="forenames">Eliecer</name>
      <name lang="und" type="surname">Coto</name>
      <name lang="und" type="canonical">Eliecer Coto</name>
    </contributor>
    <contributor institution="false" role="author">
      <affiliation-ref ref="aff.3" />
      <name lang="und" type="forenames">Teresa M</name>
      <name lang="und" type="surname">Pérez-Menéndez</name>
      <name lang="und" type="canonical">Teresa M Pérez-Menéndez</name>
    </contributor>
    <contributor institution="false" role="author">
      <affiliation-ref ref="aff.2" />
      <affiliation-ref ref="aff.4" />
      <name lang="und" type="forenames">Fernando</name>
      <name lang="und" type="surname">Santos</name>
      <name lang="und" type="canonical">Fernando Santos</name>
    </contributor>
    <date type="received" day="16" month="7" year="2009">16 July 2009</date>
    <date type="accepted" day="14" month="1" year="2010">14 January 2010</date>
    <date type="published" day="14" month="1" year="2010">14 January 2010</date>
    <description lang="und" type="abstract">Hereditary hypophosphatemic rickets with hypercalciuria is a rare autosomal recessive disorder (OMIM #241530),
characterized by decreased renal phosphate reabsorption that leads to hypophosphatemia, rickets, and bone pain;
hypophosphatemia is believed to stimulate 1,25 dihydroxyvitamin D synthesis which, in turn, results in hypercal-
ciuria. Hereditary hypophosphatemic rickets with hypercalciuria is caused by loss-of-function in the type 2c sodium
phosphate cotransporter encoded by the SLC34A3 gene. This report shows a family with a non-previously identi-
fied mutation in the SLC34A3 gene and exhibiting mild and different manifestations of HHRH. The probandus had
hypophosphatemia, elevated serum 1,25 dihydroxyvitamin D concentrations, high serum alkaline phosphatase
levels, hypercalciuria and nephrocalcinosis. The other members of the family presented some of these alterations:
the mother, hypercalciuria and high 1,25 dihydroxyvitamin D concentrations; the son, hypercalciuria, high 1,25
dihydroxyvitamin D values and elevated alkaline phosphatases; the father, high alkaline phosphatases. The genetic
analysis revealed the existence of a single mutation (G78R) in heterozygosis in the SLC34A3 gene in the proban-
dus, her mother and her brother, but not in the father. These findings suggest that he mutation in heterozygosis
likely gave rise to a mild phenotype with different penetrance in the three relatives and also indicates that the ele-
vation of 1,25 dihydroxyvitamin D does not result from hypophosphatemia. Thus, this family raises some issues on
the transmission and pathophysiology of hereditary hypophosphatemic rickets with hypercalciuria.</description>
    <id scheme="bwmeta1.id-class.DOI" value="10.1186/1750-1172-5-1" />
    <name lang="und">Genetic and clinical peculiarities in a new family with hereditary hypophosphatemic rickets with hypercalciuria: a case report</name>
    <structure hierarchy="bwmeta1.hierarchy-class.hierarchy_Journal">
      <ancestor level="bwmeta1.level.hierarchy_Journal_Journal">
        <name lang="und">Orphanet Journal of Rare Diseases</name>
      </ancestor>
      <ancestor level="bwmeta1.level.hierarchy_Journal_Number">
        <name lang="und">1</name>
      </ancestor>
      <ancestor level="bwmeta1.level.hierarchy_Journal_Volume">
        <name lang="und">5</name>
      </ancestor>
      <current level="bwmeta1.level.hierarchy_Journal_Article" />
    </structure>
  </element>
</bwmeta>

