<?xml version="1.0" encoding="UTF-8"?>
<bwmeta xmlns="http://yadda.icm.edu.pl/bwmeta-2.1.0.xsd">
  <element id="17504732">
    <affiliation id="aff.default">
      <text>The Osteopathic Research Center, University of North Texas Health Science Center, Fort Worth, TX, USA</text>
    </affiliation>
    <attribute key="email">
      <value>licciar@hsc.unt.edu</value>
    </attribute>
    <contents>
      <file format="application/pdf" id="0" type="full-text">
        <location>yadda.pack:/archive/17504732/content/full-text/17504732.pdf</location>
      </file>
    </contents>
    <contributor institution="false" role="author">
      <affiliation-ref ref="aff.default" />
      <name lang="und" type="forenames">John C</name>
      <name lang="und" type="surname">Licciardone</name>
      <name lang="und" type="canonical">John C Licciardone</name>
    </contributor>
    <date type="received" day="7" month="1" year="2010">7 January 2010</date>
    <date type="accepted" day="12" month="1" year="2010">12 January 2010</date>
    <date type="published" day="12" month="1" year="2010">12 January 2010</date>
    <description lang="und" type="abstract">Osteopathic Medicine and Primary Care (OMPC) enters its fourth year of operation in 2010 under the umbrella of
BioMed Central. Osteopathic Medicine and Primary Care strives to promote and advance research and scholarly work
within the fields of osteopathic medicine and primary care. In so doing, OMPC welcomes submissions from clini-
cians within both the osteopathic and allopathic medical professions, and from other professionals having interests
in primary care, including health care delivery, public health, and evidence-based medicine. Osteopathic Medicine
and Primary Care offers fair and expeditious peer review (mean time from submission to publication, 118 days),
retention of copyright for authors, unlimited online distribution and access without charge to readers, indexing in
PubMed, and archiving in PubMed Central. In 2010, there will be an increased availability of waivers or discounts of
article processing charges via several mechanisms for eligible authors who submit qualified manuscripts, especially
in the field of primary care.</description>
    <id scheme="bwmeta1.id-class.DOI" value="10.1186/1750-4732-4-1" />
    <name lang="und">Osteopathic Medicine and Primary Care: one journal, two audiences</name>
    <structure hierarchy="bwmeta1.hierarchy-class.hierarchy_Journal">
      <ancestor level="bwmeta1.level.hierarchy_Journal_Number">
        <name lang="und">1</name>
      </ancestor>
      <ancestor level="bwmeta1.level.hierarchy_Journal_Journal">
        <name lang="und">Osteopathic Medicine and Primary Care</name>
      </ancestor>
      <ancestor level="bwmeta1.level.hierarchy_Journal_Volume">
        <name lang="und">4</name>
      </ancestor>
      <current level="bwmeta1.level.hierarchy_Journal_Article" />
    </structure>
  </element>
</bwmeta>

