<?xml version="1.0" encoding="UTF-8"?>
<bwmeta xmlns="http://yadda.icm.edu.pl/bwmeta-2.1.0.xsd">
  <element id="17522897">
    <affiliation id="aff.1">
      <text>Department of Surgery, University of Calgary, Calgary, Canada</text>
    </affiliation>
    <affiliation id="aff.2">
      <text>Department of Surgery, University of British Columbia, Vancouver, Canada</text>
    </affiliation>
    <attribute key="email">
      <value>ball.chad@gmail.com</value>
    </attribute>
    <contents>
      <file format="application/pdf" id="0" type="full-text">
        <location>yadda.pack:/archive/17522897/content/full-text/17522897.pdf</location>
      </file>
    </contents>
    <contributor institution="false" role="author">
      <affiliation-ref ref="aff.1" />
      <name lang="und" type="forenames">Indraneel</name>
      <name lang="und" type="surname">Datta</name>
      <name lang="und" type="canonical">Indraneel Datta</name>
    </contributor>
    <contributor institution="false" role="author">
      <affiliation-ref ref="aff.1" />
      <name lang="und" type="forenames">Chad G</name>
      <name lang="und" type="surname">Ball</name>
      <name lang="und" type="canonical">Chad G Ball</name>
    </contributor>
    <contributor institution="false" role="author">
      <affiliation-ref ref="aff.1" />
      <name lang="und" type="forenames">Lucas</name>
      <name lang="und" type="surname">Rudmik</name>
      <name lang="und" type="canonical">Lucas Rudmik</name>
    </contributor>
    <contributor institution="false" role="author">
      <affiliation-ref ref="aff.2" />
      <name lang="und" type="forenames">S Morad</name>
      <name lang="und" type="surname">Hameed</name>
      <name lang="und" type="canonical">S Morad Hameed</name>
    </contributor>
    <contributor institution="false" role="author">
      <affiliation-ref ref="aff.1" />
      <name lang="und" type="forenames">John B</name>
      <name lang="und" type="surname">Kortbeek</name>
      <name lang="und" type="canonical">John B Kortbeek</name>
    </contributor>
    <date type="received" day="2" month="6" year="2009">2 June 2009</date>
    <date type="accepted" day="6" month="1" year="2010">6 January 2010</date>
    <date type="published" day="6" month="1" year="2010">6 January 2010</date>
    <description lang="und" type="abstract">Deep venous thrombosis prophylaxis is essential to the appropriate management of multisystem trauma patients.
Without thromboprophylaxis, the rate of venous thrombosis and subsequent pulmonary embolism is substantial.
Three prophylactic modalities are common: pharmacologic anticoagulation, mechanical compression devices, and
inferior vena cava filtration. A systematic review was completed using PRISMA guidelines to evaluate the potential
complications of DVT prophylactic options. Level one evidence currently supports the use of low molecular weight
heparins for thromboprophylaxis in the trauma patient. Unfortunately, multiple techniques are not infrequently
required for complex multisystem trauma patients. Each modality has potential complications. The risks of heparin
include bleeding and heparin induced thrombocytopenia. Mechanical compression devices can result in local soft
tissue injury, bleeding and patient non-compliance. Inferior vena cava filters migrate, cause inferior vena cava
occlusion, and penetrate the vessel wall. While the use of these techniques can be life saving, they must be appro-
priately utilized.</description>
    <id scheme="bwmeta1.id-class.DOI" value="10.1186/1752-2897-4-1" />
    <name lang="und">Complications related to deep venous thrombosis prophylaxis in trauma: a systematic review of the literature</name>
    <structure hierarchy="bwmeta1.hierarchy-class.hierarchy_Journal">
      <ancestor level="bwmeta1.level.hierarchy_Journal_Journal">
        <name lang="und">Journal of Trauma Management &amp; Outcomes</name>
      </ancestor>
      <ancestor level="bwmeta1.level.hierarchy_Journal_Number">
        <name lang="und">1</name>
      </ancestor>
      <ancestor level="bwmeta1.level.hierarchy_Journal_Volume">
        <name lang="und">4</name>
      </ancestor>
      <current level="bwmeta1.level.hierarchy_Journal_Article" />
    </structure>
  </element>
</bwmeta>

