<?xml version="1.0" encoding="UTF-8"?>
<bwmeta xmlns="http://yadda.icm.edu.pl/bwmeta-2.1.0.xsd">
  <element id="17534631">
    <affiliation id="aff.1">
      <text>Mathematics Department, Faculty of Science, Mansoura University, 35516, Mansoura, Egypt</text>
    </affiliation>
    <affiliation id="aff.2">
      <text>Mathematics Department, Faculty of Science, Mansoura University, 34517, New Damietta, Egypt</text>
    </affiliation>
    <attribute key="email">
      <value>magd45@yahoo.com</value>
    </attribute>
    <contents>
      <file format="application/pdf" id="0" type="full-text">
        <location>yadda.pack:/archive/17534631/content/full-text/17534631.pdf</location>
      </file>
    </contents>
    <contributor institution="false" role="author">
      <affiliation-ref ref="aff.1" />
      <name lang="und" type="forenames">E</name>
      <name lang="und" type="surname">Ahmed</name>
      <name lang="und" type="canonical">E Ahmed</name>
    </contributor>
    <contributor institution="false" role="author">
      <affiliation-ref ref="aff.2" />
      <name lang="und" type="forenames">H A</name>
      <name lang="und" type="surname">El-Saka</name>
      <name lang="und" type="canonical">H A El-Saka</name>
    </contributor>
    <date type="received" day="30" month="12" year="2009">30 December 2009</date>
    <date type="accepted" day="18" month="3" year="2010">18 March 2010</date>
    <date type="published" day="18" month="3" year="2010">18 March 2010</date>
    <description lang="und" type="abstract">In this paper we present a fractional order generalization of Perelson et al. basic hepatitis C virus (HCV) model
including an immune response term. We argue that fractional order equations are more suitable than integer order
ones in modeling complex systems which include biological systems. The model is presented and discussed. Also
we argue that the added immune response term represents some basic properties of the immune system and that
it should be included to study longer term behavior of the disease.</description>
    <id scheme="bwmeta1.id-class.DOI" value="10.1186/1753-4631-4-1" />
    <name lang="und">On fractional order models for Hepatitis C</name>
    <structure hierarchy="bwmeta1.hierarchy-class.hierarchy_Journal">
      <ancestor level="bwmeta1.level.hierarchy_Journal_Journal">
        <name lang="und">Nonlinear Biomedical Physics</name>
      </ancestor>
      <ancestor level="bwmeta1.level.hierarchy_Journal_Number">
        <name lang="und">1</name>
      </ancestor>
      <ancestor level="bwmeta1.level.hierarchy_Journal_Volume">
        <name lang="und">4</name>
      </ancestor>
      <current level="bwmeta1.level.hierarchy_Journal_Article" />
    </structure>
  </element>
</bwmeta>

