<?xml version="1.0" encoding="UTF-8"?>
<bwmeta xmlns="http://yadda.icm.edu.pl/bwmeta-2.1.0.xsd">
  <element id="17549493">
    <affiliation id="aff.1">
      <text>Department of Surgery, Denver Health Medical Center, Denver, Colorado, USA</text>
    </affiliation>
    <affiliation id="aff.3">
      <text>Department of Medicine, Denver Health Medical Center, Denver, Colorado, USA</text>
    </affiliation>
    <affiliation id="aff.2">
      <text>Department of Patient Safety and Quality, Denver Health Medical Center, Denver, Colorado, USA</text>
    </affiliation>
    <attribute key="email">
      <value>walter.biffl@dhha.org</value>
    </attribute>
    <contents>
      <file format="application/pdf" id="0" type="full-text">
        <location>yadda.pack:/archive/17549493/content/full-text/17549493.pdf</location>
      </file>
    </contents>
    <contributor institution="false" role="author">
      <affiliation-ref ref="aff.1" />
      <affiliation-ref ref="aff.2" />
      <name lang="und" type="forenames">Walter L</name>
      <name lang="und" type="surname">Biffl</name>
      <name lang="und" type="canonical">Walter L Biffl</name>
    </contributor>
    <contributor institution="false" role="author">
      <affiliation-ref ref="aff.3" />
      <name lang="und" type="forenames">Vignesh</name>
      <name lang="und" type="surname">Narayanan</name>
      <name lang="und" type="canonical">Vignesh Narayanan</name>
    </contributor>
    <contributor institution="false" role="author">
      <affiliation-ref ref="aff.3" />
      <name lang="und" type="forenames">Jennifer L</name>
      <name lang="und" type="surname">Gaudiani</name>
      <name lang="und" type="canonical">Jennifer L Gaudiani</name>
    </contributor>
    <contributor institution="false" role="author">
      <affiliation-ref ref="aff.2" />
      <affiliation-ref ref="aff.3" />
      <name lang="und" type="forenames">Philip S</name>
      <name lang="und" type="surname">Mehler</name>
      <name lang="und" type="canonical">Philip S Mehler</name>
    </contributor>
    <date type="received" day="28" month="9" year="2009">28 September 2009</date>
    <date type="accepted" day="1" month="2" year="2010">1 February 2010</date>
    <date type="published" day="1" month="2" year="2010">1 February 2010</date>
    <description lang="und" type="abstract">Of the many body systems adversely affected by severe anorexia nervosa (AN), the pulmonary system is relatively
spared. However, in the face of severe malnutrition of AN, the lung may undergo architectural changes that
adversely affect its integrity and healing capacity. We report herein a case of a pneumothorax in a patient with
severe AN, in which standard approaches to manage the pneumothorax were unsuccessful. Despite prolonged
tube thoracostomy drainage, and subsequent thoracoscopic pleuredesis, the patient continued to have an air leak
and non-resolution of her pneumothorax. We review the literature and discuss alternative approaches in this
patient population.</description>
    <id scheme="bwmeta1.id-class.DOI" value="10.1186/1754-9493-4-1" />
    <name lang="und">The management of pneumothorax in patients with anorexia nervosa: A case report and review of the literature</name>
    <structure hierarchy="bwmeta1.hierarchy-class.hierarchy_Journal">
      <ancestor level="bwmeta1.level.hierarchy_Journal_Number">
        <name lang="und">1</name>
      </ancestor>
      <ancestor level="bwmeta1.level.hierarchy_Journal_Journal">
        <name lang="und">Patient Safety in Surgery</name>
      </ancestor>
      <ancestor level="bwmeta1.level.hierarchy_Journal_Volume">
        <name lang="und">4</name>
      </ancestor>
      <current level="bwmeta1.level.hierarchy_Journal_Article" />
    </structure>
  </element>
</bwmeta>

