<?xml version="1.0" encoding="UTF-8"?>
<bwmeta xmlns="http://yadda.icm.edu.pl/bwmeta-2.1.0.xsd">
  <element id="17558166">
    <affiliation id="aff.1">
      <text>Institute of Pediatrics and Children Surgery, Rosmedtechnologii, Moscow, 127412, Russia</text>
    </affiliation>
    <affiliation id="aff.2">
      <text>National Research Center of Mental Health, Russian Academy of Medical Sciences, Moscow 119152, Russia</text>
    </affiliation>
    <attribute key="email">
      <value>ivan_iourov@yahoo.com</value>
    </attribute>
    <contents>
      <file format="application/pdf" id="0" type="full-text">
        <location>yadda.pack:/archive/17558166/content/full-text/17558166.pdf</location>
      </file>
    </contents>
    <contributor institution="false" role="author">
      <affiliation-ref ref="aff.1" />
      <affiliation-ref ref="aff.2" />
      <name lang="und" type="forenames">Svetlana G</name>
      <name lang="und" type="surname">Vorsanova</name>
      <name lang="und" type="canonical">Svetlana G Vorsanova</name>
    </contributor>
    <contributor institution="false" role="author">
      <affiliation-ref ref="aff.1" />
      <affiliation-ref ref="aff.2" />
      <name lang="und" type="forenames">Yuri B</name>
      <name lang="und" type="surname">Yurov</name>
      <name lang="und" type="canonical">Yuri B Yurov</name>
    </contributor>
    <contributor institution="false" role="author">
      <affiliation-ref ref="aff.1" />
      <affiliation-ref ref="aff.2" />
      <name lang="und" type="forenames">Ivan Y</name>
      <name lang="und" type="surname">Iourov</name>
      <name lang="und" type="canonical">Ivan Y Iourov</name>
    </contributor>
    <date type="received" day="22" month="12" year="2009">22 December 2009</date>
    <date type="accepted" day="11" month="1" year="2010">11 January 2010</date>
    <date type="published" day="11" month="1" year="2010">11 January 2010</date>
    <description lang="und" type="abstract">Human karyotype is usually studied by classical cytogenetic (banding) techniques. To perform it, one has to obtain
metaphase chromosomes of mitotic cells. This leads to the impossibility of analyzing all the cell types, to moderate
cell scoring, and to the extrapolation of cytogenetic data retrieved from a couple of tens of mitotic cells to the
whole organism, suggesting that all the remaining cells possess these genomes. However, this is far from being
the case inasmuch as chromosome abnormalities can occur in any cell along ontogeny. Since somatic cells of
eukaryotes are more likely to be in interphase, the solution of the problem concerning studying postmitotic cells
and larger cell populations is interphase cytogenetics, which has become more or less applicable for specific bio-
medical tasks due to achievements in molecular cytogenetics (i.e. developments of fluorescence in situ hybridiza-
tion – FISH, and multicolor banding – MCB). Numerous interphase molecular cytogenetic approaches are restricted
to studying specific genomic loci (regions) being, however, useful for identification of chromosome abnormalities
(aneuploidy, polyploidy, deletions, inversions, duplications, translocations). Moreover, these techniques are the
unique possibility to establish biological role and patterns of nuclear genome organization at suprachromosomal
level in a given cell. Here, it is to note that this issue is incompletely worked out due to technical limitations.
Nonetheless, a number of state-of-the-art molecular cytogenetic techniques (i.e multicolor interphase FISH or inter-
pahase chromosome-specific MCB) allow visualization of interphase chromosomes in their integrity at molecular
resolutions. Thus, regardless numerous difficulties encountered during studying human interphase chromosomes,
molecular cytogenetics does provide for high-resolution single-cell analysis of genome organization, structure and
behavior at all stages of cell cycle.</description>
    <id scheme="bwmeta1.id-class.DOI" value="10.1186/1755-8166-3-1" />
    <name lang="und">Human interphase chromosomes: a review of available molecular cytogenetic technologies</name>
    <structure hierarchy="bwmeta1.hierarchy-class.hierarchy_Journal">
      <ancestor level="bwmeta1.level.hierarchy_Journal_Number">
        <name lang="und">1</name>
      </ancestor>
      <ancestor level="bwmeta1.level.hierarchy_Journal_Journal">
        <name lang="und">Molecular Cytogenetics</name>
      </ancestor>
      <ancestor level="bwmeta1.level.hierarchy_Journal_Volume">
        <name lang="und">3</name>
      </ancestor>
      <current level="bwmeta1.level.hierarchy_Journal_Article" />
    </structure>
  </element>
</bwmeta>

