<?xml version="1.0" encoding="UTF-8"?>
<bwmeta xmlns="http://yadda.icm.edu.pl/bwmeta-2.1.0.xsd">
  <element id="17563305">
    <affiliation id="aff.1">
      <text>Ethiopian Health and Nutrition Research Institute, PO Box: 1242, Addis Ababa, Ethiopia</text>
    </affiliation>
    <affiliation id="aff.2">
      <text>Aklilu Lema institute of Patho-biology, Addis Ababa University, PO Box: 1176, Addis Ababa, Ethiopia</text>
    </affiliation>
    <attribute key="email">
      <value>ashyaega@yahoo.com</value>
    </attribute>
    <contents>
      <file format="application/pdf" id="0" type="full-text">
        <location>yadda.pack:/archive/17563305/content/full-text/17563305.pdf</location>
      </file>
    </contents>
    <contributor institution="false" role="author">
      <affiliation-ref ref="aff.1" />
      <name lang="und" type="forenames">Ashenafi</name>
      <name lang="und" type="surname">Assefa</name>
      <name lang="und" type="canonical">Ashenafi Assefa</name>
    </contributor>
    <contributor institution="false" role="author">
      <affiliation-ref ref="aff.1" />
      <name lang="und" type="forenames">Moges</name>
      <name lang="und" type="surname">Kassa</name>
      <name lang="und" type="canonical">Moges Kassa</name>
    </contributor>
    <contributor institution="false" role="author">
      <affiliation-ref ref="aff.1" />
      <name lang="und" type="forenames">Gemechu</name>
      <name lang="und" type="surname">Tadese</name>
      <name lang="und" type="canonical">Gemechu Tadese</name>
    </contributor>
    <contributor institution="false" role="author">
      <affiliation-ref ref="aff.1" />
      <name lang="und" type="forenames">Hussen</name>
      <name lang="und" type="surname">Mohamed</name>
      <name lang="und" type="canonical">Hussen Mohamed</name>
    </contributor>
    <contributor institution="false" role="author">
      <affiliation-ref ref="aff.2" />
      <name lang="und" type="forenames">Abebe</name>
      <name lang="und" type="surname">Animut</name>
      <name lang="und" type="canonical">Abebe Animut</name>
    </contributor>
    <contributor institution="false" role="author">
      <affiliation-ref ref="aff.1" />
      <name lang="und" type="forenames">Tesfayae</name>
      <name lang="und" type="surname">Mengesha</name>
      <name lang="und" type="canonical">Tesfayae Mengesha</name>
    </contributor>
    <date type="received" day="13" month="12" year="2009">13 December 2009</date>
    <date type="accepted" day="5" month="1" year="2010">5 January 2010</date>
    <date type="published" day="5" month="1" year="2010">5 January 2010</date>
    <description lang="und" type="abstract">Background: Artemether/Lumefantrine (Coartem®) has been used as a first-line treatment for uncomplicated
Plasmodium falciparum infection since 2004 in Ethiopia. In the present study the therapeutic efficacy of artemether/
lumefantrine for the treatment of uncomplicated P. falciparum infection at Kersa, Jima zone, South-west Ethiopia,
has been assessed.
Methods: A 28 day therapeutic efficacy study was conducted between November 2007 and January 2008, in
accordance with the 2003 WHO guidelines. Outcomes were classified as early treatment failure (ETF), late clinical
failure (LCF), late parasitological failure (LPF) and adequate clinical and parasitological response (ACPR).
Results: 90 patients were enrolled and completed the 28 day follow-up period after treatment with artemether/
lumefantrine. Cure rate was very high, 96.3%, with 95% CI of 0.897-0.992 (PCR uncorrected). Age-stratified data
showed adequate clinical and parasitological response (ACPR) to be 100% for children under 5 and 97.4% and
87.3% for children aged 5-14, and adults, respectively. There was no early treatment failure (ETF) in all age groups.
Fever was significantly cleared on day 3 (P &lt; 0.05) and 98% of parasites where cleared on day 1 and almost all
parasites were cleared on day 3. 72.5% of gametocytes were cleared on day 1, the remaining 27.5% of
gametocytes were maintained up to day 3 and total clearance was observed on day 7. Hemoglobin concentration
showed a slight increase with parasitic clearance (P &gt; 0.05). No major side effect was observed in the study except
the occurrence of mouth ulcers in 7% of the patients.
Conclusions: The current study proved the excellent therapeutic efficacy of artemether/lumefantrine in the study
area and the value of using it. However, the proper dispensing and absorption of the drug need to be emphasized
in order to utilize the drug for a longer period of time. This study recommends further study on the toxicity of the
drug with particular emphasis on the development of oral ulcers in children.</description>
    <id scheme="bwmeta1.id-class.DOI" value="10.1186/1756-3305-3-1" />
    <name lang="und">Therapeutic efficacy of Artemether/Lumefantrine (Coartem®) against Plasmodium falciparum in Kersa, South West Ethiopia</name>
    <structure hierarchy="bwmeta1.hierarchy-class.hierarchy_Journal">
      <ancestor level="bwmeta1.level.hierarchy_Journal_Number">
        <name lang="und">1</name>
      </ancestor>
      <ancestor level="bwmeta1.level.hierarchy_Journal_Journal">
        <name lang="und">Parasites Vectors</name>
      </ancestor>
      <ancestor level="bwmeta1.level.hierarchy_Journal_Volume">
        <name lang="und">3</name>
      </ancestor>
      <current level="bwmeta1.level.hierarchy_Journal_Article" />
    </structure>
  </element>
</bwmeta>

