<?xml version="1.0" encoding="UTF-8"?>
<bwmeta xmlns="http://yadda.icm.edu.pl/bwmeta-2.1.0.xsd">
  <element id="17577241">
    <affiliation id="aff.1">
      <text>Unidade de Cuidados Intensivos Polivalente, Hospital de Santo António, Centro Hospitalar do Porto, 4099 - 001 Porto, Portugal</text>
    </affiliation>
    <affiliation id="aff.3">
      <text>CINTESIS (Centro de Investigação em Tecnologias da Saúde e Sistemas de Informação em Saúde), Serviço de Bioestatística e Informática Médica, Faculdade de Medicina da Universidade do Porto, Alameda Professor Hernâni Monteiro. 4200-319 Porto, Portugal</text>
    </affiliation>
    <affiliation id="aff.2">
      <text>Serviço de Bioestatística e Informática Médica, Faculdade de Medicina da Universidade do Porto, Alameda Professor Hernâni Monteiro, 4200-319 Porto, Portugal</text>
    </affiliation>
    <attribute key="email">
      <value>ruiavantunes@gmail.com</value>
    </attribute>
    <contents>
      <file format="application/pdf" id="0" type="full-text">
        <location>yadda.pack:/archive/17577241/content/full-text/17577241.pdf</location>
      </file>
    </contents>
    <contributor institution="false" role="author">
      <affiliation-ref ref="aff.1" />
      <name lang="und" type="forenames">Ernestina</name>
      <name lang="und" type="surname">Gomes</name>
      <name lang="und" type="canonical">Ernestina Gomes</name>
    </contributor>
    <contributor institution="false" role="author">
      <affiliation-ref ref="aff.1" />
      <name lang="und" type="forenames">Rui</name>
      <name lang="und" type="surname">Antunes</name>
      <name lang="und" type="canonical">Rui Antunes</name>
    </contributor>
    <contributor institution="false" role="author">
      <affiliation-ref ref="aff.2" />
      <name lang="und" type="forenames">Cláudia</name>
      <name lang="und" type="surname">Dias</name>
      <name lang="und" type="canonical">Cláudia Dias</name>
    </contributor>
    <contributor institution="false" role="author">
      <affiliation-ref ref="aff.1" />
      <name lang="und" type="forenames">Rui</name>
      <name lang="und" type="surname">Araújo</name>
      <name lang="und" type="canonical">Rui Araújo</name>
    </contributor>
    <contributor institution="false" role="author">
      <affiliation-ref ref="aff.3" />
      <name lang="und" type="forenames">Altamiro</name>
      <name lang="und" type="surname">Costa-Pereira</name>
      <name lang="und" type="canonical">Altamiro Costa-Pereira</name>
    </contributor>
    <date type="received" day="11" month="9" year="2009">11 September 2009</date>
    <date type="accepted" day="5" month="1" year="2010">5 January 2010</date>
    <date type="published" day="5" month="1" year="2010">5 January 2010</date>
    <description lang="und" type="abstract">Background: Acute kidney injury (AKI) has been hard to assess due to the lack of standard definitions. Recently,
the Risk, Injury, Failure, Loss and End-Stage Kidney (RIFLE) classification has been proposed to classify AKI in a
number of clinical settings. This study aims to estimate the frequency and levels of severity of AKI and to study its
association with patient mortality and length of stay (LOS) in a cohort of trauma patients needing intensive care.
Methods: Between August 2001 and September 2007, 436 trauma patients consecutively admitted to a general
intensive care unit (ICU), were assessed using the RIFLE criteria. Demographic data, characteristics of injury, and
severity of trauma variables were also collected.
Results: Half of all ICU trauma admissions had AKI, which corresponded to the group of patients with a
significantly higher severity of trauma. Among patients with AKI, RIFLE class R (Risk) comprised 47%, while I (Injury)
and F (Failure) were, 36% and 17%, respectively. None of these patients required renal replacement therapy. No
significant differences were found among these three AKI classes in relation to patient’s age, gender, type and
mechanism of injury, severity of trauma or mortality. Nevertheless, increasing severity of acute renal injury was
associated with a longer ICU stay.
Conclusions: AKI is a common feature among trauma patients requiring intensive care. Although the development
of AKI is associated with an increased LOS it does not appear to influence patient mortality.</description>
    <id scheme="bwmeta1.id-class.DOI" value="10.1186/1757-7241-18-1" />
    <name lang="und">Acute kidney injury in severe trauma assessed by RIFLE criteria: a common feature without implications on mortality?</name>
    <structure hierarchy="bwmeta1.hierarchy-class.hierarchy_Journal">
      <ancestor level="bwmeta1.level.hierarchy_Journal_Journal">
        <name lang="und">Scandinavian Journal of Trauma, Resuscitation and Emergency Medicine</name>
      </ancestor>
      <ancestor level="bwmeta1.level.hierarchy_Journal_Number">
        <name lang="und">1</name>
      </ancestor>
      <ancestor level="bwmeta1.level.hierarchy_Journal_Volume">
        <name lang="und">18</name>
      </ancestor>
      <current level="bwmeta1.level.hierarchy_Journal_Article" />
    </structure>
  </element>
</bwmeta>

