<?xml version="1.0" encoding="UTF-8"?>
<bwmeta xmlns="http://yadda.icm.edu.pl/bwmeta-2.1.0.xsd">
  <element id="19420900">
    <affiliation id="aff.3">
      <text>Barbara Ann Karmanos Cancer Institute</text>
    </affiliation>
    <affiliation id="aff.2">
      <text>Departments of Neurology and Anatomy &amp; Cell Biology</text>
    </affiliation>
    <affiliation id="aff.1">
      <text>Division of Cellular and Molecular Cerebral Ischemia</text>
    </affiliation>
    <affiliation id="aff.5">
      <text>Institute of Environmental Health Sciences; Wayne State University School of Medicine; Detroit, MI USA</text>
    </affiliation>
    <affiliation id="aff.4">
      <text>Center for Molecular Medicine and Genetics</text>
    </affiliation>
    <attribute key="email">
      <value>kmaiese@med.wayne.edu</value>
    </attribute>
    <attribute key="email">
      <value>aa2088@wayne.edu</value>
    </attribute>
    <contents>
      <file format="application/pdf" id="0" type="full-text">
        <location>yadda.pack:/archive/19420900/content/full-text/19420900.pdf</location>
      </file>
    </contents>
    <contributor institution="false" role="author">
      <affiliation-ref ref="aff.1" />
      <affiliation-ref ref="aff.2" />
      <affiliation-ref ref="aff.3" />
      <affiliation-ref ref="aff.4" />
      <affiliation-ref ref="aff.5" />
      <name lang="und" type="forenames">Kenneth</name>
      <name lang="und" type="surname">Maiese</name>
      <name lang="und" type="canonical">Kenneth Maiese</name>
    </contributor>
    <date type="accepted" day="31" month="12" year="2009">12/31/09</date>
    <date type="published" year="2010">2010</date>
    <name lang="und">Ringing in the New Year New prospects for development, aging and longevity</name>
    <structure hierarchy="bwmeta1.hierarchy-class.hierarchy_Journal">
      <ancestor level="bwmeta1.level.hierarchy_Journal_Number">
        <name lang="und">1</name>
      </ancestor>
      <ancestor level="bwmeta1.level.hierarchy_Journal_Journal">
        <name lang="und">Oxidative Medicine and Cellular Longevity</name>
      </ancestor>
      <ancestor level="bwmeta1.level.hierarchy_Journal_Volume">
        <name lang="und">3</name>
      </ancestor>
      <current level="bwmeta1.level.hierarchy_Journal_Article" />
    </structure>
  </element>
</bwmeta>

