<?xml version="1.0" encoding="UTF-8"?>
<bwmeta xmlns="http://yadda.icm.edu.pl/bwmeta-2.1.0.xsd">
  <element id="19994915">
    <affiliation id="aff.3">
      <text>Department of Microbiology, The University of Hong Kong, Pokfulam, Hong Kong SAR, China</text>
    </affiliation>
    <affiliation id="aff.2">
      <text>Department of Biological Sciences, Vanderbilt University, Nashville, TN 37235, USA</text>
    </affiliation>
    <affiliation id="aff.1">
      <text>Department of Bioinformatics and Computational Biology, George Mason University, 10900 University Blvd., MSN 5B3, Manassas, VA 20110, USA</text>
    </affiliation>
    <attribute key="email">
      <value>dseto@gmu.edu</value>
    </attribute>
    <attribute key="email">
      <value>jseto@gmu.edu</value>
    </attribute>
    <attribute key="email">
      <value>mwalsh5@gmu.edu</value>
    </attribute>
    <attribute key="email">
      <value>padmahadevan@gmail.com</value>
    </attribute>
    <attribute key="email">
      <value>zhang.qiwei@yahoo.com</value>
    </attribute>
    <attribute key="pages">
      <value>1-26</value>
    </attribute>
    <contents>
      <file format="application/pdf" id="0" type="full-text">
        <location>yadda.pack:/archive/19994915/content/full-text/19994915.pdf</location>
      </file>
    </contents>
    <contributor institution="false" role="author">
      <affiliation-ref ref="aff.1" />
      <name lang="und" type="forenames">Jason</name>
      <name lang="und" type="surname">Seto</name>
      <name lang="und" type="canonical">Jason Seto</name>
    </contributor>
    <contributor institution="false" role="author">
      <affiliation-ref ref="aff.1" />
      <name lang="und" type="forenames">Michael P.</name>
      <name lang="und" type="surname">Walsh</name>
      <name lang="und" type="canonical">Michael P. Walsh</name>
    </contributor>
    <contributor institution="false" role="author">
      <affiliation-ref ref="aff.2" />
      <name lang="und" type="forenames">Padmanabhan</name>
      <name lang="und" type="surname">Mahadevan</name>
      <name lang="und" type="canonical">Padmanabhan Mahadevan</name>
    </contributor>
    <contributor institution="false" role="author">
      <affiliation-ref ref="aff.3" />
      <name lang="und" type="forenames">Qiwei</name>
      <name lang="und" type="surname">Zhang</name>
      <name lang="und" type="canonical">Qiwei Zhang</name>
    </contributor>
    <contributor institution="false" role="author">
      <affiliation-ref ref="aff.1" />
      <name lang="und" type="forenames">Donald</name>
      <name lang="und" type="surname">Seto</name>
      <name lang="und" type="canonical">Donald Seto</name>
    </contributor>
    <date type="received" day="28" month="9" year="2009">28 September 2009</date>
    <date type="accepted" day="17" month="12" year="2009">17 December 2009</date>
    <date type="published" day="6" month="1" year="2010">6 January 2010</date>
    <date type="revised" day="5" month="12" year="2009">5 December 2009</date>
    <description lang="und" type="abstract">Technological advances and increasingly cost-effect methodologies in DNA
sequencing and computational analysis are providing genome and proteome data for human
adenovirus research. Applying these tools, data and derived knowledge to the development
of vaccines against these pathogens will provide effective prophylactics. The same data and
approaches can be applied to vector development for gene delivery in gene therapy and
vaccine delivery protocols. Examination of several field strain genomes and their analyses
provide examples of data that are available using these approaches. An example of the
development of HAdV-B3 both as a vaccine and also as a vector is presented.</description>
    <id scheme="bwmeta1.id-class.DOI" value="10.3390/v2010001" />
    <id scheme="bwmeta1.id-class.ISSN" value="1999-4915" />
    <name lang="und">Applying Genomic and Bioinformatic Resources to Human Adenovirus Genomes for Use in Vaccine Development and for Applications in Vector Development for Gene Delivery</name>
    <structure hierarchy="bwmeta1.hierarchy-class.hierarchy_Journal">
      <ancestor level="bwmeta1.level.hierarchy_Journal_Number">
        <name lang="und">2</name>
      </ancestor>
      <ancestor level="bwmeta1.level.hierarchy_Journal_Journal">
        <name lang="und">Viruses</name>
      </ancestor>
      <ancestor level="bwmeta1.level.hierarchy_Journal_Volume">
        <name lang="und">2010</name>
      </ancestor>
      <current level="bwmeta1.level.hierarchy_Journal_Article" />
    </structure>
    <tags lang="und" type="keyword">
      <tag>genomics</tag>
      <tag>bioinformatics</tag>
      <tag>molecular evolution</tag>
      <tag>pathoepidemiology</tag>
      <tag>field strain</tag>
      <tag>adenovirus vaccine</tag>
      <tag>human gene therapy vector</tag>
      <tag>vaccine delivery vector</tag>
    </tags>
  </element>
</bwmeta>

