<?xml version="1.0" encoding="UTF-8"?>
<bwmeta xmlns="http://yadda.icm.edu.pl/bwmeta-2.1.0.xsd">
  <element id="20420080">
    <affiliation id="aff.default">
      <text>Department of Neurosurgery, New York Medical College, Valhalla, NY 10595, USA</text>
    </affiliation>
    <attribute key="email">
      <value>pcharles_garell@nymc.edu</value>
    </attribute>
    <attribute key="ArticleID">
      <value>189371</value>
    </attribute>
    <contents>
      <file format="application/pdf" id="0" type="full-text">
        <location>yadda.pack:/archive/20420080/content/full-text/20420080.pdf</location>
      </file>
    </contents>
    <contributor institution="false" role="author">
      <affiliation-ref ref="aff.default" />
      <name lang="und" type="forenames">Ankur</name>
      <name lang="und" type="surname">Garg</name>
      <name lang="und" type="canonical">Ankur Garg</name>
    </contributor>
    <contributor institution="false" role="author">
      <affiliation-ref ref="aff.default" />
      <name lang="und" type="forenames">Avinash L.</name>
      <name lang="und" type="surname">Mohan</name>
      <name lang="und" type="canonical">Avinash L. Mohan</name>
    </contributor>
    <contributor institution="false" role="author">
      <affiliation-ref ref="aff.default" />
      <name lang="und" type="forenames">P. Charles</name>
      <name lang="und" type="surname">Garell</name>
      <name lang="und" type="canonical">P. Charles Garell</name>
    </contributor>
    <contributor institution="false" role="editor">
      <name lang="und" type="forenames">Francisco</name>
      <name lang="und" type="surname">Grandas</name>
      <name lang="und" type="canonical">Francisco Grandas</name>
    </contributor>
    <date type="received" day="14" month="6" year="2009">14 June 2009</date>
    <date type="accepted" day="8" month="12" year="2009">8 December 2009</date>
    <date type="revised" day="11" month="10" year="2009">11 October 2009</date>
    <date type="published" year="2010">2010</date>
    <description lang="und" type="abstract">Deep brain stimulation (DBS) is a common surgical procedure used for the treatment of Parkinson’s disease (PD) and essential
tremor. A potential complication of this procedure is hardware failure. The authors report a case of DBS hardware failure in which
repeated fractures of the extension wire were caused by abnormal rotational movements of the IPG placed in the loose subclavicular
tissue of an overweight female. Implantation of the IPG in the suprascapular area prevented further extension wire fractures. This
strategy may be especially relevant in overweight females with loose subclavicular tissue.</description>
    <id scheme="bwmeta1.id-class.DOI" value="10.4061/2010/189371" />
    <name lang="und">Placement of the Internal Pulse Generator for Deep Brain Stimulation in the Upper Back to Prevent Fracture of the Extension Wire due to Generator Rotation: Case Report</name>
    <structure hierarchy="bwmeta1.hierarchy-class.hierarchy_Journal">
      <ancestor level="bwmeta1.level.hierarchy_Journal_Publisher">
        <name lang="und">SAGE-Hindawi Access to Research</name>
      </ancestor>
      <ancestor level="bwmeta1.level.hierarchy_Journal_Journal">
        <name lang="und">Parkinson’s Disease</name>
      </ancestor>
      <ancestor level="bwmeta1.level.hierarchy_Journal_Volume">
        <name lang="und">2010</name>
      </ancestor>
      <current level="bwmeta1.level.hierarchy_Journal_Article" />
    </structure>
  </element>
</bwmeta>

