<?xml version="1.0" encoding="UTF-8"?>
<bwmeta xmlns="http://yadda.icm.edu.pl/bwmeta-2.1.0.xsd">
  <element id="20420056">
    <affiliation id="aff.1">
      <text>Comprehensive Stroke Center, Department of Neurology, University of Alabama at Birmingham, RWUH M226, 619 19th Street South, Birmingham, AL 35249-3280, USA</text>
    </affiliation>
    <affiliation id="aff.2">
      <text>Dresden University Stroke Center, University of Technology Dresden, 01307 Dresden, Germany</text>
    </affiliation>
    <attribute key="email">
      <value>kbarlinn@uab.edu</value>
    </attribute>
    <attribute key="ArticleID">
      <value>108253</value>
    </attribute>
    <contents>
      <file format="application/pdf" id="0" type="full-text">
        <location>yadda.pack:/archive/20420056/content/full-text/20420056.pdf</location>
      </file>
    </contents>
    <contributor institution="false" role="author">
      <affiliation-ref ref="aff.1" />
      <affiliation-ref ref="aff.2" />
      <name lang="und" type="forenames">Kristian</name>
      <name lang="und" type="surname">Barlinn</name>
      <name lang="und" type="canonical">Kristian Barlinn</name>
    </contributor>
    <contributor institution="false" role="author">
      <affiliation-ref ref="aff.1" />
      <name lang="und" type="forenames">Clotilde</name>
      <name lang="und" type="surname">Balucani</name>
      <name lang="und" type="canonical">Clotilde Balucani</name>
    </contributor>
    <contributor institution="false" role="author">
      <affiliation-ref ref="aff.1" />
      <name lang="und" type="forenames">Paola</name>
      <name lang="und" type="surname">Palazzo</name>
      <name lang="und" type="canonical">Paola Palazzo</name>
    </contributor>
    <contributor institution="false" role="author">
      <affiliation-ref ref="aff.1" />
      <name lang="und" type="forenames">Limin</name>
      <name lang="und" type="surname">Zhao</name>
      <name lang="und" type="canonical">Limin Zhao</name>
    </contributor>
    <contributor institution="false" role="author">
      <affiliation-ref ref="aff.1" />
      <name lang="und" type="forenames">April</name>
      <name lang="und" type="surname">Sisson</name>
      <name lang="und" type="canonical">April Sisson</name>
    </contributor>
    <contributor institution="false" role="author">
      <affiliation-ref ref="aff.1" />
      <name lang="und" type="forenames">Andrei V.</name>
      <name lang="und" type="surname">Alexandrov</name>
      <name lang="und" type="canonical">Andrei V. Alexandrov</name>
    </contributor>
    <contributor institution="false" role="editor">
      <name lang="und" type="forenames">Chelsea S.</name>
      <name lang="und" type="surname">Kidwell</name>
      <name lang="und" type="canonical">Chelsea S. Kidwell</name>
    </contributor>
    <date type="received" day="27" month="7" year="2010">27 July 2010</date>
    <date type="accepted" day="11" month="10" year="2010">11 October 2010</date>
    <date type="revised" day="2" month="10" year="2010">2 October 2010</date>
    <date type="published" year="2010">2010</date>
    <description lang="und" type="abstract">Background. Obstructive sleep apnea (OSA) is a common condition in patients with acute ischemic stroke and associated with
early clinical deterioration and poor functional outcome. However, noninvasive ventilatory correction is hardly considered as a
complementary treatment option during the treatment phase of acute ischemic stroke. Summary of Case. A 55-year-old woman
with an acute middle cerebral artery (MCA) occlusion received intravenous tissue plasminogen activator (tPA) and enrolled into a
thrombolytic research study. During tPA infusion, she became drowsy, developed apnea episodes, desaturated and neurologically
deteriorated without recanalization, re-occlusion or intracerebral hemorrhage. Urgent noninvasive ventilatory correction with
biphasic positive airway pressure (BiPAP) reversed neurological ﬂuctuation. Her MCA completely recanalized 24 hours later.
Conclusions. Noninvasive ventilatory correction should be considered more aggressively as a complementary treatment option
in selected acute stroke patients. Early initiation of BiPAP can stabilize cerebral hemodynamics and may unmask the true potential
of other therapies.</description>
    <id scheme="bwmeta1.id-class.DOI" value="10.4061/2010/108253" />
    <name lang="und">Noninvasive Ventilatory Correction as an Adjunct to an Experimental Systemic Reperfusion Therapy in Acute Ischemic Stroke</name>
    <structure hierarchy="bwmeta1.hierarchy-class.hierarchy_Journal">
      <ancestor level="bwmeta1.level.hierarchy_Journal_Publisher">
        <name lang="und">SAGE-Hindawi Access to Research</name>
      </ancestor>
      <ancestor level="bwmeta1.level.hierarchy_Journal_Journal">
        <name lang="und">Stroke Research and Treatment</name>
      </ancestor>
      <ancestor level="bwmeta1.level.hierarchy_Journal_Volume">
        <name lang="und">2010</name>
      </ancestor>
      <current level="bwmeta1.level.hierarchy_Journal_Article" />
    </structure>
  </element>
</bwmeta>

