<?xml version="1.0" encoding="UTF-8"?>
<bwmeta xmlns="http://yadda.icm.edu.pl/bwmeta-2.1.0.xsd">
  <element id="2042003X">
    <affiliation id="aff.2">
      <text>Department of Pathology, Michael E. DeBakey VA Medical Center, 2002 Holcombe Blvd, Houston, TX 77030, USA</text>
    </affiliation>
    <affiliation id="aff.1">
      <text>Department of Pathology, Baylor College of Medicine, 1 Baylor Plaza, Houston, TX 77025, USA</text>
    </affiliation>
    <attribute key="email">
      <value>gordana.verstovsek@va.gov</value>
    </attribute>
    <attribute key="ArticleID">
      <value>132754</value>
    </attribute>
    <contents>
      <file format="application/pdf" id="0" type="full-text">
        <location>yadda.pack:/archive/2042003X/content/full-text/2042003X.pdf</location>
      </file>
    </contents>
    <contributor institution="false" role="author">
      <affiliation-ref ref="aff.1" />
      <affiliation-ref ref="aff.2" />
      <name lang="und" type="forenames">Rodolfo Jose</name>
      <name lang="und" type="surname">Nudelman</name>
      <name lang="und" type="canonical">Rodolfo Jose Nudelman</name>
    </contributor>
    <contributor institution="false" role="author">
      <affiliation-ref ref="aff.1" />
      <affiliation-ref ref="aff.2" />
      <name lang="und" type="forenames">Daniel Gustavo</name>
      <name lang="und" type="surname">Rosen</name>
      <name lang="und" type="canonical">Daniel Gustavo Rosen</name>
    </contributor>
    <contributor institution="false" role="author">
      <affiliation-ref ref="aff.1" />
      <affiliation-ref ref="aff.2" />
      <name lang="und" type="forenames">Emilie</name>
      <name lang="und" type="surname">Rouah</name>
      <name lang="und" type="canonical">Emilie Rouah</name>
    </contributor>
    <contributor institution="false" role="author">
      <affiliation-ref ref="aff.1" />
      <affiliation-ref ref="aff.2" />
      <name lang="und" type="forenames">Gordana</name>
      <name lang="und" type="surname">Verstovsek</name>
      <name lang="und" type="canonical">Gordana Verstovsek</name>
    </contributor>
    <contributor institution="false" role="editor">
      <name lang="und" type="forenames">Werner</name>
      <name lang="und" type="surname">Paulus</name>
      <name lang="und" type="canonical">Werner Paulus</name>
    </contributor>
    <date type="received" day="16" month="11" year="2009">16 November 2009</date>
    <date type="accepted" day="6" month="3" year="2010">6 March 2010</date>
    <date type="revised" day="5" month="3" year="2010">5 March 2010</date>
    <date type="published" year="2010">2010</date>
    <description lang="und" type="abstract">Cerebral sinus thrombosis has been reported as an uncommon complication of ulcerative colitis (UC), occurring in up to 7.5%
of cases. It is suspected to be a consequence of genetic predisposition and the hypercoagulable state occurring during disease
relapse. We report a case of a 23-year-old male patient with one-year history of UC. He presented to the Emergency Room
with left-sided progressive hemiparesis, numbness, hemiparesthesia, and pain, which followed a recent exacerbation of UC. The
patient died 3 days after admission and an autopsy revealed superior and inferior sagittal sinus and cortical vein thrombosis
with associated cerebral edema, hemorrhagic infarction, and herniation. The gastrointestinal tract had continuous cobblestone
appearance extending from rectum to cecum, with hemorrhage and ulceration, consistent with active UC. Awareness of this rare
complication of UC can contribute to early recognition and attempts at treatment of this serious and often fatal condition.</description>
    <id scheme="bwmeta1.id-class.DOI" value="10.4061/2010/132754" />
    <name lang="und">Cerebral Sinus Thrombosis: A Fatal Neurological Complication of Ulcerative Colitis</name>
    <structure hierarchy="bwmeta1.hierarchy-class.hierarchy_Journal">
      <ancestor level="bwmeta1.level.hierarchy_Journal_Publisher">
        <name lang="und">SAGE-Hindawi Access to Research</name>
      </ancestor>
      <ancestor level="bwmeta1.level.hierarchy_Journal_Journal">
        <name lang="und">Pathology Research International</name>
      </ancestor>
      <ancestor level="bwmeta1.level.hierarchy_Journal_Volume">
        <name lang="und">2010</name>
      </ancestor>
      <current level="bwmeta1.level.hierarchy_Journal_Article" />
    </structure>
  </element>
</bwmeta>

