<?xml version="1.0" encoding="UTF-8"?>
<bwmeta xmlns="http://yadda.icm.edu.pl/bwmeta-2.1.0.xsd">
  <element id="20420048">
    <affiliation id="aff.2">
      <text>University of Wisconsin-River Falls, River falls, WI 54022, USA</text>
    </affiliation>
    <affiliation id="aff.1">
      <text>Universita` degli Studi di Milano, Large Animal Hospital, Reproduction Unit, via dell’Universita` 6, 26900 Lodi, Italy</text>
    </affiliation>
    <attribute key="email">
      <value>anna.langeconsiglio@unimi.it</value>
    </attribute>
    <attribute key="ArticleID">
      <value>102591</value>
    </attribute>
    <contents>
      <file format="application/pdf" id="0" type="full-text">
        <location>yadda.pack:/archive/20420048/content/full-text/20420048.pdf</location>
      </file>
    </contents>
    <contributor institution="false" role="author">
      <affiliation-ref ref="aff.1" />
      <name lang="und" type="forenames">F.</name>
      <name lang="und" type="surname">Cremonesi</name>
      <name lang="und" type="canonical">F. Cremonesi</name>
    </contributor>
    <contributor institution="false" role="author">
      <affiliation-ref ref="aff.2" />
      <name lang="und" type="forenames">K.</name>
      <name lang="und" type="surname">Anderson</name>
      <name lang="und" type="canonical">K. Anderson</name>
    </contributor>
    <contributor institution="false" role="author">
      <affiliation-ref ref="aff.1" />
      <name lang="und" type="forenames">A.</name>
      <name lang="und" type="surname">Lange-Consiglio</name>
      <name lang="und" type="canonical">A. Lange-Consiglio</name>
    </contributor>
    <contributor institution="false" role="editor">
      <name lang="und" type="forenames">Sumanta</name>
      <name lang="und" type="surname">Nandi</name>
      <name lang="und" type="canonical">Sumanta Nandi</name>
    </contributor>
    <date type="received" day="2" month="4" year="2010">2 April 2010</date>
    <date type="accepted" day="30" month="6" year="2010">30 June 2010</date>
    <date type="published" year="2010">2010</date>
    <description lang="und" type="abstract">Two methods have been described to recover oocytes from equine follicles in excised ovaries: aspiration and scraping. Aim of
this work was to develop an eﬀective method for collecting equine oocytes using Tuohy needle and comparing this technique to
aspiration and scraping, with or without tunica albuginea removal. This hollow hypodermic needle, usually employed for inserting
epidural catheters, is designed with a slightly curved tip, shaped similar to a small curette. In unpeeled ovaries, the recovery rates of
Tuohy needle group was higher (P &lt; .05) than in the 16 g needle aspiration and in the scraped ovaries (57% versus 36% and 47%)
while the rate of cumulus-intact oocytes was higher than aspiration (46.9% versus 39.36%) but lower than scraping (46.97%)
(P &lt; .001). In unpeeled ovaries there was signiﬁcant diﬀerence in maturation rate of oocytes recovered by Tuohy needle in respect
to peeled ovaries (58.54% versus 50.17%, resp.). Combination of aspiration and scraping by Tuohy needle allows a faster and
reliable collection of oocytes suitable for horse IVM.</description>
    <id scheme="bwmeta1.id-class.DOI" value="10.4061/2010/102591" />
    <name lang="und">Efﬁcacy of Tuohy Needle in Oocytes Collection from Excised Mare Ovaries</name>
    <structure hierarchy="bwmeta1.hierarchy-class.hierarchy_Journal">
      <ancestor level="bwmeta1.level.hierarchy_Journal_Publisher">
        <name lang="und">SAGE-Hindawi Access to Research</name>
      </ancestor>
      <ancestor level="bwmeta1.level.hierarchy_Journal_Journal">
        <name lang="und">Veterinary Medicine International</name>
      </ancestor>
      <ancestor level="bwmeta1.level.hierarchy_Journal_Volume">
        <name lang="und">2010</name>
      </ancestor>
      <current level="bwmeta1.level.hierarchy_Journal_Article" />
    </structure>
  </element>
</bwmeta>

