<?xml version="1.0" encoding="UTF-8"?>
<bwmeta xmlns="http://yadda.icm.edu.pl/bwmeta-2.1.0.xsd">
  <element id="20444362">
    <affiliation id="aff.3">
      <text>Institut de Recherche pour le D´eveloppement (IRD), UR016, Caract´erisation et Controˆle des Populations de Vecteurs, Montpellier Cedex 5, France</text>
    </affiliation>
    <affiliation id="aff.2">
      <text>Service de lutte Antivectorielle, Direction de l’Epid´emiologie et de Lutte contre les Maladies, Agdal, Rabat 10080, Morocco</text>
    </affiliation>
    <affiliation id="aff.1">
      <text>Laboratoire d’Entomologie M´edicale, Institut National d’Hygi`ene, 27 Avenue Ibn Batouta, Agdal, Rabat 10090, Morocco</text>
    </affiliation>
    <attribute key="email">
      <value>chaﬁkaf@gmail.com</value>
    </attribute>
    <attribute key="ArticleID">
      <value>126085</value>
    </attribute>
    <contents>
      <file format="application/pdf" id="0" type="full-text">
        <location>yadda.pack:/archive/20444362/content/full-text/20444362.pdf</location>
      </file>
    </contents>
    <contributor institution="false" role="author">
      <affiliation-ref ref="aff.1" />
      <name lang="und" type="forenames">C.</name>
      <name lang="und" type="surname">Faraj</name>
      <name lang="und" type="canonical">C. Faraj</name>
    </contributor>
    <contributor institution="false" role="author">
      <affiliation-ref ref="aff.1" />
      <name lang="und" type="forenames">E.</name>
      <name lang="und" type="surname">Adlaoui</name>
      <name lang="und" type="canonical">E. Adlaoui</name>
    </contributor>
    <contributor institution="false" role="author">
      <affiliation-ref ref="aff.1" />
      <name lang="und" type="forenames">M.</name>
      <name lang="und" type="surname">Elkohli</name>
      <name lang="und" type="canonical">M. Elkohli</name>
    </contributor>
    <contributor institution="false" role="author">
      <affiliation-ref ref="aff.2" />
      <name lang="und" type="forenames">T.</name>
      <name lang="und" type="surname">Herrak</name>
      <name lang="und" type="canonical">T. Herrak</name>
    </contributor>
    <contributor institution="false" role="author">
      <affiliation-ref ref="aff.2" />
      <name lang="und" type="forenames">B.</name>
      <name lang="und" type="surname">Ameur</name>
      <name lang="und" type="canonical">B. Ameur</name>
    </contributor>
    <contributor institution="false" role="author">
      <affiliation-ref ref="aff.3" />
      <name lang="und" type="forenames">F.</name>
      <name lang="und" type="surname">Chandre</name>
      <name lang="und" type="canonical">F. Chandre</name>
    </contributor>
    <contributor institution="false" role="editor">
      <name lang="und" type="forenames">Abdoulaye</name>
      <name lang="und" type="surname">Diabate´</name>
      <name lang="und" type="canonical">Abdoulaye Diabate´</name>
    </contributor>
    <date type="received" day="30" month="9" year="2010">30 September 2010</date>
    <date type="accepted" day="3" month="12" year="2010">3 December 2010</date>
    <date type="published" year="2010">2010</date>
    <description lang="und" type="abstract">In Morocco, the resistance monitoring of Anopheles labranchiae larvae to temephos is done using discriminating concentration of
0.125 mg, which is half of the WHO recommended dose for Anopheles. However, this dosage seemed to be too high to allow an
early detection of the resistance and its revision was found necessary. The present study was carried out during May-June 2008
and 2009 in nine provinces from the north-west of the country. The aim was to determine the lethal concentrations LC100 of
temephos for the most susceptible populations and to deﬁne the discriminating dosage as the double of this value. The bioassays
were conducted according to WHO standard operating protocol to establish the dose-mortality relationship and deduct the LC50
and LC95. The results of this study indicated that the LC100 obtained on the most susceptible populations was close to 0.05 mg/L.
Therefore, the temephos discriminating dosage for susceptibility monitoring of An. labranchiae larvae in Morocco was set to be
0.1 mg/L.</description>
    <id scheme="bwmeta1.id-class.DOI" value="10.4061/2010/126085" />
    <name lang="und">Review of Temephos Discriminating Concentration for Monitoring the Susceptibility of Anopheles labranchiae (Falleroni, 1926), Malaria Vector in Morocco</name>
    <structure hierarchy="bwmeta1.hierarchy-class.hierarchy_Journal">
      <ancestor level="bwmeta1.level.hierarchy_Journal_Publisher">
        <name lang="und">SAGE-Hindawi Access to Research</name>
      </ancestor>
      <ancestor level="bwmeta1.level.hierarchy_Journal_Journal">
        <name lang="und">Malaria Research and Treatment</name>
      </ancestor>
      <ancestor level="bwmeta1.level.hierarchy_Journal_Volume">
        <name lang="und">2010</name>
      </ancestor>
      <current level="bwmeta1.level.hierarchy_Journal_Article" />
    </structure>
  </element>
</bwmeta>

