<?xml version="1.0" encoding="UTF-8"?>
<bwmeta xmlns="http://yadda.icm.edu.pl/bwmeta-2.1.0.xsd">
  <element id="20711050">
    <affiliation id="aff.default">
      <text>The Industrial Ecology Programme, Department of Energy and Process Engineering, Norwegian University of Science and Technology, NO 7491 Trondheim, Norway</text>
    </affiliation>
    <attribute key="email">
      <value>ottar.michelsen@ntnu.no</value>
    </attribute>
    <attribute key="pages">
      <value>117-126</value>
    </attribute>
    <contents>
      <file format="application/pdf" id="0" type="full-text">
        <location>yadda.pack:/archive/20711050/content/full-text/20711050.pdf</location>
      </file>
    </contents>
    <contributor institution="false" role="author">
      <affiliation-ref ref="aff.default" />
      <name lang="und" type="forenames">Ottar</name>
      <name lang="und" type="surname">Michelsen</name>
      <name lang="und" type="canonical">Ottar Michelsen</name>
    </contributor>
    <date type="received" day="11" month="11" year="2009">11 November 2009</date>
    <date type="accepted" day="17" month="12" year="2009">17 December 2009</date>
    <date type="published" day="5" month="1" year="2010">5 January 2010</date>
    <description lang="und" type="abstract">Public regulations can result in improved environmental performance of
products. In this paper eco-efficiency is used to assess the most likely outcome of potential
new regulations. The paper presents a case study of furniture production in Norway where
different scenarios for improving the environmental performance of the products are
presented. Four regulatory options for imposing environmental improvements are assessed;
(1) an introduction of a tax on emissions, (2) an increase of the tax on landfills,
(3) an introduction of a tax on raw material consumption, and (4) introduction of
take-back legislation.</description>
    <id scheme="bwmeta1.id-class.DOI" value="10.3390/su2010117" />
    <id scheme="bwmeta1.id-class.ISSN" value="2071-1050" />
    <name lang="und">Eco-Efficiency Assessments as a Tool for Revealing the Environmental Improvement Potential of New Regulations</name>
    <structure hierarchy="bwmeta1.hierarchy-class.hierarchy_Journal">
      <ancestor level="bwmeta1.level.hierarchy_Journal_Number">
        <name lang="und">2</name>
      </ancestor>
      <ancestor level="bwmeta1.level.hierarchy_Journal_Journal">
        <name lang="und">Sustainability</name>
      </ancestor>
      <ancestor level="bwmeta1.level.hierarchy_Journal_Volume">
        <name lang="und">2010</name>
      </ancestor>
      <current level="bwmeta1.level.hierarchy_Journal_Article" />
    </structure>
    <tags lang="und" type="keyword">
      <tag>eco-efficiency</tag>
      <tag>regulations</tag>
      <tag>LCC</tag>
      <tag>environmental performance</tag>
    </tags>
  </element>
</bwmeta>

