<?xml version="1.0" encoding="UTF-8"?>
<bwmeta xmlns="http://yadda.icm.edu.pl/bwmeta-2.1.0.xsd">
  <element id="20734360">
    <affiliation id="aff.default">
      <text>Editor-in-Chief of Polymers, DWI an der RWTH e.V., Lehrstuhl für Makromolekulare Materialien und Oberflächen, RWTH Aachen University, D-52056 Aachen, Germany</text>
    </affiliation>
    <attribute key="email">
      <value>boeker@dwi.rwth-aachen.de</value>
    </attribute>
    <attribute key="pages">
      <value>1-2</value>
    </attribute>
    <contents>
      <file format="application/pdf" id="0" type="full-text">
        <location>yadda.pack:/archive/20734360/content/full-text/20734360.pdf</location>
      </file>
    </contents>
    <contributor institution="false" role="author">
      <affiliation-ref ref="aff.default" />
      <name lang="und" type="forenames">Alexander</name>
      <name lang="und" type="surname">Böker</name>
      <name lang="und" type="canonical">Alexander Böker</name>
    </contributor>
    <date type="received" day="10" month="1" year="2010">10 January 2010</date>
    <date type="published" day="12" month="1" year="2010">12 January 2010</date>
    <id scheme="bwmeta1.id-class.DOI" value="10.3390/polym2010001" />
    <id scheme="bwmeta1.id-class.ISSN" value="2073-4360" />
    <name lang="und">Polymers: An Interdisciplinary Open Access Journal</name>
    <structure hierarchy="bwmeta1.hierarchy-class.hierarchy_Journal">
      <ancestor level="bwmeta1.level.hierarchy_Journal_Number">
        <name lang="und">2</name>
      </ancestor>
      <ancestor level="bwmeta1.level.hierarchy_Journal_Journal">
        <name lang="und">Polymers</name>
      </ancestor>
      <ancestor level="bwmeta1.level.hierarchy_Journal_Volume">
        <name lang="und">2010</name>
      </ancestor>
      <current level="bwmeta1.level.hierarchy_Journal_Article" />
    </structure>
  </element>
</bwmeta>

