<?xml version="1.0" encoding="UTF-8"?>
<bwmeta xmlns="http://yadda.icm.edu.pl/bwmeta-2.1.0.xsd">
  <element id="20734441">
    <affiliation id="aff.2">
      <text>Water and Environmental Research Institute of the Western Pacific (WERI), University of Guam, Mangilao, Guam 96923, USA</text>
    </affiliation>
    <affiliation id="aff.1">
      <text>Department of Civil and Environmental Engineering, Colorado State University, 1372 Campus Delivery, Fort Collins, CO 80523, USA</text>
    </affiliation>
    <attribute key="email">
      <value>rtbailey@engr.colostate.edu</value>
    </attribute>
    <attribute key="email">
      <value>jjenson@uguam.uog.edu</value>
    </attribute>
    <attribute key="email">
      <value>olsen_env_research@yahoo.com</value>
    </attribute>
    <attribute key="pages">
      <value>1-27</value>
    </attribute>
    <contents>
      <file format="application/pdf" id="0" type="full-text">
        <location>yadda.pack:/archive/20734441/content/full-text/20734441.pdf</location>
      </file>
    </contents>
    <contributor institution="false" role="author">
      <affiliation-ref ref="aff.1" />
      <name lang="und" type="forenames">Ryan T.</name>
      <name lang="und" type="surname">Bailey</name>
      <name lang="und" type="canonical">Ryan T. Bailey</name>
    </contributor>
    <contributor institution="false" role="author">
      <affiliation-ref ref="aff.2" />
      <name lang="und" type="forenames">John W.</name>
      <name lang="und" type="surname">Jenson</name>
      <name lang="und" type="canonical">John W. Jenson</name>
    </contributor>
    <contributor institution="false" role="author">
      <affiliation-ref ref="aff.2" />
      <name lang="und" type="forenames">Arne E.</name>
      <name lang="und" type="surname">Olsen</name>
      <name lang="und" type="canonical">Arne E. Olsen</name>
    </contributor>
    <date type="received" day="1" month="12" year="2009">1 December 2009</date>
    <date type="accepted" day="8" month="1" year="2010">8 January 2010</date>
    <date type="published" day="14" month="1" year="2010">14 January 2010</date>
    <date type="revised" day="4" month="1" year="2010">4 January 2010</date>
    <description lang="und" type="abstract">Ground water resources of atolls, already minimal due to the small surface area
and low elevation of the islands, are also subject to recurring, and sometimes devastating,
droughts. As ground water resources become the sole fresh water source when rain
catchment supplies are exhausted, it is critical to assess current groundwater resources and
predict their depletion during drought conditions. Several published models, both analytical
and empirical, are available to estimate the steady-state freshwater lens thickness of small
oceanic islands. None fully incorporates unique shallow geologic characteristics of atoll
islands, and none incorporates time-dependent processes. In this paper, we provide a review
of these models, and then present a simple algebraic model, derived from results of a
comprehensive numerical modeling study of steady-state atoll island aquifer dynamics, to
predict the ground water response to changes in recharge on atoll islands. The model
provides an estimate thickness of the freshwater lens as a function of annual rainfall rate,
island width, Thurber Discontinuity depth, upper aquifer hydraulic conductivity, presence or
absence of a confining reef flat plate, and in the case of drought, time. Results compare
favorably with published atoll island lens thickness observations. The algebraic model is
incorporated into a spreadsheet interface for use by island water resources managers.</description>
    <id scheme="bwmeta1.id-class.DOI" value="10.3390/w2010001" />
    <id scheme="bwmeta1.id-class.ISSN" value="2073-4441" />
    <name lang="und">Estimating the Ground Water Resources of Atoll Islands</name>
    <structure hierarchy="bwmeta1.hierarchy-class.hierarchy_Journal">
      <ancestor level="bwmeta1.level.hierarchy_Journal_Number">
        <name lang="und">2</name>
      </ancestor>
      <ancestor level="bwmeta1.level.hierarchy_Journal_Journal">
        <name lang="und">Water</name>
      </ancestor>
      <ancestor level="bwmeta1.level.hierarchy_Journal_Volume">
        <name lang="und">2010</name>
      </ancestor>
      <current level="bwmeta1.level.hierarchy_Journal_Article" />
    </structure>
    <tags lang="und" type="keyword">
      <tag>atoll</tag>
      <tag>island hydrology</tag>
      <tag>numerical modeling</tag>
      <tag>drought</tag>
    </tags>
  </element>
</bwmeta>

