<?xml version="1.0" encoding="UTF-8"?>
<bwmeta xmlns="http://yadda.icm.edu.pl/bwmeta-2.1.0.xsd">
  <element id="20738994">
    <affiliation id="aff.default">
      <text>Graduate School of Human and Environmental Studies, Kyoto University, Kyoto 606-8501, Japan</text>
    </affiliation>
    <attribute key="email">
      <value>w.sekai2@gmail.com</value>
    </attribute>
    <attribute key="email">
      <value>takahashi@mbox.kudpc.kyoto-u.ac.jp</value>
    </attribute>
    <attribute key="email">
      <value>tamura-r@mbox.kudpc.kyoto-u.ac.jp</value>
    </attribute>
    <contents>
      <file format="application/pdf" id="0" type="full-text">
        <location>yadda.pack:/archive/20738994/content/full-text/20738994.pdf</location>
      </file>
    </contents>
    <contributor institution="false" role="author">
      <affiliation-ref ref="aff.default" />
      <name lang="und" type="forenames">Rui</name>
      <name lang="und" type="surname">Tamura</name>
      <name lang="und" type="canonical">Rui Tamura</name>
    </contributor>
    <contributor institution="false" role="author">
      <affiliation-ref ref="aff.default" />
      <name lang="und" type="forenames">Sekai</name>
      <name lang="und" type="surname">Iwama</name>
      <name lang="und" type="canonical">Sekai Iwama</name>
    </contributor>
    <contributor institution="false" role="author">
      <affiliation-ref ref="aff.default" />
      <name lang="und" type="forenames">Hiroki</name>
      <name lang="und" type="surname">Takahashi</name>
      <name lang="und" type="canonical">Hiroki Takahashi</name>
    </contributor>
    <date type="received" day="30" month="12" year="2009">30 December 2009</date>
    <date type="accepted" day="15" month="2" year="2010">15 February 2010</date>
    <date type="published" day="17" month="2" year="2010">17 February 2010</date>
    <date type="revised" day="9" month="2" year="2010">9 February 2010</date>
    <description lang="und" type="abstract">We report the mechanism and scope of “preferential enrichment”, which is an
unusual symmetry-breaking enantiomeric resolution phenomenon that is initiated by the
solvent-assisted solid-to-solid transformation of a metastable polymorphic form into a
thermodynamically stable one during crystallization from the supersaturated solution of
certain kinds of racemic mixed crystals (i.e., solid solutions or pseudoracemates) composed
of two enantiomers. The mechanism can well be interpreted in terms of a symmetry-
breaking complexity phenomenon involving multistage processes that affect each other.</description>
    <id scheme="bwmeta1.id-class.DOI" value="10.3390/sym2010112" />
    <id scheme="bwmeta1.id-class.ISSN" value="2073-8994" />
    <name lang="und">Chiral Symmetry Breaking Phenomenon Caused by a Phase Transition</name>
    <structure hierarchy="bwmeta1.hierarchy-class.hierarchy_Journal">
      <ancestor level="bwmeta1.level.hierarchy_Journal_Number">
        <name lang="und">2</name>
      </ancestor>
      <ancestor level="bwmeta1.level.hierarchy_Journal_Journal">
        <name lang="und">Symmetry</name>
      </ancestor>
      <ancestor level="bwmeta1.level.hierarchy_Journal_Volume">
        <name lang="und">2010</name>
      </ancestor>
      <current level="bwmeta1.level.hierarchy_Journal_Article" />
    </structure>
    <tags lang="und" type="keyword">
      <tag>preferential enrichment</tag>
      <tag>enantiomeric resolution</tag>
      <tag>optical resolution</tag>
      <tag>chiral separation</tag>
      <tag>polymorphic transition</tag>
      <tag>epitaxial transition</tag>
      <tag>mixed crystal</tag>
    </tags>
  </element>
</bwmeta>

