<?xml version="1.0" encoding="UTF-8"?>
<bwmeta xmlns="http://yadda.icm.edu.pl/bwmeta-2.1.0.xsd">
  <element id="20771444">
    <affiliation id="aff.2">
      <text>George Matthews and Virginia Brinkley Modlin Professor of Leadership Studies, Jepson School, University of Richmond; 28 Westhampton Way, VA 23173, USA</text>
    </affiliation>
    <affiliation id="aff.1">
      <text>Emeritus Professor, Departments of Religious Studies and History, University of North Carolina, CB 3225-UNC-CH, Saunders Hall, Chapel Hill, NC 27599, USA</text>
    </affiliation>
    <attribute key="email">
      <value>pkaufman@richmond.edu</value>
    </attribute>
    <attribute key="pages">
      <value>1-2</value>
    </attribute>
    <contents>
      <file format="application/pdf" id="0" type="full-text">
        <location>yadda.pack:/archive/20771444/content/full-text/20771444.pdf</location>
      </file>
    </contents>
    <contributor institution="false" role="author">
      <affiliation-ref ref="aff.1" />
      <affiliation-ref ref="aff.2" />
      <name lang="und" type="forenames">Peter Iver</name>
      <name lang="und" type="surname">Kaufman</name>
      <name lang="und" type="canonical">Peter Iver Kaufman</name>
    </contributor>
    <date type="received" day="7" month="6" year="2010">7 June 2010</date>
    <date type="accepted" day="8" month="6" year="2010">8 June 2010</date>
    <date type="published" day="10" month="6" year="2010">10 June 2010</date>
    <id scheme="bwmeta1.id-class.DOI" value="10.3390/rel1010001" />
    <id scheme="bwmeta1.id-class.ISSN" value="2077-1444" />
    <name lang="und">Welcome to Religions, a New Open Access, Multidisciplinary and Comprehensive Online Journal</name>
    <structure hierarchy="bwmeta1.hierarchy-class.hierarchy_Journal">
      <ancestor level="bwmeta1.level.hierarchy_Journal_Number">
        <name lang="und">1</name>
      </ancestor>
      <ancestor level="bwmeta1.level.hierarchy_Journal_Journal">
        <name lang="und">Religions</name>
      </ancestor>
      <ancestor level="bwmeta1.level.hierarchy_Journal_Volume">
        <name lang="und">2010</name>
      </ancestor>
      <current level="bwmeta1.level.hierarchy_Journal_Article" />
    </structure>
  </element>
</bwmeta>

