<?xml version="1.0" encoding="UTF-8"?>
<bwmeta xmlns="http://yadda.icm.edu.pl/bwmeta-2.1.0.xsd">
  <element id="20901739">
    <affiliation id="aff.default">
      <text>Research Area of Gene Technology and Applied Biochemistry, Working Group Molecular Biochemistry of Fungi, Institute for Chemical Engineering, Vienna University of Technology, Getreidemarkt 9, 1060 Vienna, Austria</text>
    </affiliation>
    <attribute key="email">
      <value>omann@mail.tuwien.ac.at</value>
    </attribute>
    <attribute key="ArticleID">
      <value>123126</value>
    </attribute>
    <contents>
      <file format="application/pdf" id="0" type="full-text">
        <location>yadda.pack:/archive/20901739/content/full-text/20901739.pdf</location>
      </file>
    </contents>
    <contributor institution="false" role="author">
      <affiliation-ref ref="aff.default" />
      <name lang="und" type="forenames">Markus</name>
      <name lang="und" type="surname">Omann</name>
      <name lang="und" type="canonical">Markus Omann</name>
    </contributor>
    <contributor institution="false" role="author">
      <affiliation-ref ref="aff.default" />
      <name lang="und" type="forenames">Susanne</name>
      <name lang="und" type="surname">Zeilinger</name>
      <name lang="und" type="canonical">Susanne Zeilinger</name>
    </contributor>
    <contributor institution="false" role="editor">
      <name lang="und" type="forenames">Terry</name>
      <name lang="und" type="surname">Hebert</name>
      <name lang="und" type="canonical">Terry Hebert</name>
    </contributor>
    <date type="received" day="20" month="5" year="2010">20 May 2010</date>
    <date type="accepted" day="20" month="7" year="2010">20 July 2010</date>
    <date type="revised" day="6" month="7" year="2010">6 July 2010</date>
    <date type="published" year="2010">2010</date>
    <description lang="und" type="abstract">Mycoparasitic Trichoderma spp. act as potent biocontrol agents against a number of plant pathogenic fungi, whereupon the
mycoparasitic attack includes host recognition followed by infection structure formation and secretion of lytic enzymes and
antifungal metabolites leading to the host’s death. Host-derived signals are suggested to be recognized by receptors located on the
mycoparasite’s cell surface eliciting an internal signal transduction cascade which results in the transcription of mycoparasitism-
relevant genes. Heterotrimeric G proteins of fungi transmit signals originating from G-protein-coupled receptors mainly to the
cAMP and the MAP kinase pathways resulting in regulation of downstream eﬀectors. Components of the G-protein signaling
machinery such as Gα subunits and G-protein-coupled receptors were recently shown to play crucial roles in Trichoderma
mycoparasitism as they govern processes such as the production of extracellular cell wall lytic enzymes, the secretion of antifungal
metabolites, and the formation of infection structures.</description>
    <id scheme="bwmeta1.id-class.DOI" value="10.1155/2010/123126" />
    <name lang="und">How a Mycoparasite Employs G-Protein Signaling: Using the Example of Trichoderma</name>
    <structure hierarchy="bwmeta1.hierarchy-class.hierarchy_Journal">
      <ancestor level="bwmeta1.level.hierarchy_Journal_Publisher">
        <name lang="und">Hindawi Publishing Corporation</name>
      </ancestor>
      <ancestor level="bwmeta1.level.hierarchy_Journal_Journal">
        <name lang="und">Journal of Signal Transduction</name>
      </ancestor>
      <ancestor level="bwmeta1.level.hierarchy_Journal_Volume">
        <name lang="und">2010</name>
      </ancestor>
      <current level="bwmeta1.level.hierarchy_Journal_Article" />
    </structure>
  </element>
</bwmeta>

