<?xml version="1.0" encoding="UTF-8"?>
<bwmeta xmlns="http://yadda.icm.edu.pl/bwmeta-2.1.0.xsd">
  <element id="20902867">
    <affiliation id="aff.default">
      <text>Division of Population Health Sciences, Department of Psychology, Royal College of Surgeons in Ireland, 123 St. Stephen’s Green, Dublin 2, Ireland</text>
    </affiliation>
    <attribute key="email">
      <value>helenburke1@rcsi.ie</value>
    </attribute>
    <attribute key="ArticleID">
      <value>157939</value>
    </attribute>
    <contents>
      <file format="application/pdf" id="0" type="full-text">
        <location>yadda.pack:/archive/20902867/content/full-text/20902867.pdf</location>
      </file>
    </contents>
    <contributor institution="false" role="author">
      <affiliation-ref ref="aff.default" />
      <name lang="und" type="forenames">Nuala E.</name>
      <name lang="und" type="surname">Tully</name>
      <name lang="und" type="canonical">Nuala E. Tully</name>
    </contributor>
    <contributor institution="false" role="author">
      <affiliation-ref ref="aff.default" />
      <name lang="und" type="forenames">Karen M.</name>
      <name lang="und" type="surname">Morgan</name>
      <name lang="und" type="canonical">Karen M. Morgan</name>
    </contributor>
    <contributor institution="false" role="author">
      <affiliation-ref ref="aff.default" />
      <name lang="und" type="forenames">Helen M.</name>
      <name lang="und" type="surname">Burke</name>
      <name lang="und" type="canonical">Helen M. Burke</name>
    </contributor>
    <contributor institution="false" role="author">
      <affiliation-ref ref="aff.default" />
      <name lang="und" type="forenames">Hannah M.</name>
      <name lang="und" type="surname">McGee</name>
      <name lang="und" type="canonical">Hannah M. McGee</name>
    </contributor>
    <contributor institution="false" role="editor">
      <name lang="und" type="forenames">K. S.</name>
      <name lang="und" type="surname">Sunnerhagen</name>
      <name lang="und" type="canonical">K. S. Sunnerhagen</name>
    </contributor>
    <date type="received" day="9" month="11" year="2010">9 November 2010</date>
    <date type="accepted" day="25" month="12" year="2010">25 December 2010</date>
    <date type="published" year="2010">2010</date>
    <description lang="und" type="abstract">Objectives. Patient experiences of structured heart failure rehabilitation and their views on the important components of heart
failure services were examined. Methods. Focus groups were conducted with ﬁfteen participants (men, n = 12) attending
one of two heart failure rehabilitation programmes. Sessions were guided by a semistructured interview schedule covering
participants’ experiences of the programme, maintenance, and GP role. Focus group transcripts were analysed qualitatively.
Results. Participants indicated that rehabilitation programmes substantially met their needs. Supervised exercise sessions increased
conﬁdence to resume physical activity, while peer-group interaction and supportive medical staﬀ improved morale. However,
once the programme ended, some participants’ self-care motivation lapsed, especially maintenance of an exercise routine. Patients
doubted their GPs’ ability to help them manage their condition. Conclusion. Structured rehabilitation programmes are eﬀective
in enabling patients to develop lifestyle skills to live with heart failure. However, postrehabilitation maintenance interventions are
necessary to sustain patients’ conﬁdence in disease self-management.</description>
    <id scheme="bwmeta1.id-class.DOI" value="10.1155/2010/157939" />
    <name lang="und">Patient Experiences of Structured Heart Failure Programmes</name>
    <structure hierarchy="bwmeta1.hierarchy-class.hierarchy_Journal">
      <ancestor level="bwmeta1.level.hierarchy_Journal_Publisher">
        <name lang="und">Hindawi Publishing Corporation</name>
      </ancestor>
      <ancestor level="bwmeta1.level.hierarchy_Journal_Journal">
        <name lang="und">Rehabilitation Research and Practice</name>
      </ancestor>
      <ancestor level="bwmeta1.level.hierarchy_Journal_Volume">
        <name lang="und">2010</name>
      </ancestor>
      <current level="bwmeta1.level.hierarchy_Journal_Article" />
    </structure>
  </element>
</bwmeta>

