<?xml version="1.0" encoding="UTF-8"?>
<bwmeta xmlns="http://yadda.icm.edu.pl/bwmeta-2.1.0.xsd">
  <element id="20902190">
    <affiliation id="aff.3">
      <text>Centre for Wildlife, Indian Veterinary Research Institute, Izatnagar-243 122, Uttar Pradesh, India</text>
    </affiliation>
    <affiliation id="aff.2">
      <text>Division of Animal Genetics, Indian Veterinary Research Institute, Izatnagar-243 122, Uttar Pradesh, India</text>
    </affiliation>
    <affiliation id="aff.1">
      <text>Division of Physiology and Climatology, Indian Veterinary Research Institute, Izatnagar, Uttar Pradesh, 243 122, India</text>
    </affiliation>
    <attribute key="email">
      <value>rkmpatra@yahoo.co.in</value>
    </attribute>
    <attribute key="ArticleID">
      <value>108429</value>
    </attribute>
    <contents>
      <file format="application/pdf" id="0" type="full-text">
        <location>yadda.pack:/archive/20902190/content/full-text/20902190.pdf</location>
      </file>
    </contents>
    <contributor institution="false" role="author">
      <affiliation-ref ref="aff.1" />
      <name lang="und" type="forenames">Nitin</name>
      <name lang="und" type="surname">Gade</name>
      <name lang="und" type="canonical">Nitin Gade</name>
    </contributor>
    <contributor institution="false" role="author">
      <affiliation-ref ref="aff.1" />
      <name lang="und" type="forenames">R. K.</name>
      <name lang="und" type="surname">Mahapatra</name>
      <name lang="und" type="canonical">R. K. Mahapatra</name>
    </contributor>
    <contributor institution="false" role="author">
      <affiliation-ref ref="aff.2" />
      <name lang="und" type="forenames">Arvind</name>
      <name lang="und" type="surname">Sonawane</name>
      <name lang="und" type="canonical">Arvind Sonawane</name>
    </contributor>
    <contributor institution="false" role="author">
      <affiliation-ref ref="aff.3" />
      <name lang="und" type="forenames">V. K.</name>
      <name lang="und" type="surname">Singh</name>
      <name lang="und" type="canonical">V. K. Singh</name>
    </contributor>
    <contributor institution="false" role="author">
      <affiliation-ref ref="aff.3" />
      <name lang="und" type="forenames">Ramesh</name>
      <name lang="und" type="surname">Doreswamy</name>
      <name lang="und" type="canonical">Ramesh Doreswamy</name>
    </contributor>
    <contributor institution="false" role="author">
      <affiliation-ref ref="aff.3" />
      <name lang="und" type="forenames">Mohini</name>
      <name lang="und" type="surname">Saini</name>
      <name lang="und" type="canonical">Mohini Saini</name>
    </contributor>
    <contributor institution="false" role="editor">
      <name lang="und" type="forenames">Sharad S.</name>
      <name lang="und" type="surname">Singhal</name>
      <name lang="und" type="canonical">Sharad S. Singhal</name>
    </contributor>
    <date type="received" day="28" month="1" year="2010">28 January 2010</date>
    <date type="accepted" day="14" month="4" year="2010">14 April 2010</date>
    <date type="published" year="2010">2010</date>
    <description lang="und" type="abstract">Heat shock protein 70 (HSP 70) plays a vital role by bestowing cytoprotection against diverse kinds of stresses. The ubiquitous HSP
70 proteins are the most abundant and temperature sensitive among all the HSPs. The present paper has characterized HSP70-1
cDNA in goat (Capra hircus). Total RNA isolated from goat peripheral blood mononuclear cells was reverse transcribed to cDNA
that was used for ampliﬁcation of HSP 70-1 gene. PCR product (1926 bp) was cloned in pGEM-T easy vector and sequenced.
Sequence analysis revealed 1926-bp-long open reading frame of HSP 70-1 gene encoding 641 amino acids in goat, as reported in
cattle. At nucleotide level, goat HSP 70-1 was found to be 96–99% similar to that of sheep (partial), cattle, and buﬀalo whereas
the similarity at amino acid level was 95–100%. Nonsynonymous substitutions exceeding synonymous substitutions indicate the
evolution of this protein through positive selection among domestic animals. Goat and sheep appear to have diverged from a
common ancestor in phylogenetic analysis. Predicted protein structures of goat HSP 70 protein obtained from deduced amino acid
sequence indicated that the functional amino acids involved in chaperoning through ATPase hydrolytic cycle and in uncoating of
clathrin coated vesicles are highly conserved.</description>
    <id scheme="bwmeta1.id-class.DOI" value="10.4061/2010/108429" />
    <name lang="und">Molecular Characterization of Heat Shock Protein 70-1 Gene of Goat (Capra hircus)</name>
    <structure hierarchy="bwmeta1.hierarchy-class.hierarchy_Journal">
      <ancestor level="bwmeta1.level.hierarchy_Journal_Publisher">
        <name lang="und">SAGE-Hindawi Access to Research</name>
      </ancestor>
      <ancestor level="bwmeta1.level.hierarchy_Journal_Journal">
        <name lang="und">Molecular Biology International</name>
      </ancestor>
      <ancestor level="bwmeta1.level.hierarchy_Journal_Volume">
        <name lang="und">2010</name>
      </ancestor>
      <current level="bwmeta1.level.hierarchy_Journal_Article" />
    </structure>
  </element>
</bwmeta>

