<?xml version="1.0" encoding="UTF-8"?>
<bwmeta xmlns="http://yadda.icm.edu.pl/bwmeta-2.1.0.xsd">
  <element id="20901852">
    <affiliation id="aff.2">
      <text>Clinical Pathology Department, Faculty of Medicine, Mansoura University, Mansoura 35111, Egypt</text>
    </affiliation>
    <affiliation id="aff.1">
      <text>Toxicology Department, Faculty of Medicine, Mansoura University, Mansoura 35111, Egypt</text>
    </affiliation>
    <attribute key="email">
      <value>toxicsalama@hotmail.com</value>
    </attribute>
    <attribute key="ArticleID">
      <value>103094</value>
    </attribute>
    <contents>
      <file format="application/pdf" id="0" type="full-text">
        <location>yadda.pack:/archive/20901852/content/full-text/20901852.pdf</location>
      </file>
    </contents>
    <contributor institution="false" role="author">
      <affiliation-ref ref="aff.1" />
      <name lang="und" type="forenames">Seham A. Gad</name>
      <name lang="und" type="surname">ELhak</name>
      <name lang="und" type="canonical">Seham A. Gad ELhak</name>
    </contributor>
    <contributor institution="false" role="author">
      <affiliation-ref ref="aff.1" />
      <name lang="und" type="forenames">Abdel Aziz A.</name>
      <name lang="und" type="surname">Ghanem</name>
      <name lang="und" type="canonical">Abdel Aziz A. Ghanem</name>
    </contributor>
    <contributor institution="false" role="author">
      <affiliation-ref ref="aff.2" />
      <name lang="und" type="forenames">Hassan</name>
      <name lang="und" type="surname">AbdelGhaffar</name>
      <name lang="und" type="canonical">Hassan AbdelGhaffar</name>
    </contributor>
    <contributor institution="false" role="author">
      <affiliation-ref ref="aff.1" />
      <name lang="und" type="forenames">Sahar El</name>
      <name lang="und" type="surname">Dakroury</name>
      <name lang="und" type="canonical">Sahar El Dakroury</name>
    </contributor>
    <contributor institution="false" role="author">
      <affiliation-ref ref="aff.1" />
      <name lang="und" type="forenames">Mohamed M.</name>
      <name lang="und" type="surname">Salama</name>
      <name lang="und" type="canonical">Mohamed M. Salama</name>
    </contributor>
    <contributor institution="false" role="editor">
      <name lang="und" type="forenames">Changiz</name>
      <name lang="und" type="surname">Geula</name>
      <name lang="und" type="canonical">Changiz Geula</name>
    </contributor>
    <date type="received" day="8" month="2" year="2010">8 February 2010</date>
    <date type="accepted" day="26" month="7" year="2010">26 July 2010</date>
    <date type="revised" day="5" month="6" year="2010">5 June 2010</date>
    <date type="published" year="2010">2010</date>
    <description lang="und" type="abstract">Parkinson’s disease (PD) is one of the neurodegenerative diseases which we can by certainty identify its pathology, however, this
conﬁdence disappeares when talking about the cause. A long history of trials, suggestions, and theories tried linking PD to a speciﬁc
causation. In this paper, a new suggestion is trying to ﬁnd its way, could it be toxicology? Can we—in the future—look to PD as an
occupational disease, in fact, many clues point to the possible toxic responsibility—either total or partial—in causing this disease.
Searching for possible toxic causes for PD would help in designing perfect toxic models in animals.</description>
    <id scheme="bwmeta1.id-class.DOI" value="10.1155/2010/103094" />
    <name lang="und">Parkinson’s Disease: Is It a Toxic Syndrome?</name>
    <structure hierarchy="bwmeta1.hierarchy-class.hierarchy_Journal">
      <ancestor level="bwmeta1.level.hierarchy_Journal_Publisher">
        <name lang="und">Hindawi Publishing Corporation</name>
      </ancestor>
      <ancestor level="bwmeta1.level.hierarchy_Journal_Journal">
        <name lang="und">Neurology Research International</name>
      </ancestor>
      <ancestor level="bwmeta1.level.hierarchy_Journal_Volume">
        <name lang="und">2010</name>
      </ancestor>
      <current level="bwmeta1.level.hierarchy_Journal_Article" />
    </structure>
  </element>
</bwmeta>

