<?xml version="1.0" encoding="UTF-8"?>
<bwmeta xmlns="http://yadda.icm.edu.pl/bwmeta-2.1.0.xsd">
  <element id="20900023">
    <affiliation id="aff.default">
      <text>Department of Animal Health and Production, Faculty of Veterinary Medicine, University of Nigeria, Nsukka, Nigeria</text>
    </affiliation>
    <attribute key="email">
      <value>ajannadix@yahoo.com</value>
    </attribute>
    <attribute key="ArticleID">
      <value>141824</value>
    </attribute>
    <contents>
      <file format="application/pdf" id="0" type="full-text">
        <location>yadda.pack:/archive/20900023/content/full-text/20900023.pdf</location>
      </file>
    </contents>
    <contributor institution="false" role="author">
      <affiliation-ref ref="aff.default" />
      <name lang="und" type="forenames">P. A.</name>
      <name lang="und" type="surname">Nnadi</name>
      <name lang="und" type="canonical">P. A. Nnadi</name>
    </contributor>
    <contributor institution="false" role="author">
      <affiliation-ref ref="aff.default" />
      <name lang="und" type="forenames">S. O.</name>
      <name lang="und" type="surname">George</name>
      <name lang="und" type="canonical">S. O. George</name>
    </contributor>
    <contributor institution="false" role="editor">
      <name lang="und" type="forenames">Benjamin M.</name>
      <name lang="und" type="surname">Rosenthal</name>
      <name lang="und" type="canonical">Benjamin M. Rosenthal</name>
    </contributor>
    <date type="received" day="26" month="11" year="2009">26 November 2009</date>
    <date type="accepted" day="11" month="5" year="2010">11 May 2010</date>
    <date type="revised" day="28" month="2" year="2010">28 February 2010</date>
    <date type="published" year="2010">2010</date>
    <description lang="und" type="abstract">A study was carried out to identify and estimate the prevalence of ecto- and endoparasites of village chicken between April and
July 2008 in three local councils of Enugu state, Nigeria. A total of 1038 chickens comprising of 468 chicks, 207 growers and 363
adults were examined during the house to house survey for ectoparasites, gastrointestinal helminths and coccidia infections. Our
ﬁnding showed that 41% were infected with ectoparasites with lice, ﬂeas, and mites having prevalence rates of 62.2%, 35.7% and
2.1%, respectively. Helminths and coccidia had prevalence of 35.5% each. Among the helminths Ascaridia, galli was the most
dominant species (17.2%). Generally, there was a signiﬁcantly higher helminth infestation relative to the ectoparasites (P &lt; .05),
high prevalence of mixed infections and absence of tick infestation. Parasitism could be big constraint to production in the study
area and we recommend a sustainable control strategy.</description>
    <id scheme="bwmeta1.id-class.DOI" value="10.1155/2010/141824" />
    <name lang="und">A Cross-Sectional Survey on Parasites of Chickens in Selected Villages in the Subhumid Zones of South-Eastern Nigeria</name>
    <structure hierarchy="bwmeta1.hierarchy-class.hierarchy_Journal">
      <ancestor level="bwmeta1.level.hierarchy_Journal_Publisher">
        <name lang="und">Hindawi Publishing Corporation</name>
      </ancestor>
      <ancestor level="bwmeta1.level.hierarchy_Journal_Journal">
        <name lang="und">Journal of Parasitology Research</name>
      </ancestor>
      <ancestor level="bwmeta1.level.hierarchy_Journal_Volume">
        <name lang="und">2010</name>
      </ancestor>
      <current level="bwmeta1.level.hierarchy_Journal_Article" />
    </structure>
  </element>
</bwmeta>

