<?xml version="1.0" encoding="UTF-8"?>
<bwmeta xmlns="http://yadda.icm.edu.pl/bwmeta-2.1.0.xsd">
  <element id="20901488">
    <affiliation id="aff.default">
      <text>Department of Orthopaedic Surgery, Roper Hospital, Charleston Orthopaedic Associates, 1012 Physicians Drive, Charleston, SC 29414, USA</text>
    </affiliation>
    <attribute key="email">
      <value>rjfriedman@mybones.com</value>
    </attribute>
    <attribute key="ArticleID">
      <value>108049</value>
    </attribute>
    <contents>
      <file format="application/pdf" id="0" type="full-text">
        <location>yadda.pack:/archive/20901488/content/full-text/20901488.pdf</location>
      </file>
    </contents>
    <contributor institution="false" role="author">
      <affiliation-ref ref="aff.default" />
      <name lang="und" type="forenames">Richard J.</name>
      <name lang="und" type="surname">Friedman</name>
      <name lang="und" type="canonical">Richard J. Friedman</name>
    </contributor>
    <contributor institution="false" role="editor">
      <name lang="und" type="forenames">Bergqvist</name>
      <name lang="und" type="surname">Bergqvist</name>
      <name lang="und" type="canonical">Bergqvist Bergqvist</name>
    </contributor>
    <date type="received" day="6" month="2" year="2010">6 February 2010</date>
    <date type="accepted" day="18" month="8" year="2010">18 August 2010</date>
    <date type="revised" day="27" month="5" year="2010">27 May 2010</date>
    <date type="published" year="2010">2010</date>
    <description lang="und" type="abstract">Venous thromboembolism is a serious complication after total hip or knee surgery, and there is a well-established clinical need for
thromboprophylaxis. However, in a large number of cases adequate administration of thromboprophylaxis does not seem to occur
after total joint arthroplasty. A major challenge in the management of thromboprophylaxis is to balance the beneﬁts of treatment
with the risks, including bleeding complications. Another potential barrier to the optimal use of thromboprophylaxis could be the
inconvenience of currently available agents. Many surgeons therefore adopt a conservative approach towards thromboprophylaxis.
Simplifying therapy with more convenient, eﬃcacious, and safe anticoagulants could change attitudes to anticoagulant use and
improve adherence to thromboprophylactic guidelines.</description>
    <id scheme="bwmeta1.id-class.DOI" value="10.1155/2010/108049" />
    <name lang="und">Simplifying Thromboprophylaxis Could Improve Outcomes in Orthopaedic Surgery</name>
    <structure hierarchy="bwmeta1.hierarchy-class.hierarchy_Journal">
      <ancestor level="bwmeta1.level.hierarchy_Journal_Publisher">
        <name lang="und">Hindawi Publishing Corporation</name>
      </ancestor>
      <ancestor level="bwmeta1.level.hierarchy_Journal_Journal">
        <name lang="und">Thrombosis</name>
      </ancestor>
      <ancestor level="bwmeta1.level.hierarchy_Journal_Volume">
        <name lang="und">2010</name>
      </ancestor>
      <current level="bwmeta1.level.hierarchy_Journal_Article" />
    </structure>
  </element>
</bwmeta>

