<?xml version="1.0" encoding="UTF-8"?>
<bwmeta xmlns="http://yadda.icm.edu.pl/bwmeta-2.1.0.xsd">
  <element id="20901836">
    <affiliation id="aff.2">
      <text>Division of Pulmonary and Critical Care Medicine, College of Medicine, University of Florida, Gainesville, FL 32610-0225, USA</text>
    </affiliation>
    <affiliation id="aff.1">
      <text>Division of Pulmonary and Critical Care Medicine, Department of Medicine, Medical University of South Carolina, 96 Jonathan Lucas Street, 812 CSB, MSC 630, Charleston, SC 29425-6300, USA</text>
    </affiliation>
    <attribute key="email">
      <value>mcgeeda@musc.edu</value>
    </attribute>
    <attribute key="ArticleID">
      <value>570679</value>
    </attribute>
    <contents>
      <file format="application/pdf" id="0" type="full-text">
        <location>yadda.pack:/archive/20901836/content/full-text/20901836.pdf</location>
      </file>
    </contents>
    <contributor institution="false" role="author">
      <affiliation-ref ref="aff.1" />
      <name lang="und" type="forenames">Dawn</name>
      <name lang="und" type="surname">McGee</name>
      <name lang="und" type="canonical">Dawn McGee</name>
    </contributor>
    <contributor institution="false" role="author">
      <affiliation-ref ref="aff.1" />
      <name lang="und" type="forenames">Laura</name>
      <name lang="und" type="surname">Schwarz</name>
      <name lang="und" type="canonical">Laura Schwarz</name>
    </contributor>
    <contributor institution="false" role="author">
      <affiliation-ref ref="aff.1" />
      <name lang="und" type="forenames">Rebecca</name>
      <name lang="und" type="surname">McClure</name>
      <name lang="und" type="canonical">Rebecca McClure</name>
    </contributor>
    <contributor institution="false" role="author">
      <affiliation-ref ref="aff.1" />
      <name lang="und" type="forenames">Lauren</name>
      <name lang="und" type="surname">Peterka</name>
      <name lang="und" type="canonical">Lauren Peterka</name>
    </contributor>
    <contributor institution="false" role="author">
      <affiliation-ref ref="aff.2" />
      <name lang="und" type="forenames">Farshid</name>
      <name lang="und" type="surname">Rouhani</name>
      <name lang="und" type="canonical">Farshid Rouhani</name>
    </contributor>
    <contributor institution="false" role="author">
      <affiliation-ref ref="aff.2" />
      <name lang="und" type="forenames">Mark</name>
      <name lang="und" type="surname">Brantly</name>
      <name lang="und" type="canonical">Mark Brantly</name>
    </contributor>
    <contributor institution="false" role="author">
      <affiliation-ref ref="aff.1" />
      <name lang="und" type="forenames">Charlie</name>
      <name lang="und" type="surname">Strange</name>
      <name lang="und" type="canonical">Charlie Strange</name>
    </contributor>
    <contributor institution="false" role="editor">
      <name lang="und" type="forenames">Maurizio</name>
      <name lang="und" type="surname">Luisetti</name>
      <name lang="und" type="canonical">Maurizio Luisetti</name>
    </contributor>
    <date type="received" day="18" month="12" year="2009">18 December 2009</date>
    <date type="accepted" day="8" month="5" year="2010">8 May 2010</date>
    <date type="revised" day="22" month="3" year="2010">22 March 2010</date>
    <date type="published" year="2010">2010</date>
    <description lang="und" type="abstract">Background. Alpha-1 antitrypsin deﬁciency (AAT) is an inherited condition that predisposes to lung and/or liver disease. Objective.
The current study examined the clinical features of the PiSS genotype. Methods. Nineteen study participants (PiSS) and 29
matched control participants (PiMM) were telephone interviewed using a standardized questionnaire. Demographic features,
cigarette smoking, vocation, medication history, and clinical diagnoses were compared. Statistical analysis was performed. Finally,
a comprehensive literature review was performed by two investigators. Results. 12/19 (63.2%) study participants reported the
presence of lung and/or liver disease compared to 12/29 (41.4%) control participants. There trended toward having a higher
frequency of medication allergies in the study population (42.11% versus 20.69%). Conclusions. The PiSS genotype was associated
with a similar incidence of obstructive lung disease to controls. Selective bias intrinsic in testing for AAT deﬁciency and the rarity
of the PiSS genotype will make future study of this association dependent on population-based tests.</description>
    <id scheme="bwmeta1.id-class.DOI" value="10.1155/2010/570679" />
    <name lang="und">Is PiSS Alpha-1 Antitrypsin Deﬁciency Associated with Disease?</name>
    <structure hierarchy="bwmeta1.hierarchy-class.hierarchy_Journal">
      <ancestor level="bwmeta1.level.hierarchy_Journal_Publisher">
        <name lang="und">Hindawi Publishing Corporation</name>
      </ancestor>
      <ancestor level="bwmeta1.level.hierarchy_Journal_Journal">
        <name lang="und">Pulmonary Medicine</name>
      </ancestor>
      <ancestor level="bwmeta1.level.hierarchy_Journal_Volume">
        <name lang="und">2010</name>
      </ancestor>
      <current level="bwmeta1.level.hierarchy_Journal_Article" />
    </structure>
  </element>
</bwmeta>

