<?xml version="1.0" encoding="UTF-8"?>
<bwmeta xmlns="http://yadda.icm.edu.pl/bwmeta-2.1.0.xsd">
  <element id="20902654">
    <affiliation id="aff.3">
      <text>Institute of Medical Statistics and Epidemiology, University of Cologne, 50924 Ko¨ln, Germany</text>
    </affiliation>
    <affiliation id="aff.2">
      <text>Durenerstr. 332, 50935 Ko¨ln, Germany</text>
    </affiliation>
    <affiliation id="aff.1">
      <text>Berrenratherstr. 296, 50937 Ko¨ln, Germany</text>
    </affiliation>
    <attribute key="email">
      <value>info@damianfranzen.de</value>
    </attribute>
    <attribute key="ArticleID">
      <value>351045</value>
    </attribute>
    <contents>
      <file format="application/pdf" id="0" type="full-text">
        <location>yadda.pack:/archive/20902654/content/full-text/20902654.pdf</location>
      </file>
    </contents>
    <contributor institution="false" role="author">
      <affiliation-ref ref="aff.1" />
      <name lang="und" type="forenames">Damian</name>
      <name lang="und" type="surname">Franzen</name>
      <name lang="und" type="canonical">Damian Franzen</name>
    </contributor>
    <contributor institution="false" role="author">
      <affiliation-ref ref="aff.2" />
      <name lang="und" type="forenames">Angelika</name>
      <name lang="und" type="surname">Haus</name>
      <name lang="und" type="canonical">Angelika Haus</name>
    </contributor>
    <contributor institution="false" role="author">
      <affiliation-ref ref="aff.3" />
      <name lang="und" type="forenames">Martin</name>
      <name lang="und" type="surname">Hellmich</name>
      <name lang="und" type="canonical">Martin Hellmich</name>
    </contributor>
    <contributor institution="false" role="editor">
      <name lang="und" type="forenames">Bruno</name>
      <name lang="und" type="surname">Brochet</name>
      <name lang="und" type="canonical">Bruno Brochet</name>
    </contributor>
    <date type="received" day="4" month="4" year="2010">4 April 2010</date>
    <date type="accepted" day="20" month="10" year="2010">20 October 2010</date>
    <date type="revised" day="1" month="9" year="2010">1 September 2010</date>
    <date type="published" year="2010">2010</date>
    <description lang="und" type="abstract">Immunosuppressive therapy is an established therapeutic option in patients suﬀering from multiple sclerosis (MS). In an
open nonrandomized study we serially assessed cardiac function in 30 consecutive patients with MS before, during, and after
mitoxantrone therapy. Mitoxantrone (12 mg/m2) was administered intravenously at 3-month intervals. Before each infusion,
cardiac function was assessed by history taking, resting electrocardiogram, and echocardiography. Whereas no patient experienced
clinical signs of heart failure, left ventricular pump function decreased continuously during mitoxantrone therapy and did not
recover after cessation. The presented data suggest a dose-dependent and long-lasting toxic cardiac eﬀect of low-dose mitoxantrone
therapy in MS.</description>
    <id scheme="bwmeta1.id-class.DOI" value="10.1155/2010/351045" />
    <name lang="und">Serial Assessment of Cardiac Function during and following Mitoxantrone Infusion in 30 Consecutive Patients with Multiple Sclerosis</name>
    <structure hierarchy="bwmeta1.hierarchy-class.hierarchy_Journal">
      <ancestor level="bwmeta1.level.hierarchy_Journal_Publisher">
        <name lang="und">Hindawi Publishing Corporation</name>
      </ancestor>
      <ancestor level="bwmeta1.level.hierarchy_Journal_Journal">
        <name lang="und">Multiple Sclerosis International</name>
      </ancestor>
      <ancestor level="bwmeta1.level.hierarchy_Journal_Volume">
        <name lang="und">2010</name>
      </ancestor>
      <current level="bwmeta1.level.hierarchy_Journal_Article" />
    </structure>
  </element>
</bwmeta>

