<?xml version="1.0" encoding="UTF-8"?>
<bwmeta xmlns="http://yadda.icm.edu.pl/bwmeta-2.1.0.xsd">
  <element id="20901542">
    <affiliation id="aff.3">
      <text>Department of Human Physiology and Center for Neuroscience, Flinders University, GPO Box 2100, Adelaide SA5001, Australia</text>
    </affiliation>
    <affiliation id="aff.2">
      <text>Department of Anatomy and Neurobiology, Xiang-Ya College of Medicine, Central South University, Tongzipo Road 168, Changsha, Hunan 410089, China</text>
    </affiliation>
    <affiliation id="aff.1">
      <text>Department of Anesthesia, The Second Xiang-Ya Hospital of Central South University, Renmin Road no.86, Changsha, Hunan 410011, China</text>
    </affiliation>
    <attribute key="email">
      <value>dai@yahoo.com.cn</value>
    </attribute>
    <attribute key="ArticleID">
      <value>705874</value>
    </attribute>
    <contents>
      <file format="application/pdf" id="0" type="full-text">
        <location>yadda.pack:/archive/20901542/content/full-text/20901542.pdf</location>
      </file>
    </contents>
    <contributor institution="false" role="author">
      <affiliation-ref ref="aff.1" />
      <affiliation-ref ref="aff.2" />
      <name lang="und" type="forenames">Chang-Qi</name>
      <name lang="und" type="surname">Li</name>
      <name lang="und" type="canonical">Chang-Qi Li</name>
    </contributor>
    <contributor institution="false" role="author">
      <affiliation-ref ref="aff.1" />
      <affiliation-ref ref="aff.2" />
      <name lang="und" type="forenames">Jian-Wei</name>
      <name lang="und" type="surname">Zhang</name>
      <name lang="und" type="canonical">Jian-Wei Zhang</name>
    </contributor>
    <contributor institution="false" role="author">
      <affiliation-ref ref="aff.1" />
      <name lang="und" type="forenames">Ru-Ping</name>
      <name lang="und" type="surname">Dai</name>
      <name lang="und" type="canonical">Ru-Ping Dai</name>
    </contributor>
    <contributor institution="false" role="author">
      <affiliation-ref ref="aff.1" />
      <name lang="und" type="forenames">Juan</name>
      <name lang="und" type="surname">Wang</name>
      <name lang="und" type="canonical">Juan Wang</name>
    </contributor>
    <contributor institution="false" role="author">
      <affiliation-ref ref="aff.2" />
      <name lang="und" type="forenames">Xue-Gang</name>
      <name lang="und" type="surname">Luo</name>
      <name lang="und" type="canonical">Xue-Gang Luo</name>
    </contributor>
    <contributor institution="false" role="author">
      <affiliation-ref ref="aff.3" />
      <name lang="und" type="forenames">Xin-Fu</name>
      <name lang="und" type="surname">Zhou</name>
      <name lang="und" type="canonical">Xin-Fu Zhou</name>
    </contributor>
    <contributor institution="false" role="editor">
      <name lang="und" type="forenames">Anna Maria</name>
      <name lang="und" type="surname">Aloisi</name>
      <name lang="und" type="canonical">Anna Maria Aloisi</name>
    </contributor>
    <date type="received" day="15" month="7" year="2009">15 July 2009</date>
    <date type="accepted" day="7" month="12" year="2009">7 December 2009</date>
    <date type="published" year="2010">2010</date>
    <description lang="und" type="abstract">The role of aﬀective dimension in the postoperative pain is still poorly understood. The present study investigated the development
of anxiety-like behavior and amygdala sensitization in incisional pain. Using hind-paw incision model in rats, we showed that
surgical incision induced the anxiety-like behavior as determined by elevated plus-maze and open-ﬁeld tests. Intraperitoneal (IP)
morphine administration reversed mechanical allodynia and anxiety-like behavior in a dose-dependent manner. Gabapentin also
partially reduced incision-evoked mechanical allodynia and anxiety-like behavior in a dose-dependent manner. After incision,
the expression of phosphorylated cAMP response elements (CRE-) binding protein (p-CREB) was transiently upregulated in the
central and basolateral nuclei in the bilateral amygdala. The upregulation of p-CREB was inhibited by morphine and gabapentin.
The present study suggested that surgical incision could induce anxiety and amygdala sensitization that can be inhibited by
morphine and gabapentin. Thus treatment of surgery-induced aﬀective disturbances by morphine and gabapentin may be a
potential important adjunct therapy in the postoperative pain management.</description>
    <id scheme="bwmeta1.id-class.DOI" value="10.1155/2010/705874" />
    <name lang="und">Surgical Incision Induces Anxiety-Like Behavior and Amygdala Sensitization: Effects of Morphine and Gabapentin</name>
    <structure hierarchy="bwmeta1.hierarchy-class.hierarchy_Journal">
      <ancestor level="bwmeta1.level.hierarchy_Journal_Publisher">
        <name lang="und">Hindawi Publishing Corporation</name>
      </ancestor>
      <ancestor level="bwmeta1.level.hierarchy_Journal_Journal">
        <name lang="und">Pain Research and Treatment</name>
      </ancestor>
      <ancestor level="bwmeta1.level.hierarchy_Journal_Volume">
        <name lang="und">2010</name>
      </ancestor>
      <current level="bwmeta1.level.hierarchy_Journal_Article" />
    </structure>
  </element>
</bwmeta>

