<?xml version="1.0" encoding="UTF-8"?>
<bwmeta xmlns="http://yadda.icm.edu.pl/bwmeta-2.1.0.xsd">
  <element id="20901461">
    <affiliation id="aff.default">
      <text>Department of Plastic Surgery, “Sapienza” University of Rome, 00185 Rome, Italy</text>
    </affiliation>
    <attribute key="email">
      <value>emanuelecigna@msn.com</value>
    </attribute>
    <attribute key="ArticleID">
      <value>343820</value>
    </attribute>
    <contents>
      <file format="application/pdf" id="0" type="full-text">
        <location>yadda.pack:/archive/20901461/content/full-text/20901461.pdf</location>
      </file>
    </contents>
    <contributor institution="false" role="author">
      <affiliation-ref ref="aff.default" />
      <name lang="und" type="forenames">Emanuele</name>
      <name lang="und" type="surname">Cigna</name>
      <name lang="und" type="canonical">Emanuele Cigna</name>
    </contributor>
    <contributor institution="false" role="author">
      <affiliation-ref ref="aff.default" />
      <name lang="und" type="forenames">Anna Maria</name>
      <name lang="und" type="surname">Spagnoli</name>
      <name lang="und" type="canonical">Anna Maria Spagnoli</name>
    </contributor>
    <contributor institution="false" role="author">
      <affiliation-ref ref="aff.default" />
      <name lang="und" type="forenames">Mauro</name>
      <name lang="und" type="surname">Tarallo</name>
      <name lang="und" type="canonical">Mauro Tarallo</name>
    </contributor>
    <contributor institution="false" role="author">
      <affiliation-ref ref="aff.default" />
      <name lang="und" type="forenames">Liliana De</name>
      <name lang="und" type="surname">Santo</name>
      <name lang="und" type="canonical">Liliana De Santo</name>
    </contributor>
    <contributor institution="false" role="author">
      <affiliation-ref ref="aff.default" />
      <name lang="und" type="forenames">Giampaolo</name>
      <name lang="und" type="surname">Monacelli</name>
      <name lang="und" type="canonical">Giampaolo Monacelli</name>
    </contributor>
    <contributor institution="false" role="author">
      <affiliation-ref ref="aff.default" />
      <name lang="und" type="forenames">Nicolo`</name>
      <name lang="und" type="surname">Scuderi</name>
      <name lang="und" type="canonical">Nicolo` Scuderi</name>
    </contributor>
    <contributor institution="false" role="editor">
      <name lang="und" type="forenames">Hiroshi</name>
      <name lang="und" type="surname">Mizuno</name>
      <name lang="und" type="canonical">Hiroshi Mizuno</name>
    </contributor>
    <date type="received" day="25" month="11" year="2009">25 November 2009</date>
    <date type="accepted" day="3" month="4" year="2010">3 April 2010</date>
    <date type="revised" day="2" month="4" year="2010">2 April 2010</date>
    <date type="published" year="2010">2010</date>
    <description lang="und" type="abstract">Introduction. The hypothenar hammer syndrome is a rare traumatic vascular disease of the hand. Method and Materials. We report
the case of a 43-years-old man with a painful tumefaction of the left hypothenar region. The ulnar artery appeared thrombosed
clinically and radiologically. The patient underwent surgery to resolve the ulnar nerve compression and revascularise the artery.
Results. The symptoms disappeared immediately after surgery. The arterial ﬂow was reestablished. Postoperatively on day 20, a
new thrombosis of the ulnar artery occurred. Conclusion. Hypothenar hammer syndrome is caused by repetitive trauma to the
heel of the hand. The alterations of the vessel due to its chronic inﬂammation caused an acute compression of the ulnar nerve at
the Guyon’s canal and, in our case, do not allow a permanent revascularisation of the ulnar artery.</description>
    <id scheme="bwmeta1.id-class.DOI" value="10.1155/2010/343820" />
    <name lang="und">Therapeutic Management of Hypothenar Hammer Syndrome Causing Ulnar Nerve Entrapment</name>
    <structure hierarchy="bwmeta1.hierarchy-class.hierarchy_Journal">
      <ancestor level="bwmeta1.level.hierarchy_Journal_Publisher">
        <name lang="und">Hindawi Publishing Corporation</name>
      </ancestor>
      <ancestor level="bwmeta1.level.hierarchy_Journal_Journal">
        <name lang="und">Plastic Surgery International</name>
      </ancestor>
      <ancestor level="bwmeta1.level.hierarchy_Journal_Volume">
        <name lang="und">2010</name>
      </ancestor>
      <current level="bwmeta1.level.hierarchy_Journal_Article" />
    </structure>
  </element>
</bwmeta>

