<?xml version="1.0" encoding="UTF-8"?>
<bwmeta xmlns="http://yadda.icm.edu.pl/bwmeta-2.1.0.xsd">
  <element id="20902727">
    <affiliation id="aff.default">
      <text>Section on Cardiology, Wake Forest University School of Medicine, Medical Center Boulevard, Winston-Salem, NC 27157-1045, USA</text>
    </affiliation>
    <attribute key="email">
      <value>gwells@wfubmc.edu</value>
    </attribute>
    <attribute key="ArticleID">
      <value>149127</value>
    </attribute>
    <contents>
      <file format="application/pdf" id="0" type="full-text">
        <location>yadda.pack:/archive/20902727/content/full-text/20902727.pdf</location>
      </file>
    </contents>
    <contributor institution="false" role="author">
      <affiliation-ref ref="aff.default" />
      <name lang="und" type="forenames">Katie M.</name>
      <name lang="und" type="surname">Twomley</name>
      <name lang="und" type="canonical">Katie M. Twomley</name>
    </contributor>
    <contributor institution="false" role="author">
      <affiliation-ref ref="aff.default" />
      <name lang="und" type="forenames">Gretchen L.</name>
      <name lang="und" type="surname">Wells</name>
      <name lang="und" type="canonical">Gretchen L. Wells</name>
    </contributor>
    <contributor institution="false" role="editor">
      <name lang="und" type="forenames">Fabio</name>
      <name lang="und" type="surname">Facchinetti</name>
      <name lang="und" type="canonical">Fabio Facchinetti</name>
    </contributor>
    <date type="received" day="11" month="3" year="2010">11 March 2010</date>
    <date type="accepted" day="17" month="6" year="2010">17 June 2010</date>
    <date type="revised" day="24" month="5" year="2010">24 May 2010</date>
    <date type="published" year="2010">2010</date>
    <description lang="und" type="abstract">Peripartum cardiomyopathy (PPCM) is a rare but potentially lethal complication of pregnancy occurring in approximately 1 : 3,000
live births in the United States although some series report a much higher incidence. African-American women are particularly at
risk. Diagnosis requires symptoms of heart failure in the last month of pregnancy or within ﬁve months of delivery in the absence
of recognized cardiac disease prior to pregnancy as well as objective evidence of left ventricular systolic dysfunction. This paper
provides an updated, comprehensive review of PPCM, including emerging insights into the etiology of this disorder as well as
current treatment options.</description>
    <id scheme="bwmeta1.id-class.DOI" value="10.1155/2010/149127" />
    <name lang="und">Peripartum Cardiomyopathy: A Current Review</name>
    <structure hierarchy="bwmeta1.hierarchy-class.hierarchy_Journal">
      <ancestor level="bwmeta1.level.hierarchy_Journal_Publisher">
        <name lang="und">Hindawi Publishing Corporation</name>
      </ancestor>
      <ancestor level="bwmeta1.level.hierarchy_Journal_Journal">
        <name lang="und">Journal of Pregnancy</name>
      </ancestor>
      <ancestor level="bwmeta1.level.hierarchy_Journal_Volume">
        <name lang="und">2010</name>
      </ancestor>
      <current level="bwmeta1.level.hierarchy_Journal_Article" />
    </structure>
  </element>
</bwmeta>

