<?xml version="1.0" encoding="UTF-8"?>
<bwmeta xmlns="http://yadda.icm.edu.pl/bwmeta-2.1.0.xsd">
  <element id="20900007">
    <affiliation id="aff.2">
      <text>Surgical Clinic and Policlinic II, University Hospital Leipzig, 04103 Leipzig, Germany</text>
    </affiliation>
    <affiliation id="aff.1">
      <text>Institute of Laboratory Medicine, Clinical Chemistry and Molecular Diagnostics, University Hospital Leipzig, 04103 Leipzig, Germany</text>
    </affiliation>
    <attribute key="email">
      <value>alexander.leichtle@medizin.uni-leipzig.de</value>
    </attribute>
    <attribute key="ArticleID">
      <value>201918</value>
    </attribute>
    <contents>
      <file format="application/pdf" id="0" type="full-text">
        <location>yadda.pack:/archive/20900007/content/full-text/20900007.pdf</location>
      </file>
    </contents>
    <contributor institution="false" role="author">
      <affiliation-ref ref="aff.1" />
      <name lang="und" type="forenames">Alexander Benedikt</name>
      <name lang="und" type="surname">Leichtle</name>
      <name lang="und" type="canonical">Alexander Benedikt Leichtle</name>
    </contributor>
    <contributor institution="false" role="author">
      <affiliation-ref ref="aff.1" />
      <name lang="und" type="forenames">Uta</name>
      <name lang="und" type="surname">Ceglarek</name>
      <name lang="und" type="canonical">Uta Ceglarek</name>
    </contributor>
    <contributor institution="false" role="author">
      <affiliation-ref ref="aff.2" />
      <name lang="und" type="forenames">Helmut</name>
      <name lang="und" type="surname">Witzigmann</name>
      <name lang="und" type="canonical">Helmut Witzigmann</name>
    </contributor>
    <contributor institution="false" role="author">
      <affiliation-ref ref="aff.2" />
      <name lang="und" type="forenames">Ga´bor</name>
      <name lang="und" type="surname">Ga¨bel</name>
      <name lang="und" type="canonical">Ga´bor Ga¨bel</name>
    </contributor>
    <contributor institution="false" role="author">
      <affiliation-ref ref="aff.1" />
      <name lang="und" type="forenames">Joachim</name>
      <name lang="und" type="surname">Thiery</name>
      <name lang="und" type="canonical">Joachim Thiery</name>
    </contributor>
    <contributor institution="false" role="author">
      <affiliation-ref ref="aff.1" />
      <name lang="und" type="forenames">Georg Martin</name>
      <name lang="und" type="surname">Fiedler</name>
      <name lang="und" type="canonical">Georg Martin Fiedler</name>
    </contributor>
    <contributor institution="false" role="editor">
      <name lang="und" type="forenames">Edward H.</name>
      <name lang="und" type="surname">Cole</name>
      <name lang="und" type="canonical">Edward H. Cole</name>
    </contributor>
    <date type="received" day="8" month="2" year="2010">8 February 2010</date>
    <date type="accepted" day="15" month="4" year="2010">15 April 2010</date>
    <date type="revised" day="11" month="4" year="2010">11 April 2010</date>
    <date type="published" year="2010">2010</date>
    <description lang="und" type="abstract">Background. Close therapeutic drug monitoring of Cyclosporine (CsA) in transplant outpatients is a favourable procedure to
maintain the long-term blood drug levels within their respective narrow therapeutic ranges. Compared to basal levels (C0), CsA
peak levels (C2) are more predictive for transplant rejection. However, the application of C2 levels is hampered by the precise time of
blood sampling and the need of qualiﬁed personnel. Therefore, we evaluated a new C2 self-obtained blood sampling in transplant
outpatients using dried capillary and venous blood samples and compared the CsA levels, stability, and clinical practicability of
the diﬀerent procedures. Methods. 55 solid organ transplant recipients were instructed touse single-handed sampling of each 50
μL capillary blood and dried blood spots by ﬁnger prick using standard ﬁnger prick devices. We used standardized EDTA-coated
capillary blood collection systems and standardized ﬁlter paper WS 903. CsA was determined by LC-MS/MS. The patients and
technicians also answered a questionnaire on the procedure and sample quality. Results. The C0 and C2 levels from capillary
blood collection systems (C0 [ng/mL]: 114.5 44.5; C2: 578.2 222.2) and capillary dried blood (C0 [ng/mL]: 175.4 137.7; C2:
743.1 368.1) signiﬁcantly (P &lt; .01) correla±ted with the drug±levels of the venous blood samples (C 0 [ng/mL]: 97.8± 37.4; C 2 :
511.2 ± 201.5). The correlation at C0 was ρcap.-ven. = 0.749, and ρdried blood-ven = 0.432; at C2: ρcap.-ven. = 0.861 and ρdried blood-ven = ± 0.711. The
patien±ts preferred the dried blood sampling because of the more simple and less painful procedure. Additionally, the sample quality
of self-obtained dried blood spots for LC-MS/MS analytics was superior to the respective capillary blood samples. Conclusions. C2
self-obtained dried blood sampling can easily be performed by transplant outpatients and is therefore suitable and cost-eﬀective
for close therapeutic drug monitoring.</description>
    <id scheme="bwmeta1.id-class.DOI" value="10.1155/2010/201918" />
    <name lang="und">Potential of Dried Blood Self-Sampling for Cyclosporine C2 Monitoring in Transplant Outpatients</name>
    <structure hierarchy="bwmeta1.hierarchy-class.hierarchy_Journal">
      <ancestor level="bwmeta1.level.hierarchy_Journal_Publisher">
        <name lang="und">Hindawi Publishing Corporation</name>
      </ancestor>
      <ancestor level="bwmeta1.level.hierarchy_Journal_Journal">
        <name lang="und">Journal of Transplantation</name>
      </ancestor>
      <ancestor level="bwmeta1.level.hierarchy_Journal_Volume">
        <name lang="und">2010</name>
      </ancestor>
      <current level="bwmeta1.level.hierarchy_Journal_Article" />
    </structure>
  </element>
</bwmeta>

