<?xml version="1.0" encoding="UTF-8"?>
<bwmeta xmlns="http://yadda.icm.edu.pl/bwmeta-2.1.0.xsd">
  <element id="20901445">
    <affiliation id="aff.default">
      <text>Department of Surgery, University Hospital Basel, 4031 Basel, Switzerland</text>
    </affiliation>
    <attribute key="email">
      <value>henry.hoﬀmann@gmx.de</value>
    </attribute>
    <attribute key="ArticleID">
      <value>109062</value>
    </attribute>
    <contents>
      <file format="application/pdf" id="0" type="full-text">
        <location>yadda.pack:/archive/20901445/content/full-text/20901445.pdf</location>
      </file>
    </contents>
    <contributor institution="false" role="author">
      <affiliation-ref ref="aff.default" />
      <name lang="und" type="forenames">H.</name>
      <name lang="und" type="surname">Hoffmann</name>
      <name lang="und" type="canonical">H. Hoffmann</name>
    </contributor>
    <contributor institution="false" role="author">
      <affiliation-ref ref="aff.default" />
      <name lang="und" type="forenames">D.</name>
      <name lang="und" type="surname">Oertli</name>
      <name lang="und" type="canonical">D. Oertli</name>
    </contributor>
    <contributor institution="false" role="author">
      <affiliation-ref ref="aff.default" />
      <name lang="und" type="forenames">O.</name>
      <name lang="und" type="surname">Heizmann</name>
      <name lang="und" type="canonical">O. Heizmann</name>
    </contributor>
    <contributor institution="false" role="editor">
      <name lang="und" type="forenames">Hendrik Jaap</name>
      <name lang="und" type="surname">Bonjer</name>
      <name lang="und" type="canonical">Hendrik Jaap Bonjer</name>
    </contributor>
    <date type="received" day="10" month="1" year="2010">10 January 2010</date>
    <date type="accepted" day="24" month="5" year="2010">24 May 2010</date>
    <date type="revised" day="18" month="4" year="2010">18 April 2010</date>
    <date type="published" year="2010">2010</date>
    <description lang="und" type="abstract">Blunt traumatic diaphragmatic rupture (BTDR) is a life-threatening condition with an incidence from 0,8%–1,6% in blunt trauma,
mostly located on the left side. The main prognostic factors are severe side injuries and the delay of diagnosis. We present a rare
case of a 68-year-old female, with an isolated right diaphragm rupture. The diagnosis was done with a delay of 4 days by thoracic
radiographs, which showed a herniation of small bowel into the right thoracic cavity. A reposition of the small bowel and a closure
of the diaphragmatic defect by running suture were carried out laparoscopicly. Although large prospective studies concerning the
outcome of laparoscopic approach to right BTDR are still missing, we could show, that laparoscopy can be performed safely in
right traumatic diaphragm rupture.</description>
    <id scheme="bwmeta1.id-class.DOI" value="10.1155/2010/109062" />
    <name lang="und">Laparoscopic Treatment of a Rare Right Diaphragmatic Rupture with Small Bowel Herniation after Blunt Thoracic Trauma</name>
    <structure hierarchy="bwmeta1.hierarchy-class.hierarchy_Journal">
      <ancestor level="bwmeta1.level.hierarchy_Journal_Publisher">
        <name lang="und">Hindawi Publishing Corporation</name>
      </ancestor>
      <ancestor level="bwmeta1.level.hierarchy_Journal_Journal">
        <name lang="und">Minimally Invasive Surgery</name>
      </ancestor>
      <ancestor level="bwmeta1.level.hierarchy_Journal_Volume">
        <name lang="und">2010</name>
      </ancestor>
      <current level="bwmeta1.level.hierarchy_Journal_Article" />
    </structure>
  </element>
</bwmeta>

