<?xml version="1.0" encoding="UTF-8"?>
<bwmeta xmlns="http://yadda.icm.edu.pl/bwmeta-2.1.0.xsd">
  <element id="20901429">
    <affiliation id="aff.3">
      <text>Department of Health Sciences, Buskerud University College, Pb 850, Papirbredden, Grønland 58, 3007 Drammen, Norway</text>
    </affiliation>
    <affiliation id="aff.2">
      <text>Section of Elderly, Municipality of Ha¨ssleholm, Lo¨jtnant Granlundsva¨g 14, 28152 Ha¨ssleholm, Sweden</text>
    </affiliation>
    <affiliation id="aff.1">
      <text>Section of Nursing, Department of Health Sciences, Faculty of Medicine, Lund University, Box 157, Barava¨gen 3, 221 00 Lund, Sweden</text>
    </affiliation>
    <affiliation id="aff.4">
      <text>University of Sko¨vde, Pb 408, Ho¨gskoleva¨gen 1, 54128 Sko¨vde, Sweden</text>
    </affiliation>
    <attribute key="email">
      <value>kajsabritt@euromail.se</value>
    </attribute>
    <attribute key="ArticleID">
      <value>148435</value>
    </attribute>
    <contents>
      <file format="application/pdf" id="0" type="full-text">
        <location>yadda.pack:/archive/20901429/content/full-text/20901429.pdf</location>
      </file>
    </contents>
    <contributor institution="false" role="author">
      <affiliation-ref ref="aff.1" />
      <affiliation-ref ref="aff.2" />
      <name lang="und" type="forenames">K. B. E.</name>
      <name lang="und" type="surname">Thorsell</name>
      <name lang="und" type="canonical">K. B. E. Thorsell</name>
    </contributor>
    <contributor institution="false" role="author">
      <affiliation-ref ref="aff.1" />
      <name lang="und" type="forenames">B. M.</name>
      <name lang="und" type="surname">Nordstro¨m</name>
      <name lang="und" type="canonical">B. M. Nordstro¨m</name>
    </contributor>
    <contributor institution="false" role="author">
      <affiliation-ref ref="aff.3" />
      <affiliation-ref ref="aff.4" />
      <name lang="und" type="forenames">L.</name>
      <name lang="und" type="surname">Fagerstro¨m</name>
      <name lang="und" type="canonical">L. Fagerstro¨m</name>
    </contributor>
    <contributor institution="false" role="author">
      <affiliation-ref ref="aff.1" />
      <name lang="und" type="forenames">B. V.</name>
      <name lang="und" type="surname">Sivberg</name>
      <name lang="und" type="canonical">B. V. Sivberg</name>
    </contributor>
    <contributor institution="false" role="editor">
      <name lang="und" type="forenames">Barbara</name>
      <name lang="und" type="surname">Resnick</name>
      <name lang="und" type="canonical">Barbara Resnick</name>
    </contributor>
    <date type="received" day="16" month="12" year="2009">16 December 2009</date>
    <date type="accepted" day="16" month="5" year="2010">16 May 2010</date>
    <date type="published" year="2010">2010</date>
    <description lang="und" type="abstract">In order to measure actual care needs in relation to resources required to fulﬁll these needs, an instrument (Time in Care) with
which to evaluate care needs and determine the time needed for various care activities has been developed with the aim of assessing
nursing intensity in municipal care for older people. Interreliability (ICC = 0.854) of time measurements (n = 10 546) of 32
nursing activities in relation to evaluated care levels in two nursing homes (staﬀ n = 81) has been determined. Nursing intensity for
both periods at the two nursing homes comprised on average a direct care time of 75 (45%) and 101 (42%) minutes, respectively.
Work time was measured according to actual schedule (462 hours per nursing home during two weeks). Given that the need for
care was high, one must further investigate if the quality of care the recipients received was suﬃciently addressed.</description>
    <id scheme="bwmeta1.id-class.DOI" value="10.1155/2010/148435" />
    <name lang="und">Time in Care for Older People Living in Nursing Homes</name>
    <structure hierarchy="bwmeta1.hierarchy-class.hierarchy_Journal">
      <ancestor level="bwmeta1.level.hierarchy_Journal_Publisher">
        <name lang="und">Hindawi Publishing Corporation</name>
      </ancestor>
      <ancestor level="bwmeta1.level.hierarchy_Journal_Journal">
        <name lang="und">Nursing Research and Practice</name>
      </ancestor>
      <ancestor level="bwmeta1.level.hierarchy_Journal_Volume">
        <name lang="und">2010</name>
      </ancestor>
      <current level="bwmeta1.level.hierarchy_Journal_Article" />
    </structure>
  </element>
</bwmeta>

