<?xml version="1.0" encoding="UTF-8"?>
<bwmeta xmlns="http://yadda.icm.edu.pl/bwmeta-2.1.0.xsd">
  <element id="21577560">
    <affiliation id="aff.default">
      <text>Department of Animal Science, The University of Tennessee, Knoxville, TN 37996, USA</text>
    </affiliation>
    <contents>
      <file format="application/pdf" id="0" type="full-text">
        <location>yadda.pack:/archive/21577560/content/full-text/21577560.pdf</location>
      </file>
    </contents>
    <contributor institution="false" role="author">
      <affiliation-ref ref="aff.default" />
      <name lang="und" type="forenames">Ximin</name>
      <name lang="und" type="surname">Zeng</name>
      <name lang="und" type="canonical">Ximin Zeng</name>
    </contributor>
    <contributor institution="false" role="author">
      <affiliation-ref ref="aff.default" />
      <name lang="und" type="forenames">Fuzhou</name>
      <name lang="und" type="surname">Xu</name>
      <name lang="und" type="canonical">Fuzhou Xu</name>
    </contributor>
    <contributor institution="false" role="author">
      <affiliation-ref ref="aff.default" />
      <name lang="und" type="forenames">Jun</name>
      <name lang="und" type="surname">Lin</name>
      <name lang="und" type="canonical">Jun Lin</name>
    </contributor>
    <description lang="und" type="abstract">Campylobacter jejuni is the leading bacterial cause of human enteritis in many industrialized countries. There
is no commercial vaccine against C. jejuni available to date. CmeC is an essential outer membrane component of
CmeABC multidrug efflux pump that plays a critical role in antibiotic resistance and in vivo colonization of C. jejuni.
CmeC is prevalent in C. jejuni strains and is dramatically induced and immunogenic in vivo. In this study, we analyzed
CmeC sequence homology, examined in vitro immune protection of CmeC peptide antibodies, and produced full-length
recombinant CmeC (rCmeC) for evaluating immunogenicity and protective efficacy of the CmeC subunit vaccine against
C. jejuni using chicken model system.Amino acid sequences of CmeC from 24 diverse C. jejuni strains were determined
and subjected to alignment, which revealed that CmeC is highly conserved in C. jejuni with a identity ranging from
97.3% to 100%. CmeC peptide antibodies inhibited the function of CmeABC efflux pump and enhanced susceptibility
of C. jejuni to bile salts, the natural antimicrobial present in the intestine. Two full-length rCmeC proteins with N- or
C-terminal His tag were produced in E. coli; the N-terminal His-tagged rCmeC with high purity and yield was obtained
by single step affinity purification. The purified rCmeC was used in two vaccination trials using a chicken model of C.
jejuni infection. Stimulation of CmeC-specific serum IgG responses via oral vaccination required immunization with
higher doses of rCmeC (200µg) together with 70µg of mucosal adjuvant mLT (modified E. coli heat-labile enterotoxin).
Subcutaneous vaccination of chickens with rCmeC remarkably stimulated both serum IgG and IgAresponses. However,
CmeC-specific intestinal secretory IgA response was not significantly stimulated regardless of vaccination regimen and
the rCmeC vaccination did not confer protection against C. jejuni infection. Together, these findings provide further
compelling evidence that CmeC is a promising subunit vaccine candidate against C. jejuni infection. However, the
CmeC vaccination regimen should be optimized to enhance CmeC-specific mucosal immune response in the intestine
for protection against C. jejuni.</description>
    <id scheme="bwmeta1.id-class.DOI" value="10.4172/2157-7560.1000112" />
    <id scheme="bwmeta1.id-class.ISSN" value="2157-7560" />
    <name lang="und">Development and Evaluation of CmeC Subunit Vaccine against Campylobacter jejuni</name>
    <structure hierarchy="bwmeta1.hierarchy-class.hierarchy_Journal">
      <ancestor level="bwmeta1.level.hierarchy_Journal_Volume">
        <name lang="und">1</name>
      </ancestor>
      <ancestor level="bwmeta1.level.hierarchy_Journal_Number">
        <name lang="und">3</name>
      </ancestor>
      <ancestor level="bwmeta1.level.hierarchy_Journal_Journal">
        <name lang="und">Journal of Vaccines &amp; Vaccination</name>
      </ancestor>
      <current level="bwmeta1.level.hierarchy_Journal_Article" />
    </structure>
    <tags lang="und" type="keyword">
      <tag>Campylobacter jejuni</tag>
      <tag>Subunit vaccine</tag>
      <tag>Multidrug efflux pump</tag>
    </tags>
  </element>
</bwmeta>

