<?xml version="1.0" encoding="UTF-8"?>
<element xmlns="http://yadda.icm.edu.pl/bwmeta-2.0.0.xsd" id="bwmeta1.element.id-from-db-publisher-otworz-ksiazke-13">
  <attribute key="institution.www">
    <value>http://www.oss.wroc.pl/tpo/</value>
  </attribute>
  <attribute key="source-id">
    <value>senatorowie_i_dygnitarze_koronni_w_drugiej_polowie_xvii_wieku</value>
  </attribute>
  <id scheme="bwmeta1.id-class.otworz-ksiazke-publisher-slug" value="towarzystwo_przyjaciol_ossolineum" />
  <name lang="und">Towarzystwo Przyjaciół Ossolineum</name>
  <structure hierarchy="bwmeta1.hierarchy-class.hierarchy_Book">
    <current level="bwmeta1.level.hierarchy_Book_Publisher" />
  </structure>
</element>

