<?xml version="1.0" encoding="UTF-8"?>
<element xmlns="http://yadda.icm.edu.pl/bwmeta-2.0.0.xsd" id="bwmeta1.element.id-from-db-publisher-otworz-ksiazke-6">
  <attribute key="institution.www">
    <value>http://www.ifispan.waw.pl/wydawnictwo/</value>
  </attribute>
  <attribute key="source-id">
    <value>reforms_adaptation_and_breakthrough</value>
  </attribute>
  <id scheme="bwmeta1.id-class.otworz-ksiazke-publisher-slug" value="ifis_publishers" />
  <name lang="und">IFiS Publishers</name>
  <structure hierarchy="bwmeta1.hierarchy-class.hierarchy_Book">
    <current level="bwmeta1.level.hierarchy_Book_Publisher" />
  </structure>
</element>

