<?xml version="1.0" encoding="UTF-8"?>
<element xmlns="http://yadda.icm.edu.pl/bwmeta-2.0.0.xsd" id="bwmeta1.element.id-from-db-book-otworz-ksiazke-28351-slugprzemiana_mitow_druga_czyli_wojna_o_obrazy">
  <attribute key="source-id">
    <value>przemiana_mitow_druga_czyli_wojna_o_obrazy</value>
  </attribute>
  <contents>
    <file format="image/jpeg" id="file.0e99db59f20ec2851d6c70a22fa4d058" langs="und" size="86545" type="cover">
      <location>yadda.pack:/archive/bwmeta1.element.id-from-db-book-otworz-ksiazke-28351-slugprzemiana_mitow_druga_czyli_wojna_o_obrazy/content/cover/okladka.jpg</location>
      <name lang="zxx" type="file-name">okladka.jpg</name>
    </file>
    <directory id="full-content" type="multi-type">
      <file format="application/pdf" id="file.2d84011aced22f6d671950b475125721" langs="und" size="492132" type="full-text">
        <location>yadda.pack:/archive/bwmeta1.element.id-from-db-book-otworz-ksiazke-28351-slugprzemiana_mitow_druga_czyli_wojna_o_obrazy/content/full-text/przemiana_mitow_druga_czyli_wojna_o_obrazy.pdf</location>
        <name lang="zxx" type="file-name">przemiana_mitow_druga_czyli_wojna_o_obrazy.pdf</name>
      </file>
      <directory id="chaptered-content-dir" type="directory">
        <directory id="r-1" type="paged">
          <directory id="page-1" type="multi-type">
            <file format="image/jpg" id="file.001f0511ce6b6e2f7b16880427465edc" langs="und" size="366870" type="full-text">
              <location>yadda.pack:/archive/bwmeta1.element.id-from-db-book-otworz-ksiazke-28351-slugprzemiana_mitow_druga_czyli_wojna_o_obrazy/content/full-text/0001.jpg</location>
              <name lang="zxx" type="file-name">0001.jpg</name>
            </file>
            <file format="text/plain" id="file.2efcf8ce10f5ab00f96b3fd5d1a24c7b" langs="und" size="166" type="plain-text">
              <location>yadda.pack:/archive/bwmeta1.element.id-from-db-book-otworz-ksiazke-28351-slugprzemiana_mitow_druga_czyli_wojna_o_obrazy/content/plain-text/0001.txt</location>
              <name lang="und" type="file-name">0001.txt</name>
            </file>
            <name lang="zxx">1-2</name>
          </directory>
        </directory>
        <directory id="r-2" type="paged">
          <directory id="page-2" type="multi-type">
            <file format="image/jpg" id="file.3bafa84a1fc5546ee3738cb81127b4fc" langs="und" size="457341" type="full-text">
              <location>yadda.pack:/archive/bwmeta1.element.id-from-db-book-otworz-ksiazke-28351-slugprzemiana_mitow_druga_czyli_wojna_o_obrazy/content/full-text/0002.jpg</location>
              <name lang="zxx" type="file-name">0002.jpg</name>
            </file>
            <file format="text/plain" id="file.289332d121751ac6c874ce7b25e90470" langs="und" size="1532" type="plain-text">
              <location>yadda.pack:/archive/bwmeta1.element.id-from-db-book-otworz-ksiazke-28351-slugprzemiana_mitow_druga_czyli_wojna_o_obrazy/content/plain-text/0002.txt</location>
              <name lang="und" type="file-name">0002.txt</name>
            </file>
            <name lang="zxx">3-4</name>
          </directory>
          <directory id="page-3" type="multi-type">
            <file format="image/jpg" id="file.db32dbb851841c2fd52d5d2d5beb397a" langs="und" size="581282" type="full-text">
              <location>yadda.pack:/archive/bwmeta1.element.id-from-db-book-otworz-ksiazke-28351-slugprzemiana_mitow_druga_czyli_wojna_o_obrazy/content/full-text/0003.jpg</location>
              <name lang="zxx" type="file-name">0003.jpg</name>
            </file>
            <file format="text/plain" id="file.d4a9b4470a41cf906cd925728c900abe" langs="und" size="3917" type="plain-text">
              <location>yadda.pack:/archive/bwmeta1.element.id-from-db-book-otworz-ksiazke-28351-slugprzemiana_mitow_druga_czyli_wojna_o_obrazy/content/plain-text/0003.txt</location>
              <name lang="und" type="file-name">0003.txt</name>
            </file>
            <name lang="zxx">5-6</name>
          </directory>
          <name lang="und">Haiku uliczne</name>
        </directory>
        <directory id="r-3" type="paged">
          <directory id="page-4" type="multi-type">
            <file format="image/jpg" id="file.4fd78b6df808209d8321a99d4c2b3cb5" langs="und" size="573633" type="full-text">
              <location>yadda.pack:/archive/bwmeta1.element.id-from-db-book-otworz-ksiazke-28351-slugprzemiana_mitow_druga_czyli_wojna_o_obrazy/content/full-text/0004.jpg</location>
              <name lang="zxx" type="file-name">0004.jpg</name>
            </file>
            <file format="text/plain" id="file.e680ae6304494781e175da4538e5d787" langs="und" size="3761" type="plain-text">
              <location>yadda.pack:/archive/bwmeta1.element.id-from-db-book-otworz-ksiazke-28351-slugprzemiana_mitow_druga_czyli_wojna_o_obrazy/content/plain-text/0004.txt</location>
              <name lang="und" type="file-name">0004.txt</name>
            </file>
            <name lang="zxx">7-8</name>
          </directory>
          <directory id="page-5" type="multi-type">
            <file format="image/jpg" id="file.f55686994ad086b313ba7ba30ccc41d3" langs="und" size="551297" type="full-text">
              <location>yadda.pack:/archive/bwmeta1.element.id-from-db-book-otworz-ksiazke-28351-slugprzemiana_mitow_druga_czyli_wojna_o_obrazy/content/full-text/0005.jpg</location>
              <name lang="zxx" type="file-name">0005.jpg</name>
            </file>
            <file format="text/plain" id="file.fee49d6dd06708ce73ff91480ad069ba" langs="und" size="3282" type="plain-text">
              <location>yadda.pack:/archive/bwmeta1.element.id-from-db-book-otworz-ksiazke-28351-slugprzemiana_mitow_druga_czyli_wojna_o_obrazy/content/plain-text/0005.txt</location>
              <name lang="und" type="file-name">0005.txt</name>
            </file>
            <name lang="zxx">9-10</name>
          </directory>
          <name lang="und">Galeria handlowa</name>
        </directory>
        <directory id="r-4" type="paged">
          <directory id="page-6" type="multi-type">
            <file format="image/jpg" id="file.99b7ce553fc8407a85b8e14181ee0597" langs="und" size="566097" type="full-text">
              <location>yadda.pack:/archive/bwmeta1.element.id-from-db-book-otworz-ksiazke-28351-slugprzemiana_mitow_druga_czyli_wojna_o_obrazy/content/full-text/0006.jpg</location>
              <name lang="zxx" type="file-name">0006.jpg</name>
            </file>
            <file format="text/plain" id="file.5e8dbe0c7ec4d5c5c83d6c4751a12ec9" langs="und" size="3623" type="plain-text">
              <location>yadda.pack:/archive/bwmeta1.element.id-from-db-book-otworz-ksiazke-28351-slugprzemiana_mitow_druga_czyli_wojna_o_obrazy/content/plain-text/0006.txt</location>
              <name lang="und" type="file-name">0006.txt</name>
            </file>
            <name lang="zxx">11-12</name>
          </directory>
          <directory id="page-7" type="multi-type">
            <file format="image/jpg" id="file.eb23c38f0d2610a390f2ca43f67e5b3f" langs="und" size="510585" type="full-text">
              <location>yadda.pack:/archive/bwmeta1.element.id-from-db-book-otworz-ksiazke-28351-slugprzemiana_mitow_druga_czyli_wojna_o_obrazy/content/full-text/0007.jpg</location>
              <name lang="zxx" type="file-name">0007.jpg</name>
            </file>
            <file format="text/plain" id="file.3259abc8df9baf363df483416688e57b" langs="und" size="3445" type="plain-text">
              <location>yadda.pack:/archive/bwmeta1.element.id-from-db-book-otworz-ksiazke-28351-slugprzemiana_mitow_druga_czyli_wojna_o_obrazy/content/plain-text/0007.txt</location>
              <name lang="und" type="file-name">0007.txt</name>
            </file>
            <name lang="zxx">13-14</name>
          </directory>
          <name lang="und">Metro</name>
        </directory>
        <directory id="r-5" type="paged">
          <directory id="page-8" type="multi-type">
            <file format="image/jpg" id="file.9205364fac3e6ee100049e08a9f8bb4f" langs="und" size="537595" type="full-text">
              <location>yadda.pack:/archive/bwmeta1.element.id-from-db-book-otworz-ksiazke-28351-slugprzemiana_mitow_druga_czyli_wojna_o_obrazy/content/full-text/0008.jpg</location>
              <name lang="zxx" type="file-name">0008.jpg</name>
            </file>
            <file format="text/plain" id="file.2aa0b7f7a25b84bcf22c160c7a7a930c" langs="und" size="4012" type="plain-text">
              <location>yadda.pack:/archive/bwmeta1.element.id-from-db-book-otworz-ksiazke-28351-slugprzemiana_mitow_druga_czyli_wojna_o_obrazy/content/plain-text/0008.txt</location>
              <name lang="und" type="file-name">0008.txt</name>
            </file>
            <name lang="zxx">15-16</name>
          </directory>
          <directory id="page-9" type="multi-type">
            <file format="image/jpg" id="file.c2d5c68454490e2995acddd9dfd3ddc2" langs="und" size="511794" type="full-text">
              <location>yadda.pack:/archive/bwmeta1.element.id-from-db-book-otworz-ksiazke-28351-slugprzemiana_mitow_druga_czyli_wojna_o_obrazy/content/full-text/0009.jpg</location>
              <name lang="zxx" type="file-name">0009.jpg</name>
            </file>
            <file format="text/plain" id="file.10f9ba0d529ab3befda18533b8179a39" langs="und" size="3378" type="plain-text">
              <location>yadda.pack:/archive/bwmeta1.element.id-from-db-book-otworz-ksiazke-28351-slugprzemiana_mitow_druga_czyli_wojna_o_obrazy/content/plain-text/0009.txt</location>
              <name lang="und" type="file-name">0009.txt</name>
            </file>
            <name lang="zxx">17-18</name>
          </directory>
          <name lang="und">Stadion</name>
        </directory>
        <directory id="r-6" type="paged">
          <directory id="page-10" type="multi-type">
            <file format="image/jpg" id="file.74bfd05aad903a76d3ce2b59540daaf7" langs="und" size="490966" type="full-text">
              <location>yadda.pack:/archive/bwmeta1.element.id-from-db-book-otworz-ksiazke-28351-slugprzemiana_mitow_druga_czyli_wojna_o_obrazy/content/full-text/0010.jpg</location>
              <name lang="zxx" type="file-name">0010.jpg</name>
            </file>
            <file format="text/plain" id="file.03528ad55fedb79bcccd67f263f0419e" langs="und" size="2967" type="plain-text">
              <location>yadda.pack:/archive/bwmeta1.element.id-from-db-book-otworz-ksiazke-28351-slugprzemiana_mitow_druga_czyli_wojna_o_obrazy/content/plain-text/0010.txt</location>
              <name lang="und" type="file-name">0010.txt</name>
            </file>
            <name lang="zxx">19-20</name>
          </directory>
          <name lang="und">Pokaz</name>
        </directory>
        <directory id="r-7" type="paged">
          <directory id="page-11" type="multi-type">
            <file format="image/jpg" id="file.c4b43ed526818db3cf3bf22bd969e48f" langs="und" size="537563" type="full-text">
              <location>yadda.pack:/archive/bwmeta1.element.id-from-db-book-otworz-ksiazke-28351-slugprzemiana_mitow_druga_czyli_wojna_o_obrazy/content/full-text/0011.jpg</location>
              <name lang="zxx" type="file-name">0011.jpg</name>
            </file>
            <file format="text/plain" id="file.026cc96ee14744ed89933e8b2862ab99" langs="und" size="4021" type="plain-text">
              <location>yadda.pack:/archive/bwmeta1.element.id-from-db-book-otworz-ksiazke-28351-slugprzemiana_mitow_druga_czyli_wojna_o_obrazy/content/plain-text/0011.txt</location>
              <name lang="und" type="file-name">0011.txt</name>
            </file>
            <name lang="zxx">21-22</name>
          </directory>
          <directory id="page-12" type="multi-type">
            <file format="image/jpg" id="file.214e5432de871b0e07bc4abd5c877413" langs="und" size="473687" type="full-text">
              <location>yadda.pack:/archive/bwmeta1.element.id-from-db-book-otworz-ksiazke-28351-slugprzemiana_mitow_druga_czyli_wojna_o_obrazy/content/full-text/0012.jpg</location>
              <name lang="zxx" type="file-name">0012.jpg</name>
            </file>
            <file format="text/plain" id="file.1d2b29012ef7de76d90e300ccfa64069" langs="und" size="2512" type="plain-text">
              <location>yadda.pack:/archive/bwmeta1.element.id-from-db-book-otworz-ksiazke-28351-slugprzemiana_mitow_druga_czyli_wojna_o_obrazy/content/plain-text/0012.txt</location>
              <name lang="und" type="file-name">0012.txt</name>
            </file>
            <name lang="zxx">23-24</name>
          </directory>
          <name lang="und">Hierofania współczesna</name>
        </directory>
        <directory id="r-8" type="paged">
          <directory id="page-13" type="multi-type">
            <file format="image/jpg" id="file.7b4c4bbc3a43fc4eeb12ce91a4fa2824" langs="und" size="533580" type="full-text">
              <location>yadda.pack:/archive/bwmeta1.element.id-from-db-book-otworz-ksiazke-28351-slugprzemiana_mitow_druga_czyli_wojna_o_obrazy/content/full-text/0013.jpg</location>
              <name lang="zxx" type="file-name">0013.jpg</name>
            </file>
            <file format="text/plain" id="file.79f26c759f8530dc86f7075c8bc2f645" langs="und" size="3785" type="plain-text">
              <location>yadda.pack:/archive/bwmeta1.element.id-from-db-book-otworz-ksiazke-28351-slugprzemiana_mitow_druga_czyli_wojna_o_obrazy/content/plain-text/0013.txt</location>
              <name lang="und" type="file-name">0013.txt</name>
            </file>
            <name lang="zxx">25-26</name>
          </directory>
          <directory id="page-14" type="multi-type">
            <file format="image/jpg" id="file.d3aaecc936afd1c13b2ba24308acc08c" langs="und" size="552664" type="full-text">
              <location>yadda.pack:/archive/bwmeta1.element.id-from-db-book-otworz-ksiazke-28351-slugprzemiana_mitow_druga_czyli_wojna_o_obrazy/content/full-text/0014.jpg</location>
              <name lang="zxx" type="file-name">0014.jpg</name>
            </file>
            <file format="text/plain" id="file.449d49218638cd518d4a4ad2416c5ae5" langs="und" size="4152" type="plain-text">
              <location>yadda.pack:/archive/bwmeta1.element.id-from-db-book-otworz-ksiazke-28351-slugprzemiana_mitow_druga_czyli_wojna_o_obrazy/content/plain-text/0014.txt</location>
              <name lang="und" type="file-name">0014.txt</name>
            </file>
            <name lang="zxx">27-28</name>
          </directory>
          <directory id="page-15" type="multi-type">
            <file format="image/jpg" id="file.8abef390343be888303b5494401eb3a5" langs="und" size="545300" type="full-text">
              <location>yadda.pack:/archive/bwmeta1.element.id-from-db-book-otworz-ksiazke-28351-slugprzemiana_mitow_druga_czyli_wojna_o_obrazy/content/full-text/0015.jpg</location>
              <name lang="zxx" type="file-name">0015.jpg</name>
            </file>
            <file format="text/plain" id="file.6c647d654a10f6148076b6aaa306638d" langs="und" size="4013" type="plain-text">
              <location>yadda.pack:/archive/bwmeta1.element.id-from-db-book-otworz-ksiazke-28351-slugprzemiana_mitow_druga_czyli_wojna_o_obrazy/content/plain-text/0015.txt</location>
              <name lang="und" type="file-name">0015.txt</name>
            </file>
            <name lang="zxx">29-30</name>
          </directory>
          <directory id="page-16" type="multi-type">
            <file format="image/jpg" id="file.776365b1bd4c5c1c0dc303e24b2bf95b" langs="und" size="547726" type="full-text">
              <location>yadda.pack:/archive/bwmeta1.element.id-from-db-book-otworz-ksiazke-28351-slugprzemiana_mitow_druga_czyli_wojna_o_obrazy/content/full-text/0016.jpg</location>
              <name lang="zxx" type="file-name">0016.jpg</name>
            </file>
            <file format="text/plain" id="file.77853d373d272014492d01e287d77239" langs="und" size="4099" type="plain-text">
              <location>yadda.pack:/archive/bwmeta1.element.id-from-db-book-otworz-ksiazke-28351-slugprzemiana_mitow_druga_czyli_wojna_o_obrazy/content/plain-text/0016.txt</location>
              <name lang="und" type="file-name">0016.txt</name>
            </file>
            <name lang="zxx">31-32</name>
          </directory>
          <directory id="page-17" type="multi-type">
            <file format="image/jpg" id="file.46009c86971cb47247ca185b715263bf" langs="und" size="470585" type="full-text">
              <location>yadda.pack:/archive/bwmeta1.element.id-from-db-book-otworz-ksiazke-28351-slugprzemiana_mitow_druga_czyli_wojna_o_obrazy/content/full-text/0017.jpg</location>
              <name lang="zxx" type="file-name">0017.jpg</name>
            </file>
            <file format="text/plain" id="file.ad98e74fe1ca2af6c9874bed75e501ab" langs="und" size="2508" type="plain-text">
              <location>yadda.pack:/archive/bwmeta1.element.id-from-db-book-otworz-ksiazke-28351-slugprzemiana_mitow_druga_czyli_wojna_o_obrazy/content/plain-text/0017.txt</location>
              <name lang="und" type="file-name">0017.txt</name>
            </file>
            <name lang="zxx">33-34</name>
          </directory>
          <name lang="und">Wojna ikonoklastów i ikonopisów</name>
        </directory>
        <directory id="r-9" type="paged">
          <directory id="page-18" type="multi-type">
            <file format="image/jpg" id="file.c4a901fd080168fbd1c372fcea52b8d9" langs="und" size="546042" type="full-text">
              <location>yadda.pack:/archive/bwmeta1.element.id-from-db-book-otworz-ksiazke-28351-slugprzemiana_mitow_druga_czyli_wojna_o_obrazy/content/full-text/0018.jpg</location>
              <name lang="zxx" type="file-name">0018.jpg</name>
            </file>
            <file format="text/plain" id="file.67427bb44636015b1755df397872dc91" langs="und" size="3930" type="plain-text">
              <location>yadda.pack:/archive/bwmeta1.element.id-from-db-book-otworz-ksiazke-28351-slugprzemiana_mitow_druga_czyli_wojna_o_obrazy/content/plain-text/0018.txt</location>
              <name lang="und" type="file-name">0018.txt</name>
            </file>
            <name lang="zxx">35-36</name>
          </directory>
          <directory id="page-19" type="multi-type">
            <file format="image/jpg" id="file.90262b8bc9f4447ce7fa10d9efdec074" langs="und" size="541933" type="full-text">
              <location>yadda.pack:/archive/bwmeta1.element.id-from-db-book-otworz-ksiazke-28351-slugprzemiana_mitow_druga_czyli_wojna_o_obrazy/content/full-text/0019.jpg</location>
              <name lang="zxx" type="file-name">0019.jpg</name>
            </file>
            <file format="text/plain" id="file.66fb1e2e3ec06998564269656a52f554" langs="und" size="3772" type="plain-text">
              <location>yadda.pack:/archive/bwmeta1.element.id-from-db-book-otworz-ksiazke-28351-slugprzemiana_mitow_druga_czyli_wojna_o_obrazy/content/plain-text/0019.txt</location>
              <name lang="und" type="file-name">0019.txt</name>
            </file>
            <name lang="zxx">37-38</name>
          </directory>
          <name lang="und">Reklamy pokus</name>
        </directory>
        <directory id="r-10" type="paged">
          <directory id="page-20" type="multi-type">
            <file format="image/jpg" id="file.a3d8f60470d8885695195863cb6004a6" langs="und" size="505792" type="full-text">
              <location>yadda.pack:/archive/bwmeta1.element.id-from-db-book-otworz-ksiazke-28351-slugprzemiana_mitow_druga_czyli_wojna_o_obrazy/content/full-text/0020.jpg</location>
              <name lang="zxx" type="file-name">0020.jpg</name>
            </file>
            <file format="text/plain" id="file.3ee57dc6beaf0b527a90ec17c57c5d47" langs="und" size="3167" type="plain-text">
              <location>yadda.pack:/archive/bwmeta1.element.id-from-db-book-otworz-ksiazke-28351-slugprzemiana_mitow_druga_czyli_wojna_o_obrazy/content/plain-text/0020.txt</location>
              <name lang="und" type="file-name">0020.txt</name>
            </file>
            <name lang="zxx">39-40</name>
          </directory>
          <name lang="und">Przed witryną</name>
        </directory>
        <directory id="r-11" type="paged">
          <directory id="page-21" type="multi-type">
            <file format="image/jpg" id="file.33437f2b015d8b6e1a3b0f9cd5823369" langs="und" size="537609" type="full-text">
              <location>yadda.pack:/archive/bwmeta1.element.id-from-db-book-otworz-ksiazke-28351-slugprzemiana_mitow_druga_czyli_wojna_o_obrazy/content/full-text/0021.jpg</location>
              <name lang="zxx" type="file-name">0021.jpg</name>
            </file>
            <file format="text/plain" id="file.2f425e2ee174749f74110fe5cd2d514f" langs="und" size="3752" type="plain-text">
              <location>yadda.pack:/archive/bwmeta1.element.id-from-db-book-otworz-ksiazke-28351-slugprzemiana_mitow_druga_czyli_wojna_o_obrazy/content/plain-text/0021.txt</location>
              <name lang="und" type="file-name">0021.txt</name>
            </file>
            <name lang="zxx">41-42</name>
          </directory>
          <directory id="page-22" type="multi-type">
            <file format="image/jpg" id="file.e0841c9720b4033480dcf35936401546" langs="und" size="495152" type="full-text">
              <location>yadda.pack:/archive/bwmeta1.element.id-from-db-book-otworz-ksiazke-28351-slugprzemiana_mitow_druga_czyli_wojna_o_obrazy/content/full-text/0022.jpg</location>
              <name lang="zxx" type="file-name">0022.jpg</name>
            </file>
            <file format="text/plain" id="file.d3d9134e32d9b6b3a5142c7b194bd04f" langs="und" size="2958" type="plain-text">
              <location>yadda.pack:/archive/bwmeta1.element.id-from-db-book-otworz-ksiazke-28351-slugprzemiana_mitow_druga_czyli_wojna_o_obrazy/content/plain-text/0022.txt</location>
              <name lang="und" type="file-name">0022.txt</name>
            </file>
            <name lang="zxx">43-44</name>
          </directory>
          <name lang="und">Imagologia</name>
        </directory>
        <directory id="r-12" type="paged">
          <directory id="page-23" type="multi-type">
            <file format="image/jpg" id="file.dea582e2847184398030aa7dc5419ead" langs="und" size="532162" type="full-text">
              <location>yadda.pack:/archive/bwmeta1.element.id-from-db-book-otworz-ksiazke-28351-slugprzemiana_mitow_druga_czyli_wojna_o_obrazy/content/full-text/0023.jpg</location>
              <name lang="zxx" type="file-name">0023.jpg</name>
            </file>
            <file format="text/plain" id="file.137236e44beb5123129f30f8eb46ef31" langs="und" size="3644" type="plain-text">
              <location>yadda.pack:/archive/bwmeta1.element.id-from-db-book-otworz-ksiazke-28351-slugprzemiana_mitow_druga_czyli_wojna_o_obrazy/content/plain-text/0023.txt</location>
              <name lang="und" type="file-name">0023.txt</name>
            </file>
            <name lang="zxx">45-46</name>
          </directory>
          <directory id="page-24" type="multi-type">
            <file format="image/jpg" id="file.047a415244c19c1958b4f3d170ad554d" langs="und" size="507544" type="full-text">
              <location>yadda.pack:/archive/bwmeta1.element.id-from-db-book-otworz-ksiazke-28351-slugprzemiana_mitow_druga_czyli_wojna_o_obrazy/content/full-text/0024.jpg</location>
              <name lang="zxx" type="file-name">0024.jpg</name>
            </file>
            <file format="text/plain" id="file.1ae33ede9bca440419bf1bed133cba1a" langs="und" size="3184" type="plain-text">
              <location>yadda.pack:/archive/bwmeta1.element.id-from-db-book-otworz-ksiazke-28351-slugprzemiana_mitow_druga_czyli_wojna_o_obrazy/content/plain-text/0024.txt</location>
              <name lang="und" type="file-name">0024.txt</name>
            </file>
            <name lang="zxx">47-48</name>
          </directory>
          <name lang="und">Portret pamięciowy</name>
        </directory>
        <directory id="r-13" type="paged">
          <directory id="page-25" type="multi-type">
            <file format="image/jpg" id="file.5ce33c531ceae58e296e44ab7e681bbe" langs="und" size="534911" type="full-text">
              <location>yadda.pack:/archive/bwmeta1.element.id-from-db-book-otworz-ksiazke-28351-slugprzemiana_mitow_druga_czyli_wojna_o_obrazy/content/full-text/0025.jpg</location>
              <name lang="zxx" type="file-name">0025.jpg</name>
            </file>
            <file format="text/plain" id="file.52fe173d86f796596be67d730f443f11" langs="und" size="3702" type="plain-text">
              <location>yadda.pack:/archive/bwmeta1.element.id-from-db-book-otworz-ksiazke-28351-slugprzemiana_mitow_druga_czyli_wojna_o_obrazy/content/plain-text/0025.txt</location>
              <name lang="und" type="file-name">0025.txt</name>
            </file>
            <name lang="zxx">49-50</name>
          </directory>
          <directory id="page-26" type="multi-type">
            <file format="image/jpg" id="file.0029bb4f83a683a22019712a04267b59" langs="und" size="485829" type="full-text">
              <location>yadda.pack:/archive/bwmeta1.element.id-from-db-book-otworz-ksiazke-28351-slugprzemiana_mitow_druga_czyli_wojna_o_obrazy/content/full-text/0026.jpg</location>
              <name lang="zxx" type="file-name">0026.jpg</name>
            </file>
            <file format="text/plain" id="file.42677fadaba67c22bbdec8685365215d" langs="und" size="2695" type="plain-text">
              <location>yadda.pack:/archive/bwmeta1.element.id-from-db-book-otworz-ksiazke-28351-slugprzemiana_mitow_druga_czyli_wojna_o_obrazy/content/plain-text/0026.txt</location>
              <name lang="und" type="file-name">0026.txt</name>
            </file>
            <name lang="zxx">51-52</name>
          </directory>
          <name lang="und">Zapach</name>
        </directory>
        <directory id="r-14" type="paged">
          <directory id="page-27" type="multi-type">
            <file format="image/jpg" id="file.1baa8dc0eb326f9bac2989e9d26b27ce" langs="und" size="542185" type="full-text">
              <location>yadda.pack:/archive/bwmeta1.element.id-from-db-book-otworz-ksiazke-28351-slugprzemiana_mitow_druga_czyli_wojna_o_obrazy/content/full-text/0027.jpg</location>
              <name lang="zxx" type="file-name">0027.jpg</name>
            </file>
            <file format="text/plain" id="file.bb8120655468769ad028e29cd7566fa2" langs="und" size="3855" type="plain-text">
              <location>yadda.pack:/archive/bwmeta1.element.id-from-db-book-otworz-ksiazke-28351-slugprzemiana_mitow_druga_czyli_wojna_o_obrazy/content/plain-text/0027.txt</location>
              <name lang="und" type="file-name">0027.txt</name>
            </file>
            <name lang="zxx">53-54</name>
          </directory>
          <directory id="page-28" type="multi-type">
            <file format="image/jpg" id="file.80039e76efc9207f1acdd18304ad2eb6" langs="und" size="478641" type="full-text">
              <location>yadda.pack:/archive/bwmeta1.element.id-from-db-book-otworz-ksiazke-28351-slugprzemiana_mitow_druga_czyli_wojna_o_obrazy/content/full-text/0028.jpg</location>
              <name lang="zxx" type="file-name">0028.jpg</name>
            </file>
            <file format="text/plain" id="file.64b6ead9eebf1e0841cc8ccab3f8c1f0" langs="und" size="2628" type="plain-text">
              <location>yadda.pack:/archive/bwmeta1.element.id-from-db-book-otworz-ksiazke-28351-slugprzemiana_mitow_druga_czyli_wojna_o_obrazy/content/plain-text/0028.txt</location>
              <name lang="und" type="file-name">0028.txt</name>
            </file>
            <name lang="zxx">55-56</name>
          </directory>
          <name lang="und">Gastroskopia</name>
        </directory>
        <directory id="r-15" type="paged">
          <directory id="page-29" type="multi-type">
            <file format="image/jpg" id="file.b89c0de106d95b89aecfb261619d5597" langs="und" size="545011" type="full-text">
              <location>yadda.pack:/archive/bwmeta1.element.id-from-db-book-otworz-ksiazke-28351-slugprzemiana_mitow_druga_czyli_wojna_o_obrazy/content/full-text/0029.jpg</location>
              <name lang="zxx" type="file-name">0029.jpg</name>
            </file>
            <file format="text/plain" id="file.c95863b6a45de317f5af106570820b2a" langs="und" size="3731" type="plain-text">
              <location>yadda.pack:/archive/bwmeta1.element.id-from-db-book-otworz-ksiazke-28351-slugprzemiana_mitow_druga_czyli_wojna_o_obrazy/content/plain-text/0029.txt</location>
              <name lang="und" type="file-name">0029.txt</name>
            </file>
            <name lang="zxx">57-58</name>
          </directory>
          <directory id="page-30" type="multi-type">
            <file format="image/jpg" id="file.d3198822c44cc72031aa62d1a478e601" langs="und" size="537841" type="full-text">
              <location>yadda.pack:/archive/bwmeta1.element.id-from-db-book-otworz-ksiazke-28351-slugprzemiana_mitow_druga_czyli_wojna_o_obrazy/content/full-text/0030.jpg</location>
              <name lang="zxx" type="file-name">0030.jpg</name>
            </file>
            <file format="text/plain" id="file.bb7e5f0924772f42e95a1013d8f1cee0" langs="und" size="3655" type="plain-text">
              <location>yadda.pack:/archive/bwmeta1.element.id-from-db-book-otworz-ksiazke-28351-slugprzemiana_mitow_druga_czyli_wojna_o_obrazy/content/plain-text/0030.txt</location>
              <name lang="und" type="file-name">0030.txt</name>
            </file>
            <name lang="zxx">59-60</name>
          </directory>
          <name lang="und">Szacowanie ryzyka</name>
        </directory>
        <directory id="r-16" type="paged">
          <directory id="page-31" type="multi-type">
            <file format="image/jpg" id="file.f26254a8421cce775cfab4466e1c1a12" langs="und" size="555733" type="full-text">
              <location>yadda.pack:/archive/bwmeta1.element.id-from-db-book-otworz-ksiazke-28351-slugprzemiana_mitow_druga_czyli_wojna_o_obrazy/content/full-text/0031.jpg</location>
              <name lang="zxx" type="file-name">0031.jpg</name>
            </file>
            <file format="text/plain" id="file.bd931014507d089f559c164b9889cb77" langs="und" size="4074" type="plain-text">
              <location>yadda.pack:/archive/bwmeta1.element.id-from-db-book-otworz-ksiazke-28351-slugprzemiana_mitow_druga_czyli_wojna_o_obrazy/content/plain-text/0031.txt</location>
              <name lang="und" type="file-name">0031.txt</name>
            </file>
            <name lang="zxx">61-62</name>
          </directory>
          <directory id="page-32" type="multi-type">
            <file format="image/jpg" id="file.a07aa55635703695732064d4dffd5a8b" langs="und" size="488495" type="full-text">
              <location>yadda.pack:/archive/bwmeta1.element.id-from-db-book-otworz-ksiazke-28351-slugprzemiana_mitow_druga_czyli_wojna_o_obrazy/content/full-text/0032.jpg</location>
              <name lang="zxx" type="file-name">0032.jpg</name>
            </file>
            <file format="text/plain" id="file.f9d9263f5825f7ab58fafd57b4683338" langs="und" size="2729" type="plain-text">
              <location>yadda.pack:/archive/bwmeta1.element.id-from-db-book-otworz-ksiazke-28351-slugprzemiana_mitow_druga_czyli_wojna_o_obrazy/content/plain-text/0032.txt</location>
              <name lang="und" type="file-name">0032.txt</name>
            </file>
            <name lang="zxx">63-64</name>
          </directory>
          <name lang="und">Samochody</name>
        </directory>
        <directory id="r-17" type="paged">
          <directory id="page-33" type="multi-type">
            <file format="image/jpg" id="file.6dd0de50d63a3608d0b684a888c2987b" langs="und" size="494848" type="full-text">
              <location>yadda.pack:/archive/bwmeta1.element.id-from-db-book-otworz-ksiazke-28351-slugprzemiana_mitow_druga_czyli_wojna_o_obrazy/content/full-text/0033.jpg</location>
              <name lang="zxx" type="file-name">0033.jpg</name>
            </file>
            <file format="text/plain" id="file.e011120a5b2487212c0fc6a6f6f05e62" langs="und" size="2929" type="plain-text">
              <location>yadda.pack:/archive/bwmeta1.element.id-from-db-book-otworz-ksiazke-28351-slugprzemiana_mitow_druga_czyli_wojna_o_obrazy/content/plain-text/0033.txt</location>
              <name lang="und" type="file-name">0033.txt</name>
            </file>
            <name lang="zxx">65-66</name>
          </directory>
          <name lang="und">Krowy</name>
        </directory>
        <directory id="r-18" type="paged">
          <directory id="page-34" type="multi-type">
            <file format="image/jpg" id="file.8681e75b1b9ef18f8cce0cf6cf06a87e" langs="und" size="530280" type="full-text">
              <location>yadda.pack:/archive/bwmeta1.element.id-from-db-book-otworz-ksiazke-28351-slugprzemiana_mitow_druga_czyli_wojna_o_obrazy/content/full-text/0034.jpg</location>
              <name lang="zxx" type="file-name">0034.jpg</name>
            </file>
            <file format="text/plain" id="file.24e72ee4a329e03e63698f273dabeb9a" langs="und" size="3643" type="plain-text">
              <location>yadda.pack:/archive/bwmeta1.element.id-from-db-book-otworz-ksiazke-28351-slugprzemiana_mitow_druga_czyli_wojna_o_obrazy/content/plain-text/0034.txt</location>
              <name lang="und" type="file-name">0034.txt</name>
            </file>
            <name lang="zxx">67-68</name>
          </directory>
          <directory id="page-35" type="multi-type">
            <file format="image/jpg" id="file.643d44ff0df9c08d8c1e6167b5fe7cf7" langs="und" size="525452" type="full-text">
              <location>yadda.pack:/archive/bwmeta1.element.id-from-db-book-otworz-ksiazke-28351-slugprzemiana_mitow_druga_czyli_wojna_o_obrazy/content/full-text/0035.jpg</location>
              <name lang="zxx" type="file-name">0035.jpg</name>
            </file>
            <file format="text/plain" id="file.6973b6f541eb317e51252fa1cd628177" langs="und" size="3609" type="plain-text">
              <location>yadda.pack:/archive/bwmeta1.element.id-from-db-book-otworz-ksiazke-28351-slugprzemiana_mitow_druga_czyli_wojna_o_obrazy/content/plain-text/0035.txt</location>
              <name lang="und" type="file-name">0035.txt</name>
            </file>
            <name lang="zxx">69-70</name>
          </directory>
          <name lang="und">Hackerzy</name>
        </directory>
        <directory id="r-19" type="paged">
          <directory id="page-36" type="multi-type">
            <file format="image/jpg" id="file.0e037328d82a73122e4df0e9ee801ca9" langs="und" size="544497" type="full-text">
              <location>yadda.pack:/archive/bwmeta1.element.id-from-db-book-otworz-ksiazke-28351-slugprzemiana_mitow_druga_czyli_wojna_o_obrazy/content/full-text/0036.jpg</location>
              <name lang="zxx" type="file-name">0036.jpg</name>
            </file>
            <file format="text/plain" id="file.5229f710ea3d21fc828bdc8abfb3a730" langs="und" size="3966" type="plain-text">
              <location>yadda.pack:/archive/bwmeta1.element.id-from-db-book-otworz-ksiazke-28351-slugprzemiana_mitow_druga_czyli_wojna_o_obrazy/content/plain-text/0036.txt</location>
              <name lang="und" type="file-name">0036.txt</name>
            </file>
            <name lang="zxx">71-72</name>
          </directory>
          <name lang="und">Seryjny morderca</name>
        </directory>
        <directory id="r-20" type="paged">
          <directory id="page-37" type="multi-type">
            <file format="image/jpg" id="file.52004da24945772a59f871cbd2a63b63" langs="und" size="537154" type="full-text">
              <location>yadda.pack:/archive/bwmeta1.element.id-from-db-book-otworz-ksiazke-28351-slugprzemiana_mitow_druga_czyli_wojna_o_obrazy/content/full-text/0037.jpg</location>
              <name lang="zxx" type="file-name">0037.jpg</name>
            </file>
            <file format="text/plain" id="file.c9cf4f9834704dd5b0962860c100c725" langs="und" size="3830" type="plain-text">
              <location>yadda.pack:/archive/bwmeta1.element.id-from-db-book-otworz-ksiazke-28351-slugprzemiana_mitow_druga_czyli_wojna_o_obrazy/content/plain-text/0037.txt</location>
              <name lang="und" type="file-name">0037.txt</name>
            </file>
            <name lang="zxx">73-74</name>
          </directory>
          <directory id="page-38" type="multi-type">
            <file format="image/jpg" id="file.80b823d2b75f7e8562210127b7e95d7f" langs="und" size="464414" type="full-text">
              <location>yadda.pack:/archive/bwmeta1.element.id-from-db-book-otworz-ksiazke-28351-slugprzemiana_mitow_druga_czyli_wojna_o_obrazy/content/full-text/0038.jpg</location>
              <name lang="zxx" type="file-name">0038.jpg</name>
            </file>
            <file format="text/plain" id="file.e3218943c1bb54997a73f921e0006a5d" langs="und" size="2309" type="plain-text">
              <location>yadda.pack:/archive/bwmeta1.element.id-from-db-book-otworz-ksiazke-28351-slugprzemiana_mitow_druga_czyli_wojna_o_obrazy/content/plain-text/0038.txt</location>
              <name lang="und" type="file-name">0038.txt</name>
            </file>
            <name lang="zxx">75-76</name>
          </directory>
          <name lang="und">Curriculum vitae</name>
        </directory>
        <directory id="r-21" type="paged">
          <directory id="page-39" type="multi-type">
            <file format="image/jpg" id="file.ee884790046a8d9b9b02239a0ce7f7e7" langs="und" size="532296" type="full-text">
              <location>yadda.pack:/archive/bwmeta1.element.id-from-db-book-otworz-ksiazke-28351-slugprzemiana_mitow_druga_czyli_wojna_o_obrazy/content/full-text/0039.jpg</location>
              <name lang="zxx" type="file-name">0039.jpg</name>
            </file>
            <file format="text/plain" id="file.8ed27a5fb84ca29d7b7f18ca3614b3f3" langs="und" size="3673" type="plain-text">
              <location>yadda.pack:/archive/bwmeta1.element.id-from-db-book-otworz-ksiazke-28351-slugprzemiana_mitow_druga_czyli_wojna_o_obrazy/content/plain-text/0039.txt</location>
              <name lang="und" type="file-name">0039.txt</name>
            </file>
            <name lang="zxx">77-78</name>
          </directory>
          <directory id="page-40" type="multi-type">
            <file format="image/jpg" id="file.eaaa43545eb354b792e5f99c3bc76125" langs="und" size="522438" type="full-text">
              <location>yadda.pack:/archive/bwmeta1.element.id-from-db-book-otworz-ksiazke-28351-slugprzemiana_mitow_druga_czyli_wojna_o_obrazy/content/full-text/0040.jpg</location>
              <name lang="zxx" type="file-name">0040.jpg</name>
            </file>
            <file format="text/plain" id="file.421755ca7a33f1fc73d0d6a1e93f4dcc" langs="und" size="3323" type="plain-text">
              <location>yadda.pack:/archive/bwmeta1.element.id-from-db-book-otworz-ksiazke-28351-slugprzemiana_mitow_druga_czyli_wojna_o_obrazy/content/plain-text/0040.txt</location>
              <name lang="und" type="file-name">0040.txt</name>
            </file>
            <name lang="zxx">79-80</name>
          </directory>
          <name lang="und">Zabawa</name>
        </directory>
        <directory id="r-22" type="paged">
          <directory id="page-41" type="multi-type">
            <file format="image/jpg" id="file.da3f7f3086353d5be1f66d403445354f" langs="und" size="553714" type="full-text">
              <location>yadda.pack:/archive/bwmeta1.element.id-from-db-book-otworz-ksiazke-28351-slugprzemiana_mitow_druga_czyli_wojna_o_obrazy/content/full-text/0041.jpg</location>
              <name lang="zxx" type="file-name">0041.jpg</name>
            </file>
            <file format="text/plain" id="file.7572d1e1e67b8822acd8130bfe166d09" langs="und" size="4207" type="plain-text">
              <location>yadda.pack:/archive/bwmeta1.element.id-from-db-book-otworz-ksiazke-28351-slugprzemiana_mitow_druga_czyli_wojna_o_obrazy/content/plain-text/0041.txt</location>
              <name lang="und" type="file-name">0041.txt</name>
            </file>
            <name lang="zxx">81-82</name>
          </directory>
          <directory id="page-42" type="multi-type">
            <file format="image/jpg" id="file.3d6d5579e8707dd2cf4d90b0dfe16982" langs="und" size="519468" type="full-text">
              <location>yadda.pack:/archive/bwmeta1.element.id-from-db-book-otworz-ksiazke-28351-slugprzemiana_mitow_druga_czyli_wojna_o_obrazy/content/full-text/0042.jpg</location>
              <name lang="zxx" type="file-name">0042.jpg</name>
            </file>
            <file format="text/plain" id="file.7a74a628ba6e866d59cf7b143415a5a2" langs="und" size="3372" type="plain-text">
              <location>yadda.pack:/archive/bwmeta1.element.id-from-db-book-otworz-ksiazke-28351-slugprzemiana_mitow_druga_czyli_wojna_o_obrazy/content/plain-text/0042.txt</location>
              <name lang="und" type="file-name">0042.txt</name>
            </file>
            <name lang="zxx">83-84</name>
          </directory>
          <name lang="und">Pracoholik</name>
        </directory>
        <directory id="r-23" type="paged">
          <directory id="page-43" type="multi-type">
            <file format="image/jpg" id="file.fe7784fbc4c05c5e733f0c75e85d1885" langs="und" size="551536" type="full-text">
              <location>yadda.pack:/archive/bwmeta1.element.id-from-db-book-otworz-ksiazke-28351-slugprzemiana_mitow_druga_czyli_wojna_o_obrazy/content/full-text/0043.jpg</location>
              <name lang="zxx" type="file-name">0043.jpg</name>
            </file>
            <file format="text/plain" id="file.8e158e7b09836bc3cfe7c9afe20add65" langs="und" size="4100" type="plain-text">
              <location>yadda.pack:/archive/bwmeta1.element.id-from-db-book-otworz-ksiazke-28351-slugprzemiana_mitow_druga_czyli_wojna_o_obrazy/content/plain-text/0043.txt</location>
              <name lang="und" type="file-name">0043.txt</name>
            </file>
            <name lang="zxx">85-86</name>
          </directory>
          <directory id="page-44" type="multi-type">
            <file format="image/jpg" id="file.24c0bf04036f620505187218cca43fe1" langs="und" size="446214" type="full-text">
              <location>yadda.pack:/archive/bwmeta1.element.id-from-db-book-otworz-ksiazke-28351-slugprzemiana_mitow_druga_czyli_wojna_o_obrazy/content/full-text/0044.jpg</location>
              <name lang="zxx" type="file-name">0044.jpg</name>
            </file>
            <file format="text/plain" id="file.b07b3feb7ffd50f8d9799cdb8eed918f" langs="und" size="1973" type="plain-text">
              <location>yadda.pack:/archive/bwmeta1.element.id-from-db-book-otworz-ksiazke-28351-slugprzemiana_mitow_druga_czyli_wojna_o_obrazy/content/plain-text/0044.txt</location>
              <name lang="und" type="file-name">0044.txt</name>
            </file>
            <name lang="zxx">87-88</name>
          </directory>
          <name lang="und">Pochlebstwo</name>
        </directory>
        <directory id="r-24" type="paged">
          <directory id="page-45" type="multi-type">
            <file format="image/jpg" id="file.708bbcf348d203d478849a530b1d991c" langs="und" size="539147" type="full-text">
              <location>yadda.pack:/archive/bwmeta1.element.id-from-db-book-otworz-ksiazke-28351-slugprzemiana_mitow_druga_czyli_wojna_o_obrazy/content/full-text/0045.jpg</location>
              <name lang="zxx" type="file-name">0045.jpg</name>
            </file>
            <file format="text/plain" id="file.66562b2b56fb5787a213c9c959b032d9" langs="und" size="4011" type="plain-text">
              <location>yadda.pack:/archive/bwmeta1.element.id-from-db-book-otworz-ksiazke-28351-slugprzemiana_mitow_druga_czyli_wojna_o_obrazy/content/plain-text/0045.txt</location>
              <name lang="und" type="file-name">0045.txt</name>
            </file>
            <name lang="zxx">89-90</name>
          </directory>
          <name lang="und">O zdumieniu</name>
        </directory>
        <directory id="r-25" type="paged">
          <directory id="page-46" type="multi-type">
            <file format="image/jpg" id="file.377262b23384865fdb07dd438f2f676a" langs="und" size="539935" type="full-text">
              <location>yadda.pack:/archive/bwmeta1.element.id-from-db-book-otworz-ksiazke-28351-slugprzemiana_mitow_druga_czyli_wojna_o_obrazy/content/full-text/0046.jpg</location>
              <name lang="zxx" type="file-name">0046.jpg</name>
            </file>
            <file format="text/plain" id="file.8564498f6d9d844f5044c153a5d7bdc9" langs="und" size="3807" type="plain-text">
              <location>yadda.pack:/archive/bwmeta1.element.id-from-db-book-otworz-ksiazke-28351-slugprzemiana_mitow_druga_czyli_wojna_o_obrazy/content/plain-text/0046.txt</location>
              <name lang="und" type="file-name">0046.txt</name>
            </file>
            <name lang="zxx">91-92</name>
          </directory>
          <directory id="page-47" type="multi-type">
            <file format="image/jpg" id="file.e84a8c5999b8fdf27f2660c8f2e6e098" langs="und" size="536299" type="full-text">
              <location>yadda.pack:/archive/bwmeta1.element.id-from-db-book-otworz-ksiazke-28351-slugprzemiana_mitow_druga_czyli_wojna_o_obrazy/content/full-text/0047.jpg</location>
              <name lang="zxx" type="file-name">0047.jpg</name>
            </file>
            <file format="text/plain" id="file.2871c40cf0b260e70274679c609ee68c" langs="und" size="3809" type="plain-text">
              <location>yadda.pack:/archive/bwmeta1.element.id-from-db-book-otworz-ksiazke-28351-slugprzemiana_mitow_druga_czyli_wojna_o_obrazy/content/plain-text/0047.txt</location>
              <name lang="und" type="file-name">0047.txt</name>
            </file>
            <name lang="zxx">93-94</name>
          </directory>
          <directory id="page-48" type="multi-type">
            <file format="image/jpg" id="file.39c5c2751c387d893ffcae1a08176e7b" langs="und" size="524418" type="full-text">
              <location>yadda.pack:/archive/bwmeta1.element.id-from-db-book-otworz-ksiazke-28351-slugprzemiana_mitow_druga_czyli_wojna_o_obrazy/content/full-text/0048.jpg</location>
              <name lang="zxx" type="file-name">0048.jpg</name>
            </file>
            <file format="text/plain" id="file.2165bf65c6d5c93c91b4a789c65bed80" langs="und" size="3743" type="plain-text">
              <location>yadda.pack:/archive/bwmeta1.element.id-from-db-book-otworz-ksiazke-28351-slugprzemiana_mitow_druga_czyli_wojna_o_obrazy/content/plain-text/0048.txt</location>
              <name lang="und" type="file-name">0048.txt</name>
            </file>
            <name lang="zxx">95-96</name>
          </directory>
          <directory id="page-49" type="multi-type">
            <file format="image/jpg" id="file.2363023c1bd101f4c62fd5a5b6006527" langs="und" size="482439" type="full-text">
              <location>yadda.pack:/archive/bwmeta1.element.id-from-db-book-otworz-ksiazke-28351-slugprzemiana_mitow_druga_czyli_wojna_o_obrazy/content/full-text/0049.jpg</location>
              <name lang="zxx" type="file-name">0049.jpg</name>
            </file>
            <file format="text/plain" id="file.05f8b86096cec0788346709a46291ec1" langs="und" size="2829" type="plain-text">
              <location>yadda.pack:/archive/bwmeta1.element.id-from-db-book-otworz-ksiazke-28351-slugprzemiana_mitow_druga_czyli_wojna_o_obrazy/content/plain-text/0049.txt</location>
              <name lang="und" type="file-name">0049.txt</name>
            </file>
            <name lang="zxx">97-98</name>
          </directory>
          <directory id="page-50" type="multi-type">
            <file format="image/jpg" id="file.ae6ce6199dcdf6369162f1f34a99a028" langs="und" size="551025" type="full-text">
              <location>yadda.pack:/archive/bwmeta1.element.id-from-db-book-otworz-ksiazke-28351-slugprzemiana_mitow_druga_czyli_wojna_o_obrazy/content/full-text/0050.jpg</location>
              <name lang="zxx" type="file-name">0050.jpg</name>
            </file>
            <file format="text/plain" id="file.1c48374f080ee6e625d44c6b7a0ed639" langs="und" size="4056" type="plain-text">
              <location>yadda.pack:/archive/bwmeta1.element.id-from-db-book-otworz-ksiazke-28351-slugprzemiana_mitow_druga_czyli_wojna_o_obrazy/content/plain-text/0050.txt</location>
              <name lang="und" type="file-name">0050.txt</name>
            </file>
            <name lang="zxx">99-100</name>
          </directory>
          <directory id="page-51" type="multi-type">
            <file format="image/jpg" id="file.b4b373d54d1a177f9588e88e7074aed7" langs="und" size="544881" type="full-text">
              <location>yadda.pack:/archive/bwmeta1.element.id-from-db-book-otworz-ksiazke-28351-slugprzemiana_mitow_druga_czyli_wojna_o_obrazy/content/full-text/0051.jpg</location>
              <name lang="zxx" type="file-name">0051.jpg</name>
            </file>
            <file format="text/plain" id="file.72c356db076a70fe168e3043baf6a481" langs="und" size="4084" type="plain-text">
              <location>yadda.pack:/archive/bwmeta1.element.id-from-db-book-otworz-ksiazke-28351-slugprzemiana_mitow_druga_czyli_wojna_o_obrazy/content/plain-text/0051.txt</location>
              <name lang="und" type="file-name">0051.txt</name>
            </file>
            <name lang="zxx">101-102</name>
          </directory>
          <directory id="page-52" type="multi-type">
            <file format="image/jpg" id="file.aab5bcaab18c768dfda2b1960ffdc3a2" langs="und" size="542387" type="full-text">
              <location>yadda.pack:/archive/bwmeta1.element.id-from-db-book-otworz-ksiazke-28351-slugprzemiana_mitow_druga_czyli_wojna_o_obrazy/content/full-text/0052.jpg</location>
              <name lang="zxx" type="file-name">0052.jpg</name>
            </file>
            <file format="text/plain" id="file.83db3cefadbefffdfa473fca7d50ad5e" langs="und" size="4060" type="plain-text">
              <location>yadda.pack:/archive/bwmeta1.element.id-from-db-book-otworz-ksiazke-28351-slugprzemiana_mitow_druga_czyli_wojna_o_obrazy/content/plain-text/0052.txt</location>
              <name lang="und" type="file-name">0052.txt</name>
            </file>
            <name lang="zxx">103-104</name>
          </directory>
          <directory id="page-53" type="multi-type">
            <file format="image/jpg" id="file.54b5f371446a7d3880926193b88cf497" langs="und" size="462540" type="full-text">
              <location>yadda.pack:/archive/bwmeta1.element.id-from-db-book-otworz-ksiazke-28351-slugprzemiana_mitow_druga_czyli_wojna_o_obrazy/content/full-text/0053.jpg</location>
              <name lang="zxx" type="file-name">0053.jpg</name>
            </file>
            <file format="text/plain" id="file.acfacfbbb1a9afa57a309a855013ee86" langs="und" size="3826" type="plain-text">
              <location>yadda.pack:/archive/bwmeta1.element.id-from-db-book-otworz-ksiazke-28351-slugprzemiana_mitow_druga_czyli_wojna_o_obrazy/content/plain-text/0053.txt</location>
              <name lang="und" type="file-name">0053.txt</name>
            </file>
            <name lang="zxx">105-106</name>
          </directory>
        </directory>
      </directory>
    </directory>
  </contents>
  <contributor institution="false" role="author">
    <identity ref="bwmeta1.person.id-from-db-authors-otworz-ksiazke-212-slug-andrzej_leder" />
    <name lang="und" type="canonical">Andrzej Leder</name>
    <name lang="und" type="surname">Leder</name>
    <name lang="und" type="forename">Andrzej</name>
  </contributor>
  <id scheme="bwmeta1.id-class.otworz-ksiazke-db-id" value="28351" />
  <id scheme="bwmeta1.id-class.otworz-ksiazke-db-slug" value="przemiana_mitow_druga_czyli_wojna_o_obrazy" />
  <name lang="und">Przemiana mitów druga - czyli wojna o obrazy</name>
  <structure hierarchy="bwmeta1.hierarchy-class.hierarchy_Book">
    <ancestor level="bwmeta1.level.hierarchy_Book_Publisher" identity="bwmeta1.element.id-from-db-publisher-otworz-ksiazke-37">
      <name lang="und">Open</name>
    </ancestor>
    <current level="bwmeta1.level.hierarchy_Book_Book" />
  </structure>
  <tags lang="und" type="License">
    <tag>by-nc</tag>
  </tags>
  <tags lang="und" type="keyword">
    <tag>kulturoznawstwo</tag>
  </tags>
</element>

