<?xml version="1.0" encoding="UTF-8"?>
<element xmlns="http://yadda.icm.edu.pl/bwmeta-2.0.0.xsd" id="bwmeta1.element.id-from-db-publisher-otworz-ksiazke-9">
  <attribute key="institution.www">
    <value>http://www.pwn.pl/</value>
  </attribute>
  <attribute key="source-id">
    <value>u_zrodel_nowoczesnej_gospodarki_europejskiej</value>
  </attribute>
  <id scheme="bwmeta1.id-class.otworz-ksiazke-publisher-slug" value="panstwowe_wydawnictwo_naukowe" />
  <name lang="und">Państwowe Wydawnictwo Naukowe</name>
  <structure hierarchy="bwmeta1.hierarchy-class.hierarchy_Book">
    <current level="bwmeta1.level.hierarchy_Book_Publisher" />
  </structure>
</element>

