<?xml version="1.0" encoding="UTF-8"?>
<element xmlns="http://yadda.icm.edu.pl/bwmeta-2.0.0.xsd" id="bwmeta1.element.id-from-db-publisher-otworz-ksiazke-14">
  <attribute key="institution.www">
    <value>http://www.ossolineum.pl</value>
  </attribute>
  <attribute key="source-id">
    <value>swiatopoglad_stanislawa_ignacego_witkiewicza</value>
  </attribute>
  <id scheme="bwmeta1.id-class.otworz-ksiazke-publisher-slug" value="zaklad_narodowy_im__ossolinskich_-_wydawnictwo" />
  <name lang="und">Zakład Narodowy im. Ossolińskich - Wydawnictwo</name>
  <structure hierarchy="bwmeta1.hierarchy-class.hierarchy_Book">
    <current level="bwmeta1.level.hierarchy_Book_Publisher" />
  </structure>
</element>

