<?xml version="1.0" encoding="UTF-8"?>
<element xmlns="http://yadda.icm.edu.pl/bwmeta-2.0.0.xsd" id="bwmeta1.element.id-from-db-publisher-otworz-ksiazke-37">
  <attribute key="source-id">
    <value>przemiana_mitow_druga_czyli_wojna_o_obrazy</value>
  </attribute>
  <id scheme="bwmeta1.id-class.otworz-ksiazke-publisher-slug" value="open" />
  <name lang="und">Open</name>
  <structure hierarchy="bwmeta1.hierarchy-class.hierarchy_Book">
    <current level="bwmeta1.level.hierarchy_Book_Publisher" />
  </structure>
</element>

