<?xml version="1.0" encoding="UTF-8"?>
<element xmlns="http://yadda.icm.edu.pl/bwmeta-2.0.0.xsd" id="bwmeta1.element.id-from-db-book-otworz-ksiazke-28367-slugwiecej_niz_teatr">
  <attribute key="source-id">
    <value>wiecej_niz_teatr</value>
  </attribute>
  <contents>
    <file format="image/jpeg" id="file.6f6382e86023c741784ffb3f288bcfa0" langs="und" size="74183" type="cover">
      <location>yadda.pack:/archive/bwmeta1.element.id-from-db-book-otworz-ksiazke-28367-slugwiecej_niz_teatr/content/cover/okladka.jpg</location>
      <name lang="zxx" type="file-name">okladka.jpg</name>
    </file>
    <directory id="full-content" type="multi-type">
      <file format="application/pdf" id="file.bfd717de1257b616bd2baa93c1a2650d" langs="und" size="934556" type="full-text">
        <location>yadda.pack:/archive/bwmeta1.element.id-from-db-book-otworz-ksiazke-28367-slugwiecej_niz_teatr/content/full-text/wiecej_niz_teatr.pdf</location>
        <name lang="zxx" type="file-name">wiecej_niz_teatr.pdf</name>
      </file>
      <directory id="chaptered-content-dir" type="directory">
        <directory id="r-1" type="paged">
          <directory id="page-1" type="multi-type">
            <file format="image/jpg" id="file.63db7bf53d48e8843be1fd903736edda" langs="und" size="495374" type="full-text">
              <location>yadda.pack:/archive/bwmeta1.element.id-from-db-book-otworz-ksiazke-28367-slugwiecej_niz_teatr/content/full-text/0001.jpg</location>
              <name lang="zxx" type="file-name">0001.jpg</name>
            </file>
            <file format="text/plain" id="file.d41d8cd98f00b204e9800998ecf8427e" langs="und" size="0" type="plain-text">
              <location>yadda.pack:/archive/bwmeta1.element.id-from-db-book-otworz-ksiazke-28367-slugwiecej_niz_teatr/content/plain-text/0001.txt</location>
              <name lang="und" type="file-name">0001.txt</name>
            </file>
            <name lang="zxx">1-2</name>
          </directory>
          <directory id="page-2" type="multi-type">
            <file format="image/jpg" id="file.41c6cba65b900762e8496700ee5fedd9" langs="und" size="415704" type="full-text">
              <location>yadda.pack:/archive/bwmeta1.element.id-from-db-book-otworz-ksiazke-28367-slugwiecej_niz_teatr/content/full-text/0002.jpg</location>
              <name lang="zxx" type="file-name">0002.jpg</name>
            </file>
            <file format="text/plain" id="file.39ba42fe165d1895c8b00b08ef88f18e" langs="und" size="74" type="plain-text">
              <location>yadda.pack:/archive/bwmeta1.element.id-from-db-book-otworz-ksiazke-28367-slugwiecej_niz_teatr/content/plain-text/0002.txt</location>
              <name lang="und" type="file-name">0002.txt</name>
            </file>
            <name lang="zxx">3-4</name>
          </directory>
        </directory>
        <directory id="r-2" type="paged">
          <directory id="page-3" type="multi-type">
            <file format="image/jpg" id="file.00f3b412bdcf79faec8480dc6d189aab" langs="und" size="525874" type="full-text">
              <location>yadda.pack:/archive/bwmeta1.element.id-from-db-book-otworz-ksiazke-28367-slugwiecej_niz_teatr/content/full-text/0003.jpg</location>
              <name lang="zxx" type="file-name">0003.jpg</name>
            </file>
            <file format="text/plain" id="file.92e612a0a33b070f49c080b8903afe73" langs="und" size="2072" type="plain-text">
              <location>yadda.pack:/archive/bwmeta1.element.id-from-db-book-otworz-ksiazke-28367-slugwiecej_niz_teatr/content/plain-text/0003.txt</location>
              <name lang="und" type="file-name">0003.txt</name>
            </file>
            <name lang="zxx">5-6</name>
          </directory>
          <directory id="page-4" type="multi-type">
            <file format="image/jpg" id="file.58245e23bb378f72a03e5b79512c18ca" langs="und" size="645992" type="full-text">
              <location>yadda.pack:/archive/bwmeta1.element.id-from-db-book-otworz-ksiazke-28367-slugwiecej_niz_teatr/content/full-text/0004.jpg</location>
              <name lang="zxx" type="file-name">0004.jpg</name>
            </file>
            <file format="text/plain" id="file.5779916054c36529844516696df8aa28" langs="und" size="4472" type="plain-text">
              <location>yadda.pack:/archive/bwmeta1.element.id-from-db-book-otworz-ksiazke-28367-slugwiecej_niz_teatr/content/plain-text/0004.txt</location>
              <name lang="und" type="file-name">0004.txt</name>
            </file>
            <name lang="zxx">7-8</name>
          </directory>
          <directory id="page-5" type="multi-type">
            <file format="image/jpg" id="file.4f5483a57415b183289deeeea1e8e534" langs="und" size="647867" type="full-text">
              <location>yadda.pack:/archive/bwmeta1.element.id-from-db-book-otworz-ksiazke-28367-slugwiecej_niz_teatr/content/full-text/0005.jpg</location>
              <name lang="zxx" type="file-name">0005.jpg</name>
            </file>
            <file format="text/plain" id="file.fb5361ecfabf477740d1a0845c008aee" langs="und" size="4610" type="plain-text">
              <location>yadda.pack:/archive/bwmeta1.element.id-from-db-book-otworz-ksiazke-28367-slugwiecej_niz_teatr/content/plain-text/0005.txt</location>
              <name lang="und" type="file-name">0005.txt</name>
            </file>
            <name lang="zxx">9-10</name>
          </directory>
          <directory id="page-6" type="multi-type">
            <file format="image/jpg" id="file.e96acab98953936ddbd40dd0ad112bc6" langs="und" size="647251" type="full-text">
              <location>yadda.pack:/archive/bwmeta1.element.id-from-db-book-otworz-ksiazke-28367-slugwiecej_niz_teatr/content/full-text/0006.jpg</location>
              <name lang="zxx" type="file-name">0006.jpg</name>
            </file>
            <file format="text/plain" id="file.daa03e5e5a65886cb75782ad7eea7402" langs="und" size="4539" type="plain-text">
              <location>yadda.pack:/archive/bwmeta1.element.id-from-db-book-otworz-ksiazke-28367-slugwiecej_niz_teatr/content/plain-text/0006.txt</location>
              <name lang="und" type="file-name">0006.txt</name>
            </file>
            <name lang="zxx">11-12</name>
          </directory>
          <directory id="page-7" type="multi-type">
            <file format="image/jpg" id="file.876a55e010ae7c8594db9e690cbc467f" langs="und" size="653564" type="full-text">
              <location>yadda.pack:/archive/bwmeta1.element.id-from-db-book-otworz-ksiazke-28367-slugwiecej_niz_teatr/content/full-text/0007.jpg</location>
              <name lang="zxx" type="file-name">0007.jpg</name>
            </file>
            <file format="text/plain" id="file.2df9f5cf39bfb2e545aa6b65688aaf1b" langs="und" size="4531" type="plain-text">
              <location>yadda.pack:/archive/bwmeta1.element.id-from-db-book-otworz-ksiazke-28367-slugwiecej_niz_teatr/content/plain-text/0007.txt</location>
              <name lang="und" type="file-name">0007.txt</name>
            </file>
            <name lang="zxx">13-14</name>
          </directory>
          <directory id="page-8" type="multi-type">
            <file format="image/jpg" id="file.cc47167eeac98e427b040946561abd49" langs="und" size="647784" type="full-text">
              <location>yadda.pack:/archive/bwmeta1.element.id-from-db-book-otworz-ksiazke-28367-slugwiecej_niz_teatr/content/full-text/0008.jpg</location>
              <name lang="zxx" type="file-name">0008.jpg</name>
            </file>
            <file format="text/plain" id="file.6657fe7613c0b4fec0d5b02eca605a2f" langs="und" size="4396" type="plain-text">
              <location>yadda.pack:/archive/bwmeta1.element.id-from-db-book-otworz-ksiazke-28367-slugwiecej_niz_teatr/content/plain-text/0008.txt</location>
              <name lang="und" type="file-name">0008.txt</name>
            </file>
            <name lang="zxx">15-16</name>
          </directory>
          <directory id="page-9" type="multi-type">
            <file format="image/jpg" id="file.4c391aeccca4b550fa37573a9641a1e5" langs="und" size="643473" type="full-text">
              <location>yadda.pack:/archive/bwmeta1.element.id-from-db-book-otworz-ksiazke-28367-slugwiecej_niz_teatr/content/full-text/0009.jpg</location>
              <name lang="zxx" type="file-name">0009.jpg</name>
            </file>
            <file format="text/plain" id="file.e0c61f3e57b498a57e68c83eb8f5055f" langs="und" size="4569" type="plain-text">
              <location>yadda.pack:/archive/bwmeta1.element.id-from-db-book-otworz-ksiazke-28367-slugwiecej_niz_teatr/content/plain-text/0009.txt</location>
              <name lang="und" type="file-name">0009.txt</name>
            </file>
            <name lang="zxx">17-18</name>
          </directory>
          <directory id="page-10" type="multi-type">
            <file format="image/jpg" id="file.0afa854e13dab5c38efa82d4bb6d7d26" langs="und" size="555064" type="full-text">
              <location>yadda.pack:/archive/bwmeta1.element.id-from-db-book-otworz-ksiazke-28367-slugwiecej_niz_teatr/content/full-text/0010.jpg</location>
              <name lang="zxx" type="file-name">0010.jpg</name>
            </file>
            <file format="text/plain" id="file.7ce93367b19f23de7c373681275429f1" langs="und" size="2214" type="plain-text">
              <location>yadda.pack:/archive/bwmeta1.element.id-from-db-book-otworz-ksiazke-28367-slugwiecej_niz_teatr/content/plain-text/0010.txt</location>
              <name lang="und" type="file-name">0010.txt</name>
            </file>
            <name lang="zxx">19-20</name>
          </directory>
          <name lang="und">Wstęp</name>
        </directory>
        <directory id="r-3" type="paged">
          <directory id="page-11" type="multi-type">
            <file format="image/jpg" id="file.83896b95dc1bb8594839c4a650e72c0b" langs="und" size="645977" type="full-text">
              <location>yadda.pack:/archive/bwmeta1.element.id-from-db-book-otworz-ksiazke-28367-slugwiecej_niz_teatr/content/full-text/0011.jpg</location>
              <name lang="zxx" type="file-name">0011.jpg</name>
            </file>
            <file format="text/plain" id="file.726e262a93ab36693515546b8e01113b" langs="und" size="4431" type="plain-text">
              <location>yadda.pack:/archive/bwmeta1.element.id-from-db-book-otworz-ksiazke-28367-slugwiecej_niz_teatr/content/plain-text/0011.txt</location>
              <name lang="und" type="file-name">0011.txt</name>
            </file>
            <name lang="zxx">21-22</name>
          </directory>
          <directory id="page-12" type="multi-type">
            <file format="image/jpg" id="file.eb34b8bed491da84674edfb9102f2b01" langs="und" size="645424" type="full-text">
              <location>yadda.pack:/archive/bwmeta1.element.id-from-db-book-otworz-ksiazke-28367-slugwiecej_niz_teatr/content/full-text/0012.jpg</location>
              <name lang="zxx" type="file-name">0012.jpg</name>
            </file>
            <file format="text/plain" id="file.b1d260844dfe7090f1624d4eca3fa168" langs="und" size="4289" type="plain-text">
              <location>yadda.pack:/archive/bwmeta1.element.id-from-db-book-otworz-ksiazke-28367-slugwiecej_niz_teatr/content/plain-text/0012.txt</location>
              <name lang="und" type="file-name">0012.txt</name>
            </file>
            <name lang="zxx">23-24</name>
          </directory>
          <directory id="page-13" type="multi-type">
            <file format="image/jpg" id="file.cc8a97bc011501a79519de20a0ffcaa5" langs="und" size="635451" type="full-text">
              <location>yadda.pack:/archive/bwmeta1.element.id-from-db-book-otworz-ksiazke-28367-slugwiecej_niz_teatr/content/full-text/0013.jpg</location>
              <name lang="zxx" type="file-name">0013.jpg</name>
            </file>
            <file format="text/plain" id="file.ec5bad3855085d65da04ca545590cb50" langs="und" size="4266" type="plain-text">
              <location>yadda.pack:/archive/bwmeta1.element.id-from-db-book-otworz-ksiazke-28367-slugwiecej_niz_teatr/content/plain-text/0013.txt</location>
              <name lang="und" type="file-name">0013.txt</name>
            </file>
            <name lang="zxx">25-26</name>
          </directory>
          <directory id="page-14" type="multi-type">
            <file format="image/jpg" id="file.7f83d1a3fd0d4b933af67e4ceef4e9f3" langs="und" size="652787" type="full-text">
              <location>yadda.pack:/archive/bwmeta1.element.id-from-db-book-otworz-ksiazke-28367-slugwiecej_niz_teatr/content/full-text/0014.jpg</location>
              <name lang="zxx" type="file-name">0014.jpg</name>
            </file>
            <file format="text/plain" id="file.034ffe97aac9c5059888e716c1a8d8ba" langs="und" size="4526" type="plain-text">
              <location>yadda.pack:/archive/bwmeta1.element.id-from-db-book-otworz-ksiazke-28367-slugwiecej_niz_teatr/content/plain-text/0014.txt</location>
              <name lang="und" type="file-name">0014.txt</name>
            </file>
            <name lang="zxx">27-28</name>
          </directory>
          <directory id="page-15" type="multi-type">
            <file format="image/jpg" id="file.d614e71ea7ef0ec9adc8da103d371ac9" langs="und" size="628718" type="full-text">
              <location>yadda.pack:/archive/bwmeta1.element.id-from-db-book-otworz-ksiazke-28367-slugwiecej_niz_teatr/content/full-text/0015.jpg</location>
              <name lang="zxx" type="file-name">0015.jpg</name>
            </file>
            <file format="text/plain" id="file.67ff68b3e337f9798e9f2ecd1ca6c424" langs="und" size="4047" type="plain-text">
              <location>yadda.pack:/archive/bwmeta1.element.id-from-db-book-otworz-ksiazke-28367-slugwiecej_niz_teatr/content/plain-text/0015.txt</location>
              <name lang="und" type="file-name">0015.txt</name>
            </file>
            <name lang="zxx">29-30</name>
          </directory>
          <directory id="page-16" type="multi-type">
            <file format="image/jpg" id="file.8e3e84bd28a94b12eefa45173c403bbd" langs="und" size="632626" type="full-text">
              <location>yadda.pack:/archive/bwmeta1.element.id-from-db-book-otworz-ksiazke-28367-slugwiecej_niz_teatr/content/full-text/0016.jpg</location>
              <name lang="zxx" type="file-name">0016.jpg</name>
            </file>
            <file format="text/plain" id="file.9527141a0e9a329645b375296749bc62" langs="und" size="4172" type="plain-text">
              <location>yadda.pack:/archive/bwmeta1.element.id-from-db-book-otworz-ksiazke-28367-slugwiecej_niz_teatr/content/plain-text/0016.txt</location>
              <name lang="und" type="file-name">0016.txt</name>
            </file>
            <name lang="zxx">31-32</name>
          </directory>
          <directory id="page-17" type="multi-type">
            <file format="image/jpg" id="file.714b017746b02bdb5574649ea39425a5" langs="und" size="635367" type="full-text">
              <location>yadda.pack:/archive/bwmeta1.element.id-from-db-book-otworz-ksiazke-28367-slugwiecej_niz_teatr/content/full-text/0017.jpg</location>
              <name lang="zxx" type="file-name">0017.jpg</name>
            </file>
            <file format="text/plain" id="file.0eab4b7f8a4f04dc5fb90e9775f4f4d1" langs="und" size="4295" type="plain-text">
              <location>yadda.pack:/archive/bwmeta1.element.id-from-db-book-otworz-ksiazke-28367-slugwiecej_niz_teatr/content/plain-text/0017.txt</location>
              <name lang="und" type="file-name">0017.txt</name>
            </file>
            <name lang="zxx">33-34</name>
          </directory>
          <directory id="page-18" type="multi-type">
            <file format="image/jpg" id="file.62725cf0ff83196dfd2f3d98db4d9a31" langs="und" size="643151" type="full-text">
              <location>yadda.pack:/archive/bwmeta1.element.id-from-db-book-otworz-ksiazke-28367-slugwiecej_niz_teatr/content/full-text/0018.jpg</location>
              <name lang="zxx" type="file-name">0018.jpg</name>
            </file>
            <file format="text/plain" id="file.bdbcb1f2ad09df09b87455fd93be2749" langs="und" size="4599" type="plain-text">
              <location>yadda.pack:/archive/bwmeta1.element.id-from-db-book-otworz-ksiazke-28367-slugwiecej_niz_teatr/content/plain-text/0018.txt</location>
              <name lang="und" type="file-name">0018.txt</name>
            </file>
            <name lang="zxx">35-36</name>
          </directory>
          <directory id="page-19" type="multi-type">
            <file format="image/jpg" id="file.8669b6464011f0e4d315041b75676bec" langs="und" size="635837" type="full-text">
              <location>yadda.pack:/archive/bwmeta1.element.id-from-db-book-otworz-ksiazke-28367-slugwiecej_niz_teatr/content/full-text/0019.jpg</location>
              <name lang="zxx" type="file-name">0019.jpg</name>
            </file>
            <file format="text/plain" id="file.acc354cab71cb301614820b8a503f0be" langs="und" size="4341" type="plain-text">
              <location>yadda.pack:/archive/bwmeta1.element.id-from-db-book-otworz-ksiazke-28367-slugwiecej_niz_teatr/content/plain-text/0019.txt</location>
              <name lang="und" type="file-name">0019.txt</name>
            </file>
            <name lang="zxx">37-38</name>
          </directory>
          <directory id="page-20" type="multi-type">
            <file format="image/jpg" id="file.7adc906d3f039ef812b3539c066877be" langs="und" size="640953" type="full-text">
              <location>yadda.pack:/archive/bwmeta1.element.id-from-db-book-otworz-ksiazke-28367-slugwiecej_niz_teatr/content/full-text/0020.jpg</location>
              <name lang="zxx" type="file-name">0020.jpg</name>
            </file>
            <file format="text/plain" id="file.8d6a46cb2f420af006399825f3dd7d11" langs="und" size="4436" type="plain-text">
              <location>yadda.pack:/archive/bwmeta1.element.id-from-db-book-otworz-ksiazke-28367-slugwiecej_niz_teatr/content/plain-text/0020.txt</location>
              <name lang="und" type="file-name">0020.txt</name>
            </file>
            <name lang="zxx">39-40</name>
          </directory>
          <directory id="page-21" type="multi-type">
            <file format="image/jpg" id="file.314d81b718180a22348ec996c7f7e6ca" langs="und" size="627374" type="full-text">
              <location>yadda.pack:/archive/bwmeta1.element.id-from-db-book-otworz-ksiazke-28367-slugwiecej_niz_teatr/content/full-text/0021.jpg</location>
              <name lang="zxx" type="file-name">0021.jpg</name>
            </file>
            <file format="text/plain" id="file.2e90a97812c1be0f90b8c9897dee6770" langs="und" size="4046" type="plain-text">
              <location>yadda.pack:/archive/bwmeta1.element.id-from-db-book-otworz-ksiazke-28367-slugwiecej_niz_teatr/content/plain-text/0021.txt</location>
              <name lang="und" type="file-name">0021.txt</name>
            </file>
            <name lang="zxx">41-42</name>
          </directory>
          <directory id="page-22" type="multi-type">
            <file format="image/jpg" id="file.9128ff8d65cda3b4684d6b35621f7f1b" langs="und" size="646266" type="full-text">
              <location>yadda.pack:/archive/bwmeta1.element.id-from-db-book-otworz-ksiazke-28367-slugwiecej_niz_teatr/content/full-text/0022.jpg</location>
              <name lang="zxx" type="file-name">0022.jpg</name>
            </file>
            <file format="text/plain" id="file.ddeb1b1a56ca9b2042b90a421ececbd9" langs="und" size="4419" type="plain-text">
              <location>yadda.pack:/archive/bwmeta1.element.id-from-db-book-otworz-ksiazke-28367-slugwiecej_niz_teatr/content/plain-text/0022.txt</location>
              <name lang="und" type="file-name">0022.txt</name>
            </file>
            <name lang="zxx">43-44</name>
          </directory>
          <directory id="page-23" type="multi-type">
            <file format="image/jpg" id="file.9e9076854f0a2281892553ca7cb3a964" langs="und" size="637086" type="full-text">
              <location>yadda.pack:/archive/bwmeta1.element.id-from-db-book-otworz-ksiazke-28367-slugwiecej_niz_teatr/content/full-text/0023.jpg</location>
              <name lang="zxx" type="file-name">0023.jpg</name>
            </file>
            <file format="text/plain" id="file.f2feac22561a54c8de0eee124422e8ab" langs="und" size="4177" type="plain-text">
              <location>yadda.pack:/archive/bwmeta1.element.id-from-db-book-otworz-ksiazke-28367-slugwiecej_niz_teatr/content/plain-text/0023.txt</location>
              <name lang="und" type="file-name">0023.txt</name>
            </file>
            <name lang="zxx">45-46</name>
          </directory>
          <directory id="page-24" type="multi-type">
            <file format="image/jpg" id="file.226535012b05fca321b769a710185779" langs="und" size="655428" type="full-text">
              <location>yadda.pack:/archive/bwmeta1.element.id-from-db-book-otworz-ksiazke-28367-slugwiecej_niz_teatr/content/full-text/0024.jpg</location>
              <name lang="zxx" type="file-name">0024.jpg</name>
            </file>
            <file format="text/plain" id="file.4cf63fc8336e17553d15a569bba10204" langs="und" size="4621" type="plain-text">
              <location>yadda.pack:/archive/bwmeta1.element.id-from-db-book-otworz-ksiazke-28367-slugwiecej_niz_teatr/content/plain-text/0024.txt</location>
              <name lang="und" type="file-name">0024.txt</name>
            </file>
            <name lang="zxx">47-48</name>
          </directory>
          <directory id="page-25" type="multi-type">
            <file format="image/jpg" id="file.c68ebf80cdabcbd25e975c7ef486855a" langs="und" size="572255" type="full-text">
              <location>yadda.pack:/archive/bwmeta1.element.id-from-db-book-otworz-ksiazke-28367-slugwiecej_niz_teatr/content/full-text/0025.jpg</location>
              <name lang="zxx" type="file-name">0025.jpg</name>
            </file>
            <file format="text/plain" id="file.564a453ba122ff4932ee4533ec556757" langs="und" size="2870" type="plain-text">
              <location>yadda.pack:/archive/bwmeta1.element.id-from-db-book-otworz-ksiazke-28367-slugwiecej_niz_teatr/content/plain-text/0025.txt</location>
              <name lang="und" type="file-name">0025.txt</name>
            </file>
            <name lang="zxx">49-50</name>
          </directory>
          <name lang="und">Rozdział I</name>
        </directory>
        <directory id="r-4" type="paged">
          <directory id="page-26" type="multi-type">
            <file format="image/jpg" id="file.1cf89d4ed1c3f16b9d2845bb0ab89763" langs="und" size="649681" type="full-text">
              <location>yadda.pack:/archive/bwmeta1.element.id-from-db-book-otworz-ksiazke-28367-slugwiecej_niz_teatr/content/full-text/0026.jpg</location>
              <name lang="zxx" type="file-name">0026.jpg</name>
            </file>
            <file format="text/plain" id="file.9e6cf7da76667c07d9a8f170153b83c1" langs="und" size="4670" type="plain-text">
              <location>yadda.pack:/archive/bwmeta1.element.id-from-db-book-otworz-ksiazke-28367-slugwiecej_niz_teatr/content/plain-text/0026.txt</location>
              <name lang="und" type="file-name">0026.txt</name>
            </file>
            <name lang="zxx">51-52</name>
          </directory>
          <directory id="page-27" type="multi-type">
            <file format="image/jpg" id="file.c766292fe75917bb680acfc24badc48f" langs="und" size="620692" type="full-text">
              <location>yadda.pack:/archive/bwmeta1.element.id-from-db-book-otworz-ksiazke-28367-slugwiecej_niz_teatr/content/full-text/0027.jpg</location>
              <name lang="zxx" type="file-name">0027.jpg</name>
            </file>
            <file format="text/plain" id="file.3ce6a14545d7078685ccf3e38bc2c9bb" langs="und" size="3997" type="plain-text">
              <location>yadda.pack:/archive/bwmeta1.element.id-from-db-book-otworz-ksiazke-28367-slugwiecej_niz_teatr/content/plain-text/0027.txt</location>
              <name lang="und" type="file-name">0027.txt</name>
            </file>
            <name lang="zxx">53-54</name>
          </directory>
          <directory id="page-28" type="multi-type">
            <file format="image/jpg" id="file.dd7ccf62b4ebc394b8ea02db469e7e18" langs="und" size="616187" type="full-text">
              <location>yadda.pack:/archive/bwmeta1.element.id-from-db-book-otworz-ksiazke-28367-slugwiecej_niz_teatr/content/full-text/0028.jpg</location>
              <name lang="zxx" type="file-name">0028.jpg</name>
            </file>
            <file format="text/plain" id="file.8bbf70643ccce7a6a6509f9cfd1b6af3" langs="und" size="4303" type="plain-text">
              <location>yadda.pack:/archive/bwmeta1.element.id-from-db-book-otworz-ksiazke-28367-slugwiecej_niz_teatr/content/plain-text/0028.txt</location>
              <name lang="und" type="file-name">0028.txt</name>
            </file>
            <name lang="zxx">55-56</name>
          </directory>
          <directory id="page-29" type="multi-type">
            <file format="image/jpg" id="file.c322d41bd4ccf617dd8318fe86fd069d" langs="und" size="599526" type="full-text">
              <location>yadda.pack:/archive/bwmeta1.element.id-from-db-book-otworz-ksiazke-28367-slugwiecej_niz_teatr/content/full-text/0029.jpg</location>
              <name lang="zxx" type="file-name">0029.jpg</name>
            </file>
            <file format="text/plain" id="file.5d873d7e69cb8525ff7a4720738fe109" langs="und" size="3990" type="plain-text">
              <location>yadda.pack:/archive/bwmeta1.element.id-from-db-book-otworz-ksiazke-28367-slugwiecej_niz_teatr/content/plain-text/0029.txt</location>
              <name lang="und" type="file-name">0029.txt</name>
            </file>
            <name lang="zxx">57-58</name>
          </directory>
          <directory id="page-30" type="multi-type">
            <file format="image/jpg" id="file.f51f393699280443482e246c1a281f77" langs="und" size="606513" type="full-text">
              <location>yadda.pack:/archive/bwmeta1.element.id-from-db-book-otworz-ksiazke-28367-slugwiecej_niz_teatr/content/full-text/0030.jpg</location>
              <name lang="zxx" type="file-name">0030.jpg</name>
            </file>
            <file format="text/plain" id="file.2078c0e2f897fca910209baa7461dfdf" langs="und" size="3870" type="plain-text">
              <location>yadda.pack:/archive/bwmeta1.element.id-from-db-book-otworz-ksiazke-28367-slugwiecej_niz_teatr/content/plain-text/0030.txt</location>
              <name lang="und" type="file-name">0030.txt</name>
            </file>
            <name lang="zxx">59-60</name>
          </directory>
          <directory id="page-31" type="multi-type">
            <file format="image/jpg" id="file.784f0513bde61d50646de4b4a1c42257" langs="und" size="632824" type="full-text">
              <location>yadda.pack:/archive/bwmeta1.element.id-from-db-book-otworz-ksiazke-28367-slugwiecej_niz_teatr/content/full-text/0031.jpg</location>
              <name lang="zxx" type="file-name">0031.jpg</name>
            </file>
            <file format="text/plain" id="file.947c25b333d525520c5c8f6b3b395e20" langs="und" size="4256" type="plain-text">
              <location>yadda.pack:/archive/bwmeta1.element.id-from-db-book-otworz-ksiazke-28367-slugwiecej_niz_teatr/content/plain-text/0031.txt</location>
              <name lang="und" type="file-name">0031.txt</name>
            </file>
            <name lang="zxx">61-62</name>
          </directory>
          <directory id="page-32" type="multi-type">
            <file format="image/jpg" id="file.0d6ce266f6a66e8dd3030f55dd4d96ae" langs="und" size="610865" type="full-text">
              <location>yadda.pack:/archive/bwmeta1.element.id-from-db-book-otworz-ksiazke-28367-slugwiecej_niz_teatr/content/full-text/0032.jpg</location>
              <name lang="zxx" type="file-name">0032.jpg</name>
            </file>
            <file format="text/plain" id="file.26b039ff1b938b5c9391721237206090" langs="und" size="4053" type="plain-text">
              <location>yadda.pack:/archive/bwmeta1.element.id-from-db-book-otworz-ksiazke-28367-slugwiecej_niz_teatr/content/plain-text/0032.txt</location>
              <name lang="und" type="file-name">0032.txt</name>
            </file>
            <name lang="zxx">63-64</name>
          </directory>
          <directory id="page-33" type="multi-type">
            <file format="image/jpg" id="file.f4ed08da27e3d4c88f1a847e440f5e2f" langs="und" size="640906" type="full-text">
              <location>yadda.pack:/archive/bwmeta1.element.id-from-db-book-otworz-ksiazke-28367-slugwiecej_niz_teatr/content/full-text/0033.jpg</location>
              <name lang="zxx" type="file-name">0033.jpg</name>
            </file>
            <file format="text/plain" id="file.7a72d3fbdca4cd6bb228ef38ba7f994b" langs="und" size="4655" type="plain-text">
              <location>yadda.pack:/archive/bwmeta1.element.id-from-db-book-otworz-ksiazke-28367-slugwiecej_niz_teatr/content/plain-text/0033.txt</location>
              <name lang="und" type="file-name">0033.txt</name>
            </file>
            <name lang="zxx">65-66</name>
          </directory>
          <directory id="page-34" type="multi-type">
            <file format="image/jpg" id="file.ce3b59cec2615828be88f7ec85bc88c8" langs="und" size="615117" type="full-text">
              <location>yadda.pack:/archive/bwmeta1.element.id-from-db-book-otworz-ksiazke-28367-slugwiecej_niz_teatr/content/full-text/0034.jpg</location>
              <name lang="zxx" type="file-name">0034.jpg</name>
            </file>
            <file format="text/plain" id="file.4574908f85e6eedfe10f0bf13cfc40c6" langs="und" size="3979" type="plain-text">
              <location>yadda.pack:/archive/bwmeta1.element.id-from-db-book-otworz-ksiazke-28367-slugwiecej_niz_teatr/content/plain-text/0034.txt</location>
              <name lang="und" type="file-name">0034.txt</name>
            </file>
            <name lang="zxx">67-68</name>
          </directory>
          <directory id="page-35" type="multi-type">
            <file format="image/jpg" id="file.79e7e0beba841d71a2092e0dc6ee0399" langs="und" size="613077" type="full-text">
              <location>yadda.pack:/archive/bwmeta1.element.id-from-db-book-otworz-ksiazke-28367-slugwiecej_niz_teatr/content/full-text/0035.jpg</location>
              <name lang="zxx" type="file-name">0035.jpg</name>
            </file>
            <file format="text/plain" id="file.107168ca49fb3c27781f6ed81f2fd60a" langs="und" size="3893" type="plain-text">
              <location>yadda.pack:/archive/bwmeta1.element.id-from-db-book-otworz-ksiazke-28367-slugwiecej_niz_teatr/content/plain-text/0035.txt</location>
              <name lang="und" type="file-name">0035.txt</name>
            </file>
            <name lang="zxx">69-70</name>
          </directory>
          <directory id="page-36" type="multi-type">
            <file format="image/jpg" id="file.089dfa3672d6f33f0c227311c189383e" langs="und" size="612403" type="full-text">
              <location>yadda.pack:/archive/bwmeta1.element.id-from-db-book-otworz-ksiazke-28367-slugwiecej_niz_teatr/content/full-text/0036.jpg</location>
              <name lang="zxx" type="file-name">0036.jpg</name>
            </file>
            <file format="text/plain" id="file.3eb5d6134256e365f35bdf5ad6ae967d" langs="und" size="4142" type="plain-text">
              <location>yadda.pack:/archive/bwmeta1.element.id-from-db-book-otworz-ksiazke-28367-slugwiecej_niz_teatr/content/plain-text/0036.txt</location>
              <name lang="und" type="file-name">0036.txt</name>
            </file>
            <name lang="zxx">71-72</name>
          </directory>
          <directory id="page-37" type="multi-type">
            <file format="image/jpg" id="file.fcbee9e63d9a9e691fdb80cc37d5313d" langs="und" size="631945" type="full-text">
              <location>yadda.pack:/archive/bwmeta1.element.id-from-db-book-otworz-ksiazke-28367-slugwiecej_niz_teatr/content/full-text/0037.jpg</location>
              <name lang="zxx" type="file-name">0037.jpg</name>
            </file>
            <file format="text/plain" id="file.0b7300fdb4bd0c9b7439ab12d7f32fe2" langs="und" size="4404" type="plain-text">
              <location>yadda.pack:/archive/bwmeta1.element.id-from-db-book-otworz-ksiazke-28367-slugwiecej_niz_teatr/content/plain-text/0037.txt</location>
              <name lang="und" type="file-name">0037.txt</name>
            </file>
            <name lang="zxx">73-74</name>
          </directory>
          <directory id="page-38" type="multi-type">
            <file format="image/jpg" id="file.2081167b41f642ddbd07bb004632aca1" langs="und" size="630634" type="full-text">
              <location>yadda.pack:/archive/bwmeta1.element.id-from-db-book-otworz-ksiazke-28367-slugwiecej_niz_teatr/content/full-text/0038.jpg</location>
              <name lang="zxx" type="file-name">0038.jpg</name>
            </file>
            <file format="text/plain" id="file.89538acfa106b90d0d5ec8a4e4805a69" langs="und" size="4526" type="plain-text">
              <location>yadda.pack:/archive/bwmeta1.element.id-from-db-book-otworz-ksiazke-28367-slugwiecej_niz_teatr/content/plain-text/0038.txt</location>
              <name lang="und" type="file-name">0038.txt</name>
            </file>
            <name lang="zxx">75-76</name>
          </directory>
          <directory id="page-39" type="multi-type">
            <file format="image/jpg" id="file.8bd6f5aa8e98c67da87df04e97dea0d9" langs="und" size="587985" type="full-text">
              <location>yadda.pack:/archive/bwmeta1.element.id-from-db-book-otworz-ksiazke-28367-slugwiecej_niz_teatr/content/full-text/0039.jpg</location>
              <name lang="zxx" type="file-name">0039.jpg</name>
            </file>
            <file format="text/plain" id="file.4637804e41ccd8da0690aae10b3431ad" langs="und" size="3606" type="plain-text">
              <location>yadda.pack:/archive/bwmeta1.element.id-from-db-book-otworz-ksiazke-28367-slugwiecej_niz_teatr/content/plain-text/0039.txt</location>
              <name lang="und" type="file-name">0039.txt</name>
            </file>
            <name lang="zxx">77-78</name>
          </directory>
          <directory id="page-40" type="multi-type">
            <file format="image/jpg" id="file.42db1098b7cc713dc3617f1cd8e7d943" langs="und" size="563089" type="full-text">
              <location>yadda.pack:/archive/bwmeta1.element.id-from-db-book-otworz-ksiazke-28367-slugwiecej_niz_teatr/content/full-text/0040.jpg</location>
              <name lang="zxx" type="file-name">0040.jpg</name>
            </file>
            <file format="text/plain" id="file.ad121777e663dc3730200041e7790856" langs="und" size="3012" type="plain-text">
              <location>yadda.pack:/archive/bwmeta1.element.id-from-db-book-otworz-ksiazke-28367-slugwiecej_niz_teatr/content/plain-text/0040.txt</location>
              <name lang="und" type="file-name">0040.txt</name>
            </file>
            <name lang="zxx">79-80</name>
          </directory>
          <directory id="page-41" type="multi-type">
            <file format="image/jpg" id="file.54efec6e5c1131a7d5ab5a39360e57ba" langs="und" size="633655" type="full-text">
              <location>yadda.pack:/archive/bwmeta1.element.id-from-db-book-otworz-ksiazke-28367-slugwiecej_niz_teatr/content/full-text/0041.jpg</location>
              <name lang="zxx" type="file-name">0041.jpg</name>
            </file>
            <file format="text/plain" id="file.14d363554be9776eb63f5e7481684691" langs="und" size="4663" type="plain-text">
              <location>yadda.pack:/archive/bwmeta1.element.id-from-db-book-otworz-ksiazke-28367-slugwiecej_niz_teatr/content/plain-text/0041.txt</location>
              <name lang="und" type="file-name">0041.txt</name>
            </file>
            <name lang="zxx">81-82</name>
          </directory>
          <directory id="page-42" type="multi-type">
            <file format="image/jpg" id="file.855e40918615faf0f43f549fcfdc398a" langs="und" size="585378" type="full-text">
              <location>yadda.pack:/archive/bwmeta1.element.id-from-db-book-otworz-ksiazke-28367-slugwiecej_niz_teatr/content/full-text/0042.jpg</location>
              <name lang="zxx" type="file-name">0042.jpg</name>
            </file>
            <file format="text/plain" id="file.1b6d8e52e8e7836652fe2fca8519b37b" langs="und" size="3232" type="plain-text">
              <location>yadda.pack:/archive/bwmeta1.element.id-from-db-book-otworz-ksiazke-28367-slugwiecej_niz_teatr/content/plain-text/0042.txt</location>
              <name lang="und" type="file-name">0042.txt</name>
            </file>
            <name lang="zxx">83-84</name>
          </directory>
          <directory id="page-43" type="multi-type">
            <file format="image/jpg" id="file.acff071d0ef86185a75b6300d5fab9f6" langs="und" size="624394" type="full-text">
              <location>yadda.pack:/archive/bwmeta1.element.id-from-db-book-otworz-ksiazke-28367-slugwiecej_niz_teatr/content/full-text/0043.jpg</location>
              <name lang="zxx" type="file-name">0043.jpg</name>
            </file>
            <file format="text/plain" id="file.369a414f90bcdfada57c7b762841099e" langs="und" size="4086" type="plain-text">
              <location>yadda.pack:/archive/bwmeta1.element.id-from-db-book-otworz-ksiazke-28367-slugwiecej_niz_teatr/content/plain-text/0043.txt</location>
              <name lang="und" type="file-name">0043.txt</name>
            </file>
            <name lang="zxx">85-86</name>
          </directory>
          <directory id="page-44" type="multi-type">
            <file format="image/jpg" id="file.560b2fd60910d7213de14549b72d5ceb" langs="und" size="631157" type="full-text">
              <location>yadda.pack:/archive/bwmeta1.element.id-from-db-book-otworz-ksiazke-28367-slugwiecej_niz_teatr/content/full-text/0044.jpg</location>
              <name lang="zxx" type="file-name">0044.jpg</name>
            </file>
            <file format="text/plain" id="file.8dcffd13a92dfc30de5400e00c163979" langs="und" size="4414" type="plain-text">
              <location>yadda.pack:/archive/bwmeta1.element.id-from-db-book-otworz-ksiazke-28367-slugwiecej_niz_teatr/content/plain-text/0044.txt</location>
              <name lang="und" type="file-name">0044.txt</name>
            </file>
            <name lang="zxx">87-88</name>
          </directory>
          <directory id="page-45" type="multi-type">
            <file format="image/jpg" id="file.43d2efb92a46b17378be21cc2a795da1" langs="und" size="627058" type="full-text">
              <location>yadda.pack:/archive/bwmeta1.element.id-from-db-book-otworz-ksiazke-28367-slugwiecej_niz_teatr/content/full-text/0045.jpg</location>
              <name lang="zxx" type="file-name">0045.jpg</name>
            </file>
            <file format="text/plain" id="file.4aa10b615a3712cab838ca90c2b286ef" langs="und" size="4139" type="plain-text">
              <location>yadda.pack:/archive/bwmeta1.element.id-from-db-book-otworz-ksiazke-28367-slugwiecej_niz_teatr/content/plain-text/0045.txt</location>
              <name lang="und" type="file-name">0045.txt</name>
            </file>
            <name lang="zxx">89-90</name>
          </directory>
          <directory id="page-46" type="multi-type">
            <file format="image/jpg" id="file.7cb6b8860034f90f882103c95c73643b" langs="und" size="619697" type="full-text">
              <location>yadda.pack:/archive/bwmeta1.element.id-from-db-book-otworz-ksiazke-28367-slugwiecej_niz_teatr/content/full-text/0046.jpg</location>
              <name lang="zxx" type="file-name">0046.jpg</name>
            </file>
            <file format="text/plain" id="file.30420a77d67132bba1b10acdc0f32b08" langs="und" size="4204" type="plain-text">
              <location>yadda.pack:/archive/bwmeta1.element.id-from-db-book-otworz-ksiazke-28367-slugwiecej_niz_teatr/content/plain-text/0046.txt</location>
              <name lang="und" type="file-name">0046.txt</name>
            </file>
            <name lang="zxx">91-92</name>
          </directory>
          <directory id="page-47" type="multi-type">
            <file format="image/jpg" id="file.e10a2a6e6fb5bcfe489767668b61a7b6" langs="und" size="606390" type="full-text">
              <location>yadda.pack:/archive/bwmeta1.element.id-from-db-book-otworz-ksiazke-28367-slugwiecej_niz_teatr/content/full-text/0047.jpg</location>
              <name lang="zxx" type="file-name">0047.jpg</name>
            </file>
            <file format="text/plain" id="file.905bf4f5b3dda75ca78c1759d13cfcea" langs="und" size="3734" type="plain-text">
              <location>yadda.pack:/archive/bwmeta1.element.id-from-db-book-otworz-ksiazke-28367-slugwiecej_niz_teatr/content/plain-text/0047.txt</location>
              <name lang="und" type="file-name">0047.txt</name>
            </file>
            <name lang="zxx">93-94</name>
          </directory>
          <directory id="page-48" type="multi-type">
            <file format="image/jpg" id="file.99813f7712ee1c14eb20e0465a3842b1" langs="und" size="607378" type="full-text">
              <location>yadda.pack:/archive/bwmeta1.element.id-from-db-book-otworz-ksiazke-28367-slugwiecej_niz_teatr/content/full-text/0048.jpg</location>
              <name lang="zxx" type="file-name">0048.jpg</name>
            </file>
            <file format="text/plain" id="file.ad369ffe42b8dc29ba01e6dd21cc439c" langs="und" size="4045" type="plain-text">
              <location>yadda.pack:/archive/bwmeta1.element.id-from-db-book-otworz-ksiazke-28367-slugwiecej_niz_teatr/content/plain-text/0048.txt</location>
              <name lang="und" type="file-name">0048.txt</name>
            </file>
            <name lang="zxx">95-96</name>
          </directory>
          <directory id="page-49" type="multi-type">
            <file format="image/jpg" id="file.6b445470f7f01efec991f857f50f1d60" langs="und" size="596488" type="full-text">
              <location>yadda.pack:/archive/bwmeta1.element.id-from-db-book-otworz-ksiazke-28367-slugwiecej_niz_teatr/content/full-text/0049.jpg</location>
              <name lang="zxx" type="file-name">0049.jpg</name>
            </file>
            <file format="text/plain" id="file.370f6ba51f2ad006c57f1f64493f0f8e" langs="und" size="3988" type="plain-text">
              <location>yadda.pack:/archive/bwmeta1.element.id-from-db-book-otworz-ksiazke-28367-slugwiecej_niz_teatr/content/plain-text/0049.txt</location>
              <name lang="und" type="file-name">0049.txt</name>
            </file>
            <name lang="zxx">97-98</name>
          </directory>
          <directory id="page-50" type="multi-type">
            <file format="image/jpg" id="file.b48e1d297a6816c1d1b0403133a662dc" langs="und" size="598729" type="full-text">
              <location>yadda.pack:/archive/bwmeta1.element.id-from-db-book-otworz-ksiazke-28367-slugwiecej_niz_teatr/content/full-text/0050.jpg</location>
              <name lang="zxx" type="file-name">0050.jpg</name>
            </file>
            <file format="text/plain" id="file.62534063748a4044608e5499a2da373d" langs="und" size="4011" type="plain-text">
              <location>yadda.pack:/archive/bwmeta1.element.id-from-db-book-otworz-ksiazke-28367-slugwiecej_niz_teatr/content/plain-text/0050.txt</location>
              <name lang="und" type="file-name">0050.txt</name>
            </file>
            <name lang="zxx">99-100</name>
          </directory>
          <directory id="page-51" type="multi-type">
            <file format="image/jpg" id="file.5311a43d56f2f90f36c9858594aba986" langs="und" size="615923" type="full-text">
              <location>yadda.pack:/archive/bwmeta1.element.id-from-db-book-otworz-ksiazke-28367-slugwiecej_niz_teatr/content/full-text/0051.jpg</location>
              <name lang="zxx" type="file-name">0051.jpg</name>
            </file>
            <file format="text/plain" id="file.93c3c426bf78124c2d89e47581f24221" langs="und" size="4312" type="plain-text">
              <location>yadda.pack:/archive/bwmeta1.element.id-from-db-book-otworz-ksiazke-28367-slugwiecej_niz_teatr/content/plain-text/0051.txt</location>
              <name lang="und" type="file-name">0051.txt</name>
            </file>
            <name lang="zxx">101-102</name>
          </directory>
          <directory id="page-52" type="multi-type">
            <file format="image/jpg" id="file.a3ca331ae9fb558b4392836f9b15de8b" langs="und" size="638105" type="full-text">
              <location>yadda.pack:/archive/bwmeta1.element.id-from-db-book-otworz-ksiazke-28367-slugwiecej_niz_teatr/content/full-text/0052.jpg</location>
              <name lang="zxx" type="file-name">0052.jpg</name>
            </file>
            <file format="text/plain" id="file.f690873a30d3be5379b9d9084018efe0" langs="und" size="4550" type="plain-text">
              <location>yadda.pack:/archive/bwmeta1.element.id-from-db-book-otworz-ksiazke-28367-slugwiecej_niz_teatr/content/plain-text/0052.txt</location>
              <name lang="und" type="file-name">0052.txt</name>
            </file>
            <name lang="zxx">103-104</name>
          </directory>
          <directory id="page-53" type="multi-type">
            <file format="image/jpg" id="file.ad9055a696ae8b341150f3c29a821104" langs="und" size="628506" type="full-text">
              <location>yadda.pack:/archive/bwmeta1.element.id-from-db-book-otworz-ksiazke-28367-slugwiecej_niz_teatr/content/full-text/0053.jpg</location>
              <name lang="zxx" type="file-name">0053.jpg</name>
            </file>
            <file format="text/plain" id="file.eb0638a833158cd5cbf9589a17114555" langs="und" size="4365" type="plain-text">
              <location>yadda.pack:/archive/bwmeta1.element.id-from-db-book-otworz-ksiazke-28367-slugwiecej_niz_teatr/content/plain-text/0053.txt</location>
              <name lang="und" type="file-name">0053.txt</name>
            </file>
            <name lang="zxx">105-106</name>
          </directory>
          <directory id="page-54" type="multi-type">
            <file format="image/jpg" id="file.0b649ffe48cba63014a295cdadcf26c2" langs="und" size="619817" type="full-text">
              <location>yadda.pack:/archive/bwmeta1.element.id-from-db-book-otworz-ksiazke-28367-slugwiecej_niz_teatr/content/full-text/0054.jpg</location>
              <name lang="zxx" type="file-name">0054.jpg</name>
            </file>
            <file format="text/plain" id="file.a1a33d40ad405c59d6102fd27a252426" langs="und" size="4216" type="plain-text">
              <location>yadda.pack:/archive/bwmeta1.element.id-from-db-book-otworz-ksiazke-28367-slugwiecej_niz_teatr/content/plain-text/0054.txt</location>
              <name lang="und" type="file-name">0054.txt</name>
            </file>
            <name lang="zxx">107-108</name>
          </directory>
          <directory id="page-55" type="multi-type">
            <file format="image/jpg" id="file.bcdc4e70f52e1d75a945b5e16bc1b180" langs="und" size="604632" type="full-text">
              <location>yadda.pack:/archive/bwmeta1.element.id-from-db-book-otworz-ksiazke-28367-slugwiecej_niz_teatr/content/full-text/0055.jpg</location>
              <name lang="zxx" type="file-name">0055.jpg</name>
            </file>
            <file format="text/plain" id="file.123e17590625b235fd5e280601e3ae89" langs="und" size="3934" type="plain-text">
              <location>yadda.pack:/archive/bwmeta1.element.id-from-db-book-otworz-ksiazke-28367-slugwiecej_niz_teatr/content/plain-text/0055.txt</location>
              <name lang="und" type="file-name">0055.txt</name>
            </file>
            <name lang="zxx">109-110</name>
          </directory>
          <directory id="page-56" type="multi-type">
            <file format="image/jpg" id="file.f3df30c6248a5b559745e43e7c9f9459" langs="und" size="584660" type="full-text">
              <location>yadda.pack:/archive/bwmeta1.element.id-from-db-book-otworz-ksiazke-28367-slugwiecej_niz_teatr/content/full-text/0056.jpg</location>
              <name lang="zxx" type="file-name">0056.jpg</name>
            </file>
            <file format="text/plain" id="file.aa04d9f62e778cca02152d164d57275c" langs="und" size="3466" type="plain-text">
              <location>yadda.pack:/archive/bwmeta1.element.id-from-db-book-otworz-ksiazke-28367-slugwiecej_niz_teatr/content/plain-text/0056.txt</location>
              <name lang="und" type="file-name">0056.txt</name>
            </file>
            <name lang="zxx">111-112</name>
          </directory>
          <directory id="page-57" type="multi-type">
            <file format="image/jpg" id="file.8a99db0e78c77671457ef848bad10884" langs="und" size="629035" type="full-text">
              <location>yadda.pack:/archive/bwmeta1.element.id-from-db-book-otworz-ksiazke-28367-slugwiecej_niz_teatr/content/full-text/0057.jpg</location>
              <name lang="zxx" type="file-name">0057.jpg</name>
            </file>
            <file format="text/plain" id="file.41d88ecac99c265b92f5282b359d8ce2" langs="und" size="4516" type="plain-text">
              <location>yadda.pack:/archive/bwmeta1.element.id-from-db-book-otworz-ksiazke-28367-slugwiecej_niz_teatr/content/plain-text/0057.txt</location>
              <name lang="und" type="file-name">0057.txt</name>
            </file>
            <name lang="zxx">113-114</name>
          </directory>
          <directory id="page-58" type="multi-type">
            <file format="image/jpg" id="file.b50371b92c62091691b673cf64c12d9c" langs="und" size="605857" type="full-text">
              <location>yadda.pack:/archive/bwmeta1.element.id-from-db-book-otworz-ksiazke-28367-slugwiecej_niz_teatr/content/full-text/0058.jpg</location>
              <name lang="zxx" type="file-name">0058.jpg</name>
            </file>
            <file format="text/plain" id="file.539867fcc4cd6547969ed2252c2f78ba" langs="und" size="3905" type="plain-text">
              <location>yadda.pack:/archive/bwmeta1.element.id-from-db-book-otworz-ksiazke-28367-slugwiecej_niz_teatr/content/plain-text/0058.txt</location>
              <name lang="und" type="file-name">0058.txt</name>
            </file>
            <name lang="zxx">115-116</name>
          </directory>
          <directory id="page-59" type="multi-type">
            <file format="image/jpg" id="file.96461bb059046e0da90c155fc07780f6" langs="und" size="630768" type="full-text">
              <location>yadda.pack:/archive/bwmeta1.element.id-from-db-book-otworz-ksiazke-28367-slugwiecej_niz_teatr/content/full-text/0059.jpg</location>
              <name lang="zxx" type="file-name">0059.jpg</name>
            </file>
            <file format="text/plain" id="file.9094376c2983bf8423710e38ff710ad9" langs="und" size="4422" type="plain-text">
              <location>yadda.pack:/archive/bwmeta1.element.id-from-db-book-otworz-ksiazke-28367-slugwiecej_niz_teatr/content/plain-text/0059.txt</location>
              <name lang="und" type="file-name">0059.txt</name>
            </file>
            <name lang="zxx">117-118</name>
          </directory>
          <directory id="page-60" type="multi-type">
            <file format="image/jpg" id="file.accd604087b91261699aa4a963a7a1d0" langs="und" size="631310" type="full-text">
              <location>yadda.pack:/archive/bwmeta1.element.id-from-db-book-otworz-ksiazke-28367-slugwiecej_niz_teatr/content/full-text/0060.jpg</location>
              <name lang="zxx" type="file-name">0060.jpg</name>
            </file>
            <file format="text/plain" id="file.5a9f3d9262571eb167c63541377a1ee8" langs="und" size="4556" type="plain-text">
              <location>yadda.pack:/archive/bwmeta1.element.id-from-db-book-otworz-ksiazke-28367-slugwiecej_niz_teatr/content/plain-text/0060.txt</location>
              <name lang="und" type="file-name">0060.txt</name>
            </file>
            <name lang="zxx">119-120</name>
          </directory>
          <directory id="page-61" type="multi-type">
            <file format="image/jpg" id="file.4db8116be9fbe75a74ac3c0962c9a51d" langs="und" size="624715" type="full-text">
              <location>yadda.pack:/archive/bwmeta1.element.id-from-db-book-otworz-ksiazke-28367-slugwiecej_niz_teatr/content/full-text/0061.jpg</location>
              <name lang="zxx" type="file-name">0061.jpg</name>
            </file>
            <file format="text/plain" id="file.74b2aa5480c48c71a977e50c1760a26c" langs="und" size="4534" type="plain-text">
              <location>yadda.pack:/archive/bwmeta1.element.id-from-db-book-otworz-ksiazke-28367-slugwiecej_niz_teatr/content/plain-text/0061.txt</location>
              <name lang="und" type="file-name">0061.txt</name>
            </file>
            <name lang="zxx">121-122</name>
          </directory>
          <directory id="page-62" type="multi-type">
            <file format="image/jpg" id="file.1924b078d10a2e8dcfe3d6bc6d147925" langs="und" size="633330" type="full-text">
              <location>yadda.pack:/archive/bwmeta1.element.id-from-db-book-otworz-ksiazke-28367-slugwiecej_niz_teatr/content/full-text/0062.jpg</location>
              <name lang="zxx" type="file-name">0062.jpg</name>
            </file>
            <file format="text/plain" id="file.2cb7d70c0522a2e3481aca33eceeef5a" langs="und" size="4663" type="plain-text">
              <location>yadda.pack:/archive/bwmeta1.element.id-from-db-book-otworz-ksiazke-28367-slugwiecej_niz_teatr/content/plain-text/0062.txt</location>
              <name lang="und" type="file-name">0062.txt</name>
            </file>
            <name lang="zxx">123-124</name>
          </directory>
          <directory id="page-63" type="multi-type">
            <file format="image/jpg" id="file.7c9378ed4643a451ffea2dfa47720eef" langs="und" size="613011" type="full-text">
              <location>yadda.pack:/archive/bwmeta1.element.id-from-db-book-otworz-ksiazke-28367-slugwiecej_niz_teatr/content/full-text/0063.jpg</location>
              <name lang="zxx" type="file-name">0063.jpg</name>
            </file>
            <file format="text/plain" id="file.9a0547c4906d53f99ae8e7368f838712" langs="und" size="4296" type="plain-text">
              <location>yadda.pack:/archive/bwmeta1.element.id-from-db-book-otworz-ksiazke-28367-slugwiecej_niz_teatr/content/plain-text/0063.txt</location>
              <name lang="und" type="file-name">0063.txt</name>
            </file>
            <name lang="zxx">125-126</name>
          </directory>
          <directory id="page-64" type="multi-type">
            <file format="image/jpg" id="file.30849d70e7be1d61e1e6fba346588d76" langs="und" size="554175" type="full-text">
              <location>yadda.pack:/archive/bwmeta1.element.id-from-db-book-otworz-ksiazke-28367-slugwiecej_niz_teatr/content/full-text/0064.jpg</location>
              <name lang="zxx" type="file-name">0064.jpg</name>
            </file>
            <file format="text/plain" id="file.d91348add340d2bb5112b9064d7635d9" langs="und" size="2799" type="plain-text">
              <location>yadda.pack:/archive/bwmeta1.element.id-from-db-book-otworz-ksiazke-28367-slugwiecej_niz_teatr/content/plain-text/0064.txt</location>
              <name lang="und" type="file-name">0064.txt</name>
            </file>
            <name lang="zxx">127-128</name>
          </directory>
          <name lang="und">Rozdział II</name>
        </directory>
        <directory id="r-5" type="paged">
          <directory id="page-65" type="multi-type">
            <file format="image/jpg" id="file.0240ded9752e41ab319195e30897c0e8" langs="und" size="582328" type="full-text">
              <location>yadda.pack:/archive/bwmeta1.element.id-from-db-book-otworz-ksiazke-28367-slugwiecej_niz_teatr/content/full-text/0065.jpg</location>
              <name lang="zxx" type="file-name">0065.jpg</name>
            </file>
            <file format="text/plain" id="file.b878f51390143b8be8f5536a199ed777" langs="und" size="3602" type="plain-text">
              <location>yadda.pack:/archive/bwmeta1.element.id-from-db-book-otworz-ksiazke-28367-slugwiecej_niz_teatr/content/plain-text/0065.txt</location>
              <name lang="und" type="file-name">0065.txt</name>
            </file>
            <name lang="zxx">129-130</name>
          </directory>
          <directory id="page-66" type="multi-type">
            <file format="image/jpg" id="file.16ad8294360d7da4012f02dda96bdbad" langs="und" size="613933" type="full-text">
              <location>yadda.pack:/archive/bwmeta1.element.id-from-db-book-otworz-ksiazke-28367-slugwiecej_niz_teatr/content/full-text/0066.jpg</location>
              <name lang="zxx" type="file-name">0066.jpg</name>
            </file>
            <file format="text/plain" id="file.7fece5554bc0c1c1ad97e87dbe9c1012" langs="und" size="4339" type="plain-text">
              <location>yadda.pack:/archive/bwmeta1.element.id-from-db-book-otworz-ksiazke-28367-slugwiecej_niz_teatr/content/plain-text/0066.txt</location>
              <name lang="und" type="file-name">0066.txt</name>
            </file>
            <name lang="zxx">131-132</name>
          </directory>
          <directory id="page-67" type="multi-type">
            <file format="image/jpg" id="file.18f7628bfe4486193feaabd1c7dfc19e" langs="und" size="617021" type="full-text">
              <location>yadda.pack:/archive/bwmeta1.element.id-from-db-book-otworz-ksiazke-28367-slugwiecej_niz_teatr/content/full-text/0067.jpg</location>
              <name lang="zxx" type="file-name">0067.jpg</name>
            </file>
            <file format="text/plain" id="file.12ae4a5f5bfe4b6651a73f3852fbdbd8" langs="und" size="4265" type="plain-text">
              <location>yadda.pack:/archive/bwmeta1.element.id-from-db-book-otworz-ksiazke-28367-slugwiecej_niz_teatr/content/plain-text/0067.txt</location>
              <name lang="und" type="file-name">0067.txt</name>
            </file>
            <name lang="zxx">133-134</name>
          </directory>
          <directory id="page-68" type="multi-type">
            <file format="image/jpg" id="file.920b304cb7dcbcba60a36d98619a66f0" langs="und" size="620815" type="full-text">
              <location>yadda.pack:/archive/bwmeta1.element.id-from-db-book-otworz-ksiazke-28367-slugwiecej_niz_teatr/content/full-text/0068.jpg</location>
              <name lang="zxx" type="file-name">0068.jpg</name>
            </file>
            <file format="text/plain" id="file.91b7a7e5437a835bea051e43e26de462" langs="und" size="4479" type="plain-text">
              <location>yadda.pack:/archive/bwmeta1.element.id-from-db-book-otworz-ksiazke-28367-slugwiecej_niz_teatr/content/plain-text/0068.txt</location>
              <name lang="und" type="file-name">0068.txt</name>
            </file>
            <name lang="zxx">135-136</name>
          </directory>
          <directory id="page-69" type="multi-type">
            <file format="image/jpg" id="file.7f98ff1c86625c8a6964091ab53dbba8" langs="und" size="626590" type="full-text">
              <location>yadda.pack:/archive/bwmeta1.element.id-from-db-book-otworz-ksiazke-28367-slugwiecej_niz_teatr/content/full-text/0069.jpg</location>
              <name lang="zxx" type="file-name">0069.jpg</name>
            </file>
            <file format="text/plain" id="file.4b7255c3624cb923ba53ee5a3d46da51" langs="und" size="4436" type="plain-text">
              <location>yadda.pack:/archive/bwmeta1.element.id-from-db-book-otworz-ksiazke-28367-slugwiecej_niz_teatr/content/plain-text/0069.txt</location>
              <name lang="und" type="file-name">0069.txt</name>
            </file>
            <name lang="zxx">137-138</name>
          </directory>
          <directory id="page-70" type="multi-type">
            <file format="image/jpg" id="file.fbe8f0e09766146fdab5bd9baad315dd" langs="und" size="617159" type="full-text">
              <location>yadda.pack:/archive/bwmeta1.element.id-from-db-book-otworz-ksiazke-28367-slugwiecej_niz_teatr/content/full-text/0070.jpg</location>
              <name lang="zxx" type="file-name">0070.jpg</name>
            </file>
            <file format="text/plain" id="file.dbf1a7b5a0e6199efbe017a63b0546e8" langs="und" size="4353" type="plain-text">
              <location>yadda.pack:/archive/bwmeta1.element.id-from-db-book-otworz-ksiazke-28367-slugwiecej_niz_teatr/content/plain-text/0070.txt</location>
              <name lang="und" type="file-name">0070.txt</name>
            </file>
            <name lang="zxx">139-140</name>
          </directory>
          <directory id="page-71" type="multi-type">
            <file format="image/jpg" id="file.789ac5022becc778530d2987707336d8" langs="und" size="625871" type="full-text">
              <location>yadda.pack:/archive/bwmeta1.element.id-from-db-book-otworz-ksiazke-28367-slugwiecej_niz_teatr/content/full-text/0071.jpg</location>
              <name lang="zxx" type="file-name">0071.jpg</name>
            </file>
            <file format="text/plain" id="file.dc29823e4ac984f4748b4250844c82bc" langs="und" size="4374" type="plain-text">
              <location>yadda.pack:/archive/bwmeta1.element.id-from-db-book-otworz-ksiazke-28367-slugwiecej_niz_teatr/content/plain-text/0071.txt</location>
              <name lang="und" type="file-name">0071.txt</name>
            </file>
            <name lang="zxx">141-142</name>
          </directory>
          <directory id="page-72" type="multi-type">
            <file format="image/jpg" id="file.9c612ae78c402ac03f63a4244370b386" langs="und" size="619567" type="full-text">
              <location>yadda.pack:/archive/bwmeta1.element.id-from-db-book-otworz-ksiazke-28367-slugwiecej_niz_teatr/content/full-text/0072.jpg</location>
              <name lang="zxx" type="file-name">0072.jpg</name>
            </file>
            <file format="text/plain" id="file.7b9dfe06d1997be2966135ea6b4f6333" langs="und" size="4213" type="plain-text">
              <location>yadda.pack:/archive/bwmeta1.element.id-from-db-book-otworz-ksiazke-28367-slugwiecej_niz_teatr/content/plain-text/0072.txt</location>
              <name lang="und" type="file-name">0072.txt</name>
            </file>
            <name lang="zxx">143-144</name>
          </directory>
          <directory id="page-73" type="multi-type">
            <file format="image/jpg" id="file.4c415ab5c5133338b4d3b6f716ad44c7" langs="und" size="636497" type="full-text">
              <location>yadda.pack:/archive/bwmeta1.element.id-from-db-book-otworz-ksiazke-28367-slugwiecej_niz_teatr/content/full-text/0073.jpg</location>
              <name lang="zxx" type="file-name">0073.jpg</name>
            </file>
            <file format="text/plain" id="file.075c055c00f7f985488ec29ce5ff72eb" langs="und" size="4518" type="plain-text">
              <location>yadda.pack:/archive/bwmeta1.element.id-from-db-book-otworz-ksiazke-28367-slugwiecej_niz_teatr/content/plain-text/0073.txt</location>
              <name lang="und" type="file-name">0073.txt</name>
            </file>
            <name lang="zxx">145-146</name>
          </directory>
          <directory id="page-74" type="multi-type">
            <file format="image/jpg" id="file.b4764b5b2bbc6f287fdb1f88273e61f3" langs="und" size="623114" type="full-text">
              <location>yadda.pack:/archive/bwmeta1.element.id-from-db-book-otworz-ksiazke-28367-slugwiecej_niz_teatr/content/full-text/0074.jpg</location>
              <name lang="zxx" type="file-name">0074.jpg</name>
            </file>
            <file format="text/plain" id="file.ccb53c67bcdb82138cd52e2df2eb9f15" langs="und" size="4486" type="plain-text">
              <location>yadda.pack:/archive/bwmeta1.element.id-from-db-book-otworz-ksiazke-28367-slugwiecej_niz_teatr/content/plain-text/0074.txt</location>
              <name lang="und" type="file-name">0074.txt</name>
            </file>
            <name lang="zxx">147-148</name>
          </directory>
          <directory id="page-75" type="multi-type">
            <file format="image/jpg" id="file.86240a0a300cfe35cc669ae6007f7ca6" langs="und" size="628483" type="full-text">
              <location>yadda.pack:/archive/bwmeta1.element.id-from-db-book-otworz-ksiazke-28367-slugwiecej_niz_teatr/content/full-text/0075.jpg</location>
              <name lang="zxx" type="file-name">0075.jpg</name>
            </file>
            <file format="text/plain" id="file.8f091b0ff07c9e3744fc84f6d1709d48" langs="und" size="4529" type="plain-text">
              <location>yadda.pack:/archive/bwmeta1.element.id-from-db-book-otworz-ksiazke-28367-slugwiecej_niz_teatr/content/plain-text/0075.txt</location>
              <name lang="und" type="file-name">0075.txt</name>
            </file>
            <name lang="zxx">149-150</name>
          </directory>
          <directory id="page-76" type="multi-type">
            <file format="image/jpg" id="file.24f20afb032ccde06182edd0ca9f6de6" langs="und" size="630010" type="full-text">
              <location>yadda.pack:/archive/bwmeta1.element.id-from-db-book-otworz-ksiazke-28367-slugwiecej_niz_teatr/content/full-text/0076.jpg</location>
              <name lang="zxx" type="file-name">0076.jpg</name>
            </file>
            <file format="text/plain" id="file.492b7f784a783f94226b89a1b735b2ad" langs="und" size="4445" type="plain-text">
              <location>yadda.pack:/archive/bwmeta1.element.id-from-db-book-otworz-ksiazke-28367-slugwiecej_niz_teatr/content/plain-text/0076.txt</location>
              <name lang="und" type="file-name">0076.txt</name>
            </file>
            <name lang="zxx">151-152</name>
          </directory>
          <directory id="page-77" type="multi-type">
            <file format="image/jpg" id="file.411686500c9f4a44ecf81e21341b0492" langs="und" size="629063" type="full-text">
              <location>yadda.pack:/archive/bwmeta1.element.id-from-db-book-otworz-ksiazke-28367-slugwiecej_niz_teatr/content/full-text/0077.jpg</location>
              <name lang="zxx" type="file-name">0077.jpg</name>
            </file>
            <file format="text/plain" id="file.0f119f7a13207e046ad42e8686cc64ea" langs="und" size="4384" type="plain-text">
              <location>yadda.pack:/archive/bwmeta1.element.id-from-db-book-otworz-ksiazke-28367-slugwiecej_niz_teatr/content/plain-text/0077.txt</location>
              <name lang="und" type="file-name">0077.txt</name>
            </file>
            <name lang="zxx">153-154</name>
          </directory>
          <directory id="page-78" type="multi-type">
            <file format="image/jpg" id="file.b4b2c693d83ace4dcccd834c7cc222a8" langs="und" size="627596" type="full-text">
              <location>yadda.pack:/archive/bwmeta1.element.id-from-db-book-otworz-ksiazke-28367-slugwiecej_niz_teatr/content/full-text/0078.jpg</location>
              <name lang="zxx" type="file-name">0078.jpg</name>
            </file>
            <file format="text/plain" id="file.50cba3cd6fdad392f442543ebee1465a" langs="und" size="4390" type="plain-text">
              <location>yadda.pack:/archive/bwmeta1.element.id-from-db-book-otworz-ksiazke-28367-slugwiecej_niz_teatr/content/plain-text/0078.txt</location>
              <name lang="und" type="file-name">0078.txt</name>
            </file>
            <name lang="zxx">155-156</name>
          </directory>
          <directory id="page-79" type="multi-type">
            <file format="image/jpg" id="file.cdc3d7216fcfbb15a1d0f48c1ef2ddbe" langs="und" size="632355" type="full-text">
              <location>yadda.pack:/archive/bwmeta1.element.id-from-db-book-otworz-ksiazke-28367-slugwiecej_niz_teatr/content/full-text/0079.jpg</location>
              <name lang="zxx" type="file-name">0079.jpg</name>
            </file>
            <file format="text/plain" id="file.0e0b3ce5b403c347c1384cc197b0c7f9" langs="und" size="4530" type="plain-text">
              <location>yadda.pack:/archive/bwmeta1.element.id-from-db-book-otworz-ksiazke-28367-slugwiecej_niz_teatr/content/plain-text/0079.txt</location>
              <name lang="und" type="file-name">0079.txt</name>
            </file>
            <name lang="zxx">157-158</name>
          </directory>
          <directory id="page-80" type="multi-type">
            <file format="image/jpg" id="file.163f2d140b72ca2e6b218db4b2f3843b" langs="und" size="637069" type="full-text">
              <location>yadda.pack:/archive/bwmeta1.element.id-from-db-book-otworz-ksiazke-28367-slugwiecej_niz_teatr/content/full-text/0080.jpg</location>
              <name lang="zxx" type="file-name">0080.jpg</name>
            </file>
            <file format="text/plain" id="file.fa22c32f8f60e59a40f2a8807e2a83e5" langs="und" size="4615" type="plain-text">
              <location>yadda.pack:/archive/bwmeta1.element.id-from-db-book-otworz-ksiazke-28367-slugwiecej_niz_teatr/content/plain-text/0080.txt</location>
              <name lang="und" type="file-name">0080.txt</name>
            </file>
            <name lang="zxx">159-160</name>
          </directory>
          <directory id="page-81" type="multi-type">
            <file format="image/jpg" id="file.a9bae9b172521a24ea344a25f5d5534a" langs="und" size="633957" type="full-text">
              <location>yadda.pack:/archive/bwmeta1.element.id-from-db-book-otworz-ksiazke-28367-slugwiecej_niz_teatr/content/full-text/0081.jpg</location>
              <name lang="zxx" type="file-name">0081.jpg</name>
            </file>
            <file format="text/plain" id="file.4e717718f2fc577b86d068f9f9ef62c2" langs="und" size="4379" type="plain-text">
              <location>yadda.pack:/archive/bwmeta1.element.id-from-db-book-otworz-ksiazke-28367-slugwiecej_niz_teatr/content/plain-text/0081.txt</location>
              <name lang="und" type="file-name">0081.txt</name>
            </file>
            <name lang="zxx">161-162</name>
          </directory>
          <directory id="page-82" type="multi-type">
            <file format="image/jpg" id="file.db40e7b7d568fdf7cf2bf0dea01b7bfd" langs="und" size="633150" type="full-text">
              <location>yadda.pack:/archive/bwmeta1.element.id-from-db-book-otworz-ksiazke-28367-slugwiecej_niz_teatr/content/full-text/0082.jpg</location>
              <name lang="zxx" type="file-name">0082.jpg</name>
            </file>
            <file format="text/plain" id="file.6b13a8e0485a25a5cf3361bb033fcc3d" langs="und" size="4424" type="plain-text">
              <location>yadda.pack:/archive/bwmeta1.element.id-from-db-book-otworz-ksiazke-28367-slugwiecej_niz_teatr/content/plain-text/0082.txt</location>
              <name lang="und" type="file-name">0082.txt</name>
            </file>
            <name lang="zxx">163-164</name>
          </directory>
          <directory id="page-83" type="multi-type">
            <file format="image/jpg" id="file.41534f3453eb9a62b945f0125afb49e1" langs="und" size="634706" type="full-text">
              <location>yadda.pack:/archive/bwmeta1.element.id-from-db-book-otworz-ksiazke-28367-slugwiecej_niz_teatr/content/full-text/0083.jpg</location>
              <name lang="zxx" type="file-name">0083.jpg</name>
            </file>
            <file format="text/plain" id="file.b8395f63ac08257e11928e2ae7fa33be" langs="und" size="4472" type="plain-text">
              <location>yadda.pack:/archive/bwmeta1.element.id-from-db-book-otworz-ksiazke-28367-slugwiecej_niz_teatr/content/plain-text/0083.txt</location>
              <name lang="und" type="file-name">0083.txt</name>
            </file>
            <name lang="zxx">165-166</name>
          </directory>
          <directory id="page-84" type="multi-type">
            <file format="image/jpg" id="file.94ac27e0fc26b754f918b70bd08bc56e" langs="und" size="638456" type="full-text">
              <location>yadda.pack:/archive/bwmeta1.element.id-from-db-book-otworz-ksiazke-28367-slugwiecej_niz_teatr/content/full-text/0084.jpg</location>
              <name lang="zxx" type="file-name">0084.jpg</name>
            </file>
            <file format="text/plain" id="file.9b79297ac3bb03445854577fec0afd69" langs="und" size="4637" type="plain-text">
              <location>yadda.pack:/archive/bwmeta1.element.id-from-db-book-otworz-ksiazke-28367-slugwiecej_niz_teatr/content/plain-text/0084.txt</location>
              <name lang="und" type="file-name">0084.txt</name>
            </file>
            <name lang="zxx">167-168</name>
          </directory>
          <directory id="page-85" type="multi-type">
            <file format="image/jpg" id="file.a0b2f5d0a5c907016b60fc5636bc2f93" langs="und" size="640223" type="full-text">
              <location>yadda.pack:/archive/bwmeta1.element.id-from-db-book-otworz-ksiazke-28367-slugwiecej_niz_teatr/content/full-text/0085.jpg</location>
              <name lang="zxx" type="file-name">0085.jpg</name>
            </file>
            <file format="text/plain" id="file.6f4411bbc83147e089937aa322eff5da" langs="und" size="4609" type="plain-text">
              <location>yadda.pack:/archive/bwmeta1.element.id-from-db-book-otworz-ksiazke-28367-slugwiecej_niz_teatr/content/plain-text/0085.txt</location>
              <name lang="und" type="file-name">0085.txt</name>
            </file>
            <name lang="zxx">169-170</name>
          </directory>
          <directory id="page-86" type="multi-type">
            <file format="image/jpg" id="file.9c7595bd8979562072201d696513bff2" langs="und" size="636513" type="full-text">
              <location>yadda.pack:/archive/bwmeta1.element.id-from-db-book-otworz-ksiazke-28367-slugwiecej_niz_teatr/content/full-text/0086.jpg</location>
              <name lang="zxx" type="file-name">0086.jpg</name>
            </file>
            <file format="text/plain" id="file.c263dabb312e830c856c1654e92c3420" langs="und" size="4438" type="plain-text">
              <location>yadda.pack:/archive/bwmeta1.element.id-from-db-book-otworz-ksiazke-28367-slugwiecej_niz_teatr/content/plain-text/0086.txt</location>
              <name lang="und" type="file-name">0086.txt</name>
            </file>
            <name lang="zxx">171-172</name>
          </directory>
          <directory id="page-87" type="multi-type">
            <file format="image/jpg" id="file.a6c1fe08b66065c3ed1ed49e5754be1a" langs="und" size="551320" type="full-text">
              <location>yadda.pack:/archive/bwmeta1.element.id-from-db-book-otworz-ksiazke-28367-slugwiecej_niz_teatr/content/full-text/0087.jpg</location>
              <name lang="zxx" type="file-name">0087.jpg</name>
            </file>
            <file format="text/plain" id="file.8d7a250b2ed1935ebe86f0bff179cff1" langs="und" size="2500" type="plain-text">
              <location>yadda.pack:/archive/bwmeta1.element.id-from-db-book-otworz-ksiazke-28367-slugwiecej_niz_teatr/content/plain-text/0087.txt</location>
              <name lang="und" type="file-name">0087.txt</name>
            </file>
            <name lang="zxx">173-174</name>
          </directory>
          <name lang="und">Rozdział III</name>
        </directory>
        <directory id="r-6" type="paged">
          <directory id="page-88" type="multi-type">
            <file format="image/jpg" id="file.f27d2cd3d9bbb6307651eafc827a4f36" langs="und" size="608943" type="full-text">
              <location>yadda.pack:/archive/bwmeta1.element.id-from-db-book-otworz-ksiazke-28367-slugwiecej_niz_teatr/content/full-text/0088.jpg</location>
              <name lang="zxx" type="file-name">0088.jpg</name>
            </file>
            <file format="text/plain" id="file.e01548becb8c241309f6a61909307778" langs="und" size="3932" type="plain-text">
              <location>yadda.pack:/archive/bwmeta1.element.id-from-db-book-otworz-ksiazke-28367-slugwiecej_niz_teatr/content/plain-text/0088.txt</location>
              <name lang="und" type="file-name">0088.txt</name>
            </file>
            <name lang="zxx">175-176</name>
          </directory>
          <directory id="page-89" type="multi-type">
            <file format="image/jpg" id="file.e1e222e15f0a4221505af3d0771e7361" langs="und" size="634067" type="full-text">
              <location>yadda.pack:/archive/bwmeta1.element.id-from-db-book-otworz-ksiazke-28367-slugwiecej_niz_teatr/content/full-text/0089.jpg</location>
              <name lang="zxx" type="file-name">0089.jpg</name>
            </file>
            <file format="text/plain" id="file.c87204c1c811d925914a744d9c075682" langs="und" size="4420" type="plain-text">
              <location>yadda.pack:/archive/bwmeta1.element.id-from-db-book-otworz-ksiazke-28367-slugwiecej_niz_teatr/content/plain-text/0089.txt</location>
              <name lang="und" type="file-name">0089.txt</name>
            </file>
            <name lang="zxx">177-178</name>
          </directory>
          <directory id="page-90" type="multi-type">
            <file format="image/jpg" id="file.5a550a4ecca2736d069f814e39cb1530" langs="und" size="630017" type="full-text">
              <location>yadda.pack:/archive/bwmeta1.element.id-from-db-book-otworz-ksiazke-28367-slugwiecej_niz_teatr/content/full-text/0090.jpg</location>
              <name lang="zxx" type="file-name">0090.jpg</name>
            </file>
            <file format="text/plain" id="file.7a45c472f8fa7654c78a6ff2c1cd3fac" langs="und" size="4557" type="plain-text">
              <location>yadda.pack:/archive/bwmeta1.element.id-from-db-book-otworz-ksiazke-28367-slugwiecej_niz_teatr/content/plain-text/0090.txt</location>
              <name lang="und" type="file-name">0090.txt</name>
            </file>
            <name lang="zxx">179-180</name>
          </directory>
          <directory id="page-91" type="multi-type">
            <file format="image/jpg" id="file.80186a234236cd4ac59c74e8564a8325" langs="und" size="628220" type="full-text">
              <location>yadda.pack:/archive/bwmeta1.element.id-from-db-book-otworz-ksiazke-28367-slugwiecej_niz_teatr/content/full-text/0091.jpg</location>
              <name lang="zxx" type="file-name">0091.jpg</name>
            </file>
            <file format="text/plain" id="file.f7df7d4fb2824ebfb30f09bf676a39f7" langs="und" size="4457" type="plain-text">
              <location>yadda.pack:/archive/bwmeta1.element.id-from-db-book-otworz-ksiazke-28367-slugwiecej_niz_teatr/content/plain-text/0091.txt</location>
              <name lang="und" type="file-name">0091.txt</name>
            </file>
            <name lang="zxx">181-182</name>
          </directory>
          <directory id="page-92" type="multi-type">
            <file format="image/jpg" id="file.7f090113582cec1249c7d669c167fe39" langs="und" size="615690" type="full-text">
              <location>yadda.pack:/archive/bwmeta1.element.id-from-db-book-otworz-ksiazke-28367-slugwiecej_niz_teatr/content/full-text/0092.jpg</location>
              <name lang="zxx" type="file-name">0092.jpg</name>
            </file>
            <file format="text/plain" id="file.95e77c324c94ba74452cdb26b550811e" langs="und" size="4186" type="plain-text">
              <location>yadda.pack:/archive/bwmeta1.element.id-from-db-book-otworz-ksiazke-28367-slugwiecej_niz_teatr/content/plain-text/0092.txt</location>
              <name lang="und" type="file-name">0092.txt</name>
            </file>
            <name lang="zxx">183-184</name>
          </directory>
          <directory id="page-93" type="multi-type">
            <file format="image/jpg" id="file.39e1a8d29b80a84419725a90ab6a17aa" langs="und" size="625482" type="full-text">
              <location>yadda.pack:/archive/bwmeta1.element.id-from-db-book-otworz-ksiazke-28367-slugwiecej_niz_teatr/content/full-text/0093.jpg</location>
              <name lang="zxx" type="file-name">0093.jpg</name>
            </file>
            <file format="text/plain" id="file.123e7cb613bf52d21d37825d05e2c80e" langs="und" size="4451" type="plain-text">
              <location>yadda.pack:/archive/bwmeta1.element.id-from-db-book-otworz-ksiazke-28367-slugwiecej_niz_teatr/content/plain-text/0093.txt</location>
              <name lang="und" type="file-name">0093.txt</name>
            </file>
            <name lang="zxx">185-186</name>
          </directory>
          <directory id="page-94" type="multi-type">
            <file format="image/jpg" id="file.d8b30d4ceac25797ea6e6d350af8a8cc" langs="und" size="633539" type="full-text">
              <location>yadda.pack:/archive/bwmeta1.element.id-from-db-book-otworz-ksiazke-28367-slugwiecej_niz_teatr/content/full-text/0094.jpg</location>
              <name lang="zxx" type="file-name">0094.jpg</name>
            </file>
            <file format="text/plain" id="file.465cf0b9ba3f88683b9d88fc2414ca32" langs="und" size="4537" type="plain-text">
              <location>yadda.pack:/archive/bwmeta1.element.id-from-db-book-otworz-ksiazke-28367-slugwiecej_niz_teatr/content/plain-text/0094.txt</location>
              <name lang="und" type="file-name">0094.txt</name>
            </file>
            <name lang="zxx">187-188</name>
          </directory>
          <directory id="page-95" type="multi-type">
            <file format="image/jpg" id="file.107044fb8a0fab2c53a0badc465b8819" langs="und" size="620568" type="full-text">
              <location>yadda.pack:/archive/bwmeta1.element.id-from-db-book-otworz-ksiazke-28367-slugwiecej_niz_teatr/content/full-text/0095.jpg</location>
              <name lang="zxx" type="file-name">0095.jpg</name>
            </file>
            <file format="text/plain" id="file.277d4e101ec4a0e8c60e8acbaa4bb702" langs="und" size="4380" type="plain-text">
              <location>yadda.pack:/archive/bwmeta1.element.id-from-db-book-otworz-ksiazke-28367-slugwiecej_niz_teatr/content/plain-text/0095.txt</location>
              <name lang="und" type="file-name">0095.txt</name>
            </file>
            <name lang="zxx">189-190</name>
          </directory>
          <directory id="page-96" type="multi-type">
            <file format="image/jpg" id="file.c0eede45a79a74174985d28b45142008" langs="und" size="635198" type="full-text">
              <location>yadda.pack:/archive/bwmeta1.element.id-from-db-book-otworz-ksiazke-28367-slugwiecej_niz_teatr/content/full-text/0096.jpg</location>
              <name lang="zxx" type="file-name">0096.jpg</name>
            </file>
            <file format="text/plain" id="file.11b5abb8ac456a133ead79cba7275494" langs="und" size="4408" type="plain-text">
              <location>yadda.pack:/archive/bwmeta1.element.id-from-db-book-otworz-ksiazke-28367-slugwiecej_niz_teatr/content/plain-text/0096.txt</location>
              <name lang="und" type="file-name">0096.txt</name>
            </file>
            <name lang="zxx">191-192</name>
          </directory>
          <directory id="page-97" type="multi-type">
            <file format="image/jpg" id="file.121cf2489f9a81d8f39a09a0d0352909" langs="und" size="634385" type="full-text">
              <location>yadda.pack:/archive/bwmeta1.element.id-from-db-book-otworz-ksiazke-28367-slugwiecej_niz_teatr/content/full-text/0097.jpg</location>
              <name lang="zxx" type="file-name">0097.jpg</name>
            </file>
            <file format="text/plain" id="file.2a142e1cb02987f55fb7d358bb688a8e" langs="und" size="4318" type="plain-text">
              <location>yadda.pack:/archive/bwmeta1.element.id-from-db-book-otworz-ksiazke-28367-slugwiecej_niz_teatr/content/plain-text/0097.txt</location>
              <name lang="und" type="file-name">0097.txt</name>
            </file>
            <name lang="zxx">193-194</name>
          </directory>
          <directory id="page-98" type="multi-type">
            <file format="image/jpg" id="file.441bb999b83efdf407867da32ab89193" langs="und" size="630902" type="full-text">
              <location>yadda.pack:/archive/bwmeta1.element.id-from-db-book-otworz-ksiazke-28367-slugwiecej_niz_teatr/content/full-text/0098.jpg</location>
              <name lang="zxx" type="file-name">0098.jpg</name>
            </file>
            <file format="text/plain" id="file.8bb9143fedac7b7141fab8d25eb10c1c" langs="und" size="4229" type="plain-text">
              <location>yadda.pack:/archive/bwmeta1.element.id-from-db-book-otworz-ksiazke-28367-slugwiecej_niz_teatr/content/plain-text/0098.txt</location>
              <name lang="und" type="file-name">0098.txt</name>
            </file>
            <name lang="zxx">195-196</name>
          </directory>
          <directory id="page-99" type="multi-type">
            <file format="image/jpg" id="file.745da0de36f82ed8cbaef4d3089128e6" langs="und" size="636184" type="full-text">
              <location>yadda.pack:/archive/bwmeta1.element.id-from-db-book-otworz-ksiazke-28367-slugwiecej_niz_teatr/content/full-text/0099.jpg</location>
              <name lang="zxx" type="file-name">0099.jpg</name>
            </file>
            <file format="text/plain" id="file.5e0b9fcfb0a9f656cc45ef0da5b6aeaa" langs="und" size="4410" type="plain-text">
              <location>yadda.pack:/archive/bwmeta1.element.id-from-db-book-otworz-ksiazke-28367-slugwiecej_niz_teatr/content/plain-text/0099.txt</location>
              <name lang="und" type="file-name">0099.txt</name>
            </file>
            <name lang="zxx">197-198</name>
          </directory>
          <directory id="page-100" type="multi-type">
            <file format="image/jpg" id="file.c5f2b1de7dcb19a01cbe16f0bf6286e7" langs="und" size="658249" type="full-text">
              <location>yadda.pack:/archive/bwmeta1.element.id-from-db-book-otworz-ksiazke-28367-slugwiecej_niz_teatr/content/full-text/0100.jpg</location>
              <name lang="zxx" type="file-name">0100.jpg</name>
            </file>
            <file format="text/plain" id="file.9f3e4a13ecf6c57573913b1cc18d9710" langs="und" size="4718" type="plain-text">
              <location>yadda.pack:/archive/bwmeta1.element.id-from-db-book-otworz-ksiazke-28367-slugwiecej_niz_teatr/content/plain-text/0100.txt</location>
              <name lang="und" type="file-name">0100.txt</name>
            </file>
            <name lang="zxx">199-200</name>
          </directory>
          <directory id="page-101" type="multi-type">
            <file format="image/jpg" id="file.8392de7916d7697133a3c00ed95c336e" langs="und" size="634092" type="full-text">
              <location>yadda.pack:/archive/bwmeta1.element.id-from-db-book-otworz-ksiazke-28367-slugwiecej_niz_teatr/content/full-text/0101.jpg</location>
              <name lang="zxx" type="file-name">0101.jpg</name>
            </file>
            <file format="text/plain" id="file.950ccae75130817bd57fd0cda6617ef2" langs="und" size="4016" type="plain-text">
              <location>yadda.pack:/archive/bwmeta1.element.id-from-db-book-otworz-ksiazke-28367-slugwiecej_niz_teatr/content/plain-text/0101.txt</location>
              <name lang="und" type="file-name">0101.txt</name>
            </file>
            <name lang="zxx">201-202</name>
          </directory>
          <name lang="und">Rozdział IV</name>
        </directory>
        <directory id="r-7" type="paged">
          <directory id="page-102" type="multi-type">
            <file format="image/jpg" id="file.489eb87e587c8385c23b9f36a7e93c81" langs="und" size="624128" type="full-text">
              <location>yadda.pack:/archive/bwmeta1.element.id-from-db-book-otworz-ksiazke-28367-slugwiecej_niz_teatr/content/full-text/0102.jpg</location>
              <name lang="zxx" type="file-name">0102.jpg</name>
            </file>
            <file format="text/plain" id="file.78ee42a7be149a0775d351155a7e7e5b" langs="und" size="3843" type="plain-text">
              <location>yadda.pack:/archive/bwmeta1.element.id-from-db-book-otworz-ksiazke-28367-slugwiecej_niz_teatr/content/plain-text/0102.txt</location>
              <name lang="und" type="file-name">0102.txt</name>
            </file>
            <name lang="zxx">203-204</name>
          </directory>
          <directory id="page-103" type="multi-type">
            <file format="image/jpg" id="file.d4e271452d837d454788b811c03c7f81" langs="und" size="652658" type="full-text">
              <location>yadda.pack:/archive/bwmeta1.element.id-from-db-book-otworz-ksiazke-28367-slugwiecej_niz_teatr/content/full-text/0103.jpg</location>
              <name lang="zxx" type="file-name">0103.jpg</name>
            </file>
            <file format="text/plain" id="file.51c65922a616ccde2d973369a3244f82" langs="und" size="4611" type="plain-text">
              <location>yadda.pack:/archive/bwmeta1.element.id-from-db-book-otworz-ksiazke-28367-slugwiecej_niz_teatr/content/plain-text/0103.txt</location>
              <name lang="und" type="file-name">0103.txt</name>
            </file>
            <name lang="zxx">205-206</name>
          </directory>
          <directory id="page-104" type="multi-type">
            <file format="image/jpg" id="file.d9746ed0e5c231941520eeb82ce7f425" langs="und" size="549696" type="full-text">
              <location>yadda.pack:/archive/bwmeta1.element.id-from-db-book-otworz-ksiazke-28367-slugwiecej_niz_teatr/content/full-text/0104.jpg</location>
              <name lang="zxx" type="file-name">0104.jpg</name>
            </file>
            <file format="text/plain" id="file.155877b761fd2bcaa558248355885803" langs="und" size="2917" type="plain-text">
              <location>yadda.pack:/archive/bwmeta1.element.id-from-db-book-otworz-ksiazke-28367-slugwiecej_niz_teatr/content/plain-text/0104.txt</location>
              <name lang="und" type="file-name">0104.txt</name>
            </file>
            <name lang="zxx">207-208</name>
          </directory>
          <name lang="und">Zakończenie</name>
        </directory>
      </directory>
    </directory>
  </contents>
  <contributor institution="false" role="author">
    <identity ref="bwmeta1.person.id-from-db-authors-otworz-ksiazke-185-slug-aldona_jawlowska" />
    <name lang="und" type="canonical">Aldona Jawłowska</name>
    <name lang="und" type="surname">Jawłowska</name>
    <name lang="und" type="forename">Aldona</name>
  </contributor>
  <id scheme="bwmeta1.id-class.otworz-ksiazke-db-id" value="28367" />
  <id scheme="bwmeta1.id-class.otworz-ksiazke-db-slug" value="wiecej_niz_teatr" />
  <name lang="und">Więcej niż teatr</name>
  <structure hierarchy="bwmeta1.hierarchy-class.hierarchy_Book">
    <ancestor level="bwmeta1.level.hierarchy_Book_Publisher" identity="bwmeta1.element.id-from-db-publisher-otworz-ksiazke-26">
      <name lang="und">Państwowy Instytut Wydawniczy</name>
    </ancestor>
    <current level="bwmeta1.level.hierarchy_Book_Book" />
  </structure>
  <tags lang="und" type="License">
    <tag>pełna</tag>
  </tags>
  <tags lang="und" type="keyword">
    <tag>socjologia</tag>
    <tag>kulturoznawstwo</tag>
    <tag>teatr</tag>
  </tags>
</element>

