<?xml version="1.0" encoding="UTF-8"?>
<element xmlns="http://yadda.icm.edu.pl/bwmeta-2.0.0.xsd" id="bwmeta1.element.id-from-db-book-otworz-ksiazke-28317-slugczas_w_spoleczenstwie">
  <attribute key="source-id">
    <value>czas_w_spoleczenstwie</value>
  </attribute>
  <contents>
    <file format="image/jpeg" id="file.28d0448660b84df7e7df7a8f2e030c2c" langs="und" size="78114" type="cover">
      <location>yadda.pack:/archive/bwmeta1.element.id-from-db-book-otworz-ksiazke-28317-slugczas_w_spoleczenstwie/content/cover/okladka.jpg</location>
      <name lang="zxx" type="file-name">okladka.jpg</name>
    </file>
    <directory id="full-content" type="multi-type">
      <file format="application/pdf" id="file.9a82075f9083986b4eaab1bb141f35c1" langs="und" size="2572176" type="full-text">
        <location>yadda.pack:/archive/bwmeta1.element.id-from-db-book-otworz-ksiazke-28317-slugczas_w_spoleczenstwie/content/full-text/czas_w_spoleczenstwie.pdf</location>
        <name lang="zxx" type="file-name">czas_w_spoleczenstwie.pdf</name>
      </file>
      <directory id="chaptered-content-dir" type="directory">
        <directory id="r-1" type="paged">
          <directory id="page-1" type="multi-type">
            <file format="image/jpg" id="file.f61215b54d59c98a985e33b1d2e7df68" langs="und" size="403176" type="full-text">
              <location>yadda.pack:/archive/bwmeta1.element.id-from-db-book-otworz-ksiazke-28317-slugczas_w_spoleczenstwie/content/full-text/0001.jpg</location>
              <name lang="zxx" type="file-name">0001.jpg</name>
            </file>
            <file format="text/plain" id="file.7c970a9a24321a63feb6f7389aa2d70d" langs="und" size="282" type="plain-text">
              <location>yadda.pack:/archive/bwmeta1.element.id-from-db-book-otworz-ksiazke-28317-slugczas_w_spoleczenstwie/content/plain-text/0001.txt</location>
              <name lang="und" type="file-name">0001.txt</name>
            </file>
            <name lang="zxx">1-2</name>
          </directory>
        </directory>
        <directory id="r-2" type="paged">
          <directory id="page-2" type="multi-type">
            <file format="image/jpg" id="file.865025d66354bdc2dbb4387f56b43c37" langs="und" size="480939" type="full-text">
              <location>yadda.pack:/archive/bwmeta1.element.id-from-db-book-otworz-ksiazke-28317-slugczas_w_spoleczenstwie/content/full-text/0002.jpg</location>
              <name lang="zxx" type="file-name">0002.jpg</name>
            </file>
            <file format="text/plain" id="file.98e274ab541f05649bebdc035260cf93" langs="und" size="2015" type="plain-text">
              <location>yadda.pack:/archive/bwmeta1.element.id-from-db-book-otworz-ksiazke-28317-slugczas_w_spoleczenstwie/content/plain-text/0002.txt</location>
              <name lang="und" type="file-name">0002.txt</name>
            </file>
            <name lang="zxx">3-4</name>
          </directory>
          <directory id="page-3" type="multi-type">
            <file format="image/jpg" id="file.aa288fa2cd1257a0e30833b6373e30b4" langs="und" size="579845" type="full-text">
              <location>yadda.pack:/archive/bwmeta1.element.id-from-db-book-otworz-ksiazke-28317-slugczas_w_spoleczenstwie/content/full-text/0003.jpg</location>
              <name lang="zxx" type="file-name">0003.jpg</name>
            </file>
            <file format="text/plain" id="file.4c68e8d9c1ef6d5bc9cde9ffa5750cae" langs="und" size="5944" type="plain-text">
              <location>yadda.pack:/archive/bwmeta1.element.id-from-db-book-otworz-ksiazke-28317-slugczas_w_spoleczenstwie/content/plain-text/0003.txt</location>
              <name lang="und" type="file-name">0003.txt</name>
            </file>
            <name lang="zxx">5-6</name>
          </directory>
          <directory id="page-4" type="multi-type">
            <file format="image/jpg" id="file.87de61ca915f619db40bd1c2c73e23f3" langs="und" size="590180" type="full-text">
              <location>yadda.pack:/archive/bwmeta1.element.id-from-db-book-otworz-ksiazke-28317-slugczas_w_spoleczenstwie/content/full-text/0004.jpg</location>
              <name lang="zxx" type="file-name">0004.jpg</name>
            </file>
            <file format="text/plain" id="file.ab6a1eeb6b0de6e70d59485976a13b2d" langs="und" size="5619" type="plain-text">
              <location>yadda.pack:/archive/bwmeta1.element.id-from-db-book-otworz-ksiazke-28317-slugczas_w_spoleczenstwie/content/plain-text/0004.txt</location>
              <name lang="und" type="file-name">0004.txt</name>
            </file>
            <name lang="zxx">7-8</name>
          </directory>
          <directory id="page-5" type="multi-type">
            <file format="image/jpg" id="file.e3c7359155e17fc8605ebe944272d4de" langs="und" size="541996" type="full-text">
              <location>yadda.pack:/archive/bwmeta1.element.id-from-db-book-otworz-ksiazke-28317-slugczas_w_spoleczenstwie/content/full-text/0005.jpg</location>
              <name lang="zxx" type="file-name">0005.jpg</name>
            </file>
            <file format="text/plain" id="file.f5f576c2a9e8dd84e742f2ab143ec25f" langs="und" size="5400" type="plain-text">
              <location>yadda.pack:/archive/bwmeta1.element.id-from-db-book-otworz-ksiazke-28317-slugczas_w_spoleczenstwie/content/plain-text/0005.txt</location>
              <name lang="und" type="file-name">0005.txt</name>
            </file>
            <name lang="zxx">9-10</name>
          </directory>
          <directory id="page-6" type="multi-type">
            <file format="image/jpg" id="file.826f124d7c9ca7bb4a5b6687595b93c6" langs="und" size="538943" type="full-text">
              <location>yadda.pack:/archive/bwmeta1.element.id-from-db-book-otworz-ksiazke-28317-slugczas_w_spoleczenstwie/content/full-text/0006.jpg</location>
              <name lang="zxx" type="file-name">0006.jpg</name>
            </file>
            <file format="text/plain" id="file.2f015c831bd7a0ffd5bce9444f8b8707" langs="und" size="5542" type="plain-text">
              <location>yadda.pack:/archive/bwmeta1.element.id-from-db-book-otworz-ksiazke-28317-slugczas_w_spoleczenstwie/content/plain-text/0006.txt</location>
              <name lang="und" type="file-name">0006.txt</name>
            </file>
            <name lang="zxx">11-12</name>
          </directory>
          <directory id="page-7" type="multi-type">
            <file format="image/jpg" id="file.035b143e06eca5d97530ad9cedba7e00" langs="und" size="540098" type="full-text">
              <location>yadda.pack:/archive/bwmeta1.element.id-from-db-book-otworz-ksiazke-28317-slugczas_w_spoleczenstwie/content/full-text/0007.jpg</location>
              <name lang="zxx" type="file-name">0007.jpg</name>
            </file>
            <file format="text/plain" id="file.11bd85447648d8bd73b2d896c74cf7d6" langs="und" size="5555" type="plain-text">
              <location>yadda.pack:/archive/bwmeta1.element.id-from-db-book-otworz-ksiazke-28317-slugczas_w_spoleczenstwie/content/plain-text/0007.txt</location>
              <name lang="und" type="file-name">0007.txt</name>
            </file>
            <name lang="zxx">13-14</name>
          </directory>
          <directory id="page-8" type="multi-type">
            <file format="image/jpg" id="file.47f498ffa4de817742d91a28430d77b0" langs="und" size="534597" type="full-text">
              <location>yadda.pack:/archive/bwmeta1.element.id-from-db-book-otworz-ksiazke-28317-slugczas_w_spoleczenstwie/content/full-text/0008.jpg</location>
              <name lang="zxx" type="file-name">0008.jpg</name>
            </file>
            <file format="text/plain" id="file.3718539c341a8b700af0cfa240c0ccc8" langs="und" size="5316" type="plain-text">
              <location>yadda.pack:/archive/bwmeta1.element.id-from-db-book-otworz-ksiazke-28317-slugczas_w_spoleczenstwie/content/plain-text/0008.txt</location>
              <name lang="und" type="file-name">0008.txt</name>
            </file>
            <name lang="zxx">15-16</name>
          </directory>
          <directory id="page-9" type="multi-type">
            <file format="image/jpg" id="file.6f128958d888d04f0818e7630c169151" langs="und" size="544397" type="full-text">
              <location>yadda.pack:/archive/bwmeta1.element.id-from-db-book-otworz-ksiazke-28317-slugczas_w_spoleczenstwie/content/full-text/0009.jpg</location>
              <name lang="zxx" type="file-name">0009.jpg</name>
            </file>
            <file format="text/plain" id="file.628b30b3d4ae8b274544db661e99cebf" langs="und" size="5888" type="plain-text">
              <location>yadda.pack:/archive/bwmeta1.element.id-from-db-book-otworz-ksiazke-28317-slugczas_w_spoleczenstwie/content/plain-text/0009.txt</location>
              <name lang="und" type="file-name">0009.txt</name>
            </file>
            <name lang="zxx">17-18</name>
          </directory>
          <directory id="page-10" type="multi-type">
            <file format="image/jpg" id="file.bf7987fad4ed8e84ca16ba0472b9cbc2" langs="und" size="496149" type="full-text">
              <location>yadda.pack:/archive/bwmeta1.element.id-from-db-book-otworz-ksiazke-28317-slugczas_w_spoleczenstwie/content/full-text/0010.jpg</location>
              <name lang="zxx" type="file-name">0010.jpg</name>
            </file>
            <file format="text/plain" id="file.3856a5e816219095d37bc774b16c6a40" langs="und" size="3569" type="plain-text">
              <location>yadda.pack:/archive/bwmeta1.element.id-from-db-book-otworz-ksiazke-28317-slugczas_w_spoleczenstwie/content/plain-text/0010.txt</location>
              <name lang="und" type="file-name">0010.txt</name>
            </file>
            <name lang="zxx">19-20</name>
          </directory>
          <name lang="und">Czas w społeczeństwie - temat znany i nieznany</name>
        </directory>
        <directory id="r-3" type="paged">
          <directory id="page-11" type="multi-type">
            <file format="image/jpg" id="file.d342a86dadfaf8a2445b9a40f6f651ca" langs="und" size="542822" type="full-text">
              <location>yadda.pack:/archive/bwmeta1.element.id-from-db-book-otworz-ksiazke-28317-slugczas_w_spoleczenstwie/content/full-text/0011.jpg</location>
              <name lang="zxx" type="file-name">0011.jpg</name>
            </file>
            <file format="text/plain" id="file.e6b249aa7edc1522c1583319369da693" langs="und" size="5874" type="plain-text">
              <location>yadda.pack:/archive/bwmeta1.element.id-from-db-book-otworz-ksiazke-28317-slugczas_w_spoleczenstwie/content/plain-text/0011.txt</location>
              <name lang="und" type="file-name">0011.txt</name>
            </file>
            <name lang="zxx">21-22</name>
          </directory>
          <directory id="page-12" type="multi-type">
            <file format="image/jpg" id="file.16e9b930dabca88969d624f122518a03" langs="und" size="535630" type="full-text">
              <location>yadda.pack:/archive/bwmeta1.element.id-from-db-book-otworz-ksiazke-28317-slugczas_w_spoleczenstwie/content/full-text/0012.jpg</location>
              <name lang="zxx" type="file-name">0012.jpg</name>
            </file>
            <file format="text/plain" id="file.0e0e6211fa2b34fbd3d7b7dbb7563e5a" langs="und" size="5174" type="plain-text">
              <location>yadda.pack:/archive/bwmeta1.element.id-from-db-book-otworz-ksiazke-28317-slugczas_w_spoleczenstwie/content/plain-text/0012.txt</location>
              <name lang="und" type="file-name">0012.txt</name>
            </file>
            <name lang="zxx">23-24</name>
          </directory>
          <directory id="page-13" type="multi-type">
            <file format="image/jpg" id="file.8034944880161482b4a5f6afa0f0480c" langs="und" size="547847" type="full-text">
              <location>yadda.pack:/archive/bwmeta1.element.id-from-db-book-otworz-ksiazke-28317-slugczas_w_spoleczenstwie/content/full-text/0013.jpg</location>
              <name lang="zxx" type="file-name">0013.jpg</name>
            </file>
            <file format="text/plain" id="file.1bfe00c33c69422518fc9602f06d1aab" langs="und" size="5530" type="plain-text">
              <location>yadda.pack:/archive/bwmeta1.element.id-from-db-book-otworz-ksiazke-28317-slugczas_w_spoleczenstwie/content/plain-text/0013.txt</location>
              <name lang="und" type="file-name">0013.txt</name>
            </file>
            <name lang="zxx">25-26</name>
          </directory>
          <directory id="page-14" type="multi-type">
            <file format="image/jpg" id="file.f2f3e897ab235a21ed759014c19d6a67" langs="und" size="541128" type="full-text">
              <location>yadda.pack:/archive/bwmeta1.element.id-from-db-book-otworz-ksiazke-28317-slugczas_w_spoleczenstwie/content/full-text/0014.jpg</location>
              <name lang="zxx" type="file-name">0014.jpg</name>
            </file>
            <file format="text/plain" id="file.5a9b710701c8ad55b3cfe2cbf9bf4e43" langs="und" size="5405" type="plain-text">
              <location>yadda.pack:/archive/bwmeta1.element.id-from-db-book-otworz-ksiazke-28317-slugczas_w_spoleczenstwie/content/plain-text/0014.txt</location>
              <name lang="und" type="file-name">0014.txt</name>
            </file>
            <name lang="zxx">27-28</name>
          </directory>
          <directory id="page-15" type="multi-type">
            <file format="image/jpg" id="file.6d9a1332065597a870f2d939b9aca267" langs="und" size="543635" type="full-text">
              <location>yadda.pack:/archive/bwmeta1.element.id-from-db-book-otworz-ksiazke-28317-slugczas_w_spoleczenstwie/content/full-text/0015.jpg</location>
              <name lang="zxx" type="file-name">0015.jpg</name>
            </file>
            <file format="text/plain" id="file.affd099918e357c1d63fafd9b1406768" langs="und" size="5680" type="plain-text">
              <location>yadda.pack:/archive/bwmeta1.element.id-from-db-book-otworz-ksiazke-28317-slugczas_w_spoleczenstwie/content/plain-text/0015.txt</location>
              <name lang="und" type="file-name">0015.txt</name>
            </file>
            <name lang="zxx">29-30</name>
          </directory>
          <directory id="page-16" type="multi-type">
            <file format="image/jpg" id="file.99d066fd4c3cd024aa1fb8f4f55c6db1" langs="und" size="546342" type="full-text">
              <location>yadda.pack:/archive/bwmeta1.element.id-from-db-book-otworz-ksiazke-28317-slugczas_w_spoleczenstwie/content/full-text/0016.jpg</location>
              <name lang="zxx" type="file-name">0016.jpg</name>
            </file>
            <file format="text/plain" id="file.5399669be573312bdb67ecc04b11b2c5" langs="und" size="5620" type="plain-text">
              <location>yadda.pack:/archive/bwmeta1.element.id-from-db-book-otworz-ksiazke-28317-slugczas_w_spoleczenstwie/content/plain-text/0016.txt</location>
              <name lang="und" type="file-name">0016.txt</name>
            </file>
            <name lang="zxx">31-32</name>
          </directory>
          <directory id="page-17" type="multi-type">
            <file format="image/jpg" id="file.ca5bcdee10f7021c90f74de7b0f05689" langs="und" size="554905" type="full-text">
              <location>yadda.pack:/archive/bwmeta1.element.id-from-db-book-otworz-ksiazke-28317-slugczas_w_spoleczenstwie/content/full-text/0017.jpg</location>
              <name lang="zxx" type="file-name">0017.jpg</name>
            </file>
            <file format="text/plain" id="file.3efc38f6350a7c43c1573d67d0b4e647" langs="und" size="5576" type="plain-text">
              <location>yadda.pack:/archive/bwmeta1.element.id-from-db-book-otworz-ksiazke-28317-slugczas_w_spoleczenstwie/content/plain-text/0017.txt</location>
              <name lang="und" type="file-name">0017.txt</name>
            </file>
            <name lang="zxx">33-34</name>
          </directory>
          <directory id="page-18" type="multi-type">
            <file format="image/jpg" id="file.20f3582d83afd84d4d505c01064f6ed6" langs="und" size="556407" type="full-text">
              <location>yadda.pack:/archive/bwmeta1.element.id-from-db-book-otworz-ksiazke-28317-slugczas_w_spoleczenstwie/content/full-text/0018.jpg</location>
              <name lang="zxx" type="file-name">0018.jpg</name>
            </file>
            <file format="text/plain" id="file.4489fd3f81c097cbefe529baa305e87e" langs="und" size="6014" type="plain-text">
              <location>yadda.pack:/archive/bwmeta1.element.id-from-db-book-otworz-ksiazke-28317-slugczas_w_spoleczenstwie/content/plain-text/0018.txt</location>
              <name lang="und" type="file-name">0018.txt</name>
            </file>
            <name lang="zxx">35-36</name>
          </directory>
          <directory id="page-19" type="multi-type">
            <file format="image/jpg" id="file.e52ae262c233630c2133d40b7e8a07c9" langs="und" size="552776" type="full-text">
              <location>yadda.pack:/archive/bwmeta1.element.id-from-db-book-otworz-ksiazke-28317-slugczas_w_spoleczenstwie/content/full-text/0019.jpg</location>
              <name lang="zxx" type="file-name">0019.jpg</name>
            </file>
            <file format="text/plain" id="file.7e2f359639ba834b3cffe2054b8a5983" langs="und" size="5233" type="plain-text">
              <location>yadda.pack:/archive/bwmeta1.element.id-from-db-book-otworz-ksiazke-28317-slugczas_w_spoleczenstwie/content/plain-text/0019.txt</location>
              <name lang="und" type="file-name">0019.txt</name>
            </file>
            <name lang="zxx">37-38</name>
          </directory>
          <directory id="page-20" type="multi-type">
            <file format="image/jpg" id="file.e901bb37167a722453333b4ac009c2d2" langs="und" size="555377" type="full-text">
              <location>yadda.pack:/archive/bwmeta1.element.id-from-db-book-otworz-ksiazke-28317-slugczas_w_spoleczenstwie/content/full-text/0020.jpg</location>
              <name lang="zxx" type="file-name">0020.jpg</name>
            </file>
            <file format="text/plain" id="file.ff058e34ae104c5b30824bfeb0f6fe8d" langs="und" size="5658" type="plain-text">
              <location>yadda.pack:/archive/bwmeta1.element.id-from-db-book-otworz-ksiazke-28317-slugczas_w_spoleczenstwie/content/plain-text/0020.txt</location>
              <name lang="und" type="file-name">0020.txt</name>
            </file>
            <name lang="zxx">39-40</name>
          </directory>
          <directory id="page-21" type="multi-type">
            <file format="image/jpg" id="file.fcb2ae5675123f16d506e955eec5e43e" langs="und" size="555788" type="full-text">
              <location>yadda.pack:/archive/bwmeta1.element.id-from-db-book-otworz-ksiazke-28317-slugczas_w_spoleczenstwie/content/full-text/0021.jpg</location>
              <name lang="zxx" type="file-name">0021.jpg</name>
            </file>
            <file format="text/plain" id="file.ba988255cf71f9291f57816dd7ecbfdc" langs="und" size="5403" type="plain-text">
              <location>yadda.pack:/archive/bwmeta1.element.id-from-db-book-otworz-ksiazke-28317-slugczas_w_spoleczenstwie/content/plain-text/0021.txt</location>
              <name lang="und" type="file-name">0021.txt</name>
            </file>
            <name lang="zxx">41-42</name>
          </directory>
          <directory id="page-22" type="multi-type">
            <file format="image/jpg" id="file.b37963b6eafd196f79a638ae01461c5b" langs="und" size="558469" type="full-text">
              <location>yadda.pack:/archive/bwmeta1.element.id-from-db-book-otworz-ksiazke-28317-slugczas_w_spoleczenstwie/content/full-text/0022.jpg</location>
              <name lang="zxx" type="file-name">0022.jpg</name>
            </file>
            <file format="text/plain" id="file.6bc9ae5cf524bf99cfd234153250f63c" langs="und" size="5870" type="plain-text">
              <location>yadda.pack:/archive/bwmeta1.element.id-from-db-book-otworz-ksiazke-28317-slugczas_w_spoleczenstwie/content/plain-text/0022.txt</location>
              <name lang="und" type="file-name">0022.txt</name>
            </file>
            <name lang="zxx">43-44</name>
          </directory>
          <directory id="page-23" type="multi-type">
            <file format="image/jpg" id="file.666339694c90e46768090ea59c37cf96" langs="und" size="544848" type="full-text">
              <location>yadda.pack:/archive/bwmeta1.element.id-from-db-book-otworz-ksiazke-28317-slugczas_w_spoleczenstwie/content/full-text/0023.jpg</location>
              <name lang="zxx" type="file-name">0023.jpg</name>
            </file>
            <file format="text/plain" id="file.8acd548aa12d0e287f3e68570394c5c4" langs="und" size="5435" type="plain-text">
              <location>yadda.pack:/archive/bwmeta1.element.id-from-db-book-otworz-ksiazke-28317-slugczas_w_spoleczenstwie/content/plain-text/0023.txt</location>
              <name lang="und" type="file-name">0023.txt</name>
            </file>
            <name lang="zxx">45-46</name>
          </directory>
          <directory id="page-24" type="multi-type">
            <file format="image/jpg" id="file.6a3561c22535b89163f6aa641074e3d5" langs="und" size="546449" type="full-text">
              <location>yadda.pack:/archive/bwmeta1.element.id-from-db-book-otworz-ksiazke-28317-slugczas_w_spoleczenstwie/content/full-text/0024.jpg</location>
              <name lang="zxx" type="file-name">0024.jpg</name>
            </file>
            <file format="text/plain" id="file.f8ba24e4110bb86c36724481c051ef16" langs="und" size="5388" type="plain-text">
              <location>yadda.pack:/archive/bwmeta1.element.id-from-db-book-otworz-ksiazke-28317-slugczas_w_spoleczenstwie/content/plain-text/0024.txt</location>
              <name lang="und" type="file-name">0024.txt</name>
            </file>
            <name lang="zxx">47-48</name>
          </directory>
          <directory id="page-25" type="multi-type">
            <file format="image/jpg" id="file.48e6959d189a4f11f3f3b700607f9b8f" langs="und" size="551017" type="full-text">
              <location>yadda.pack:/archive/bwmeta1.element.id-from-db-book-otworz-ksiazke-28317-slugczas_w_spoleczenstwie/content/full-text/0025.jpg</location>
              <name lang="zxx" type="file-name">0025.jpg</name>
            </file>
            <file format="text/plain" id="file.e335bfc8892ef75835d1b1034076ff0a" langs="und" size="5719" type="plain-text">
              <location>yadda.pack:/archive/bwmeta1.element.id-from-db-book-otworz-ksiazke-28317-slugczas_w_spoleczenstwie/content/plain-text/0025.txt</location>
              <name lang="und" type="file-name">0025.txt</name>
            </file>
            <name lang="zxx">49-50</name>
          </directory>
          <directory id="page-26" type="multi-type">
            <file format="image/jpg" id="file.c0a4e0060794706e7a33269e1e51268b" langs="und" size="544235" type="full-text">
              <location>yadda.pack:/archive/bwmeta1.element.id-from-db-book-otworz-ksiazke-28317-slugczas_w_spoleczenstwie/content/full-text/0026.jpg</location>
              <name lang="zxx" type="file-name">0026.jpg</name>
            </file>
            <file format="text/plain" id="file.6ae2fe96c713fac316beef30256578d6" langs="und" size="5291" type="plain-text">
              <location>yadda.pack:/archive/bwmeta1.element.id-from-db-book-otworz-ksiazke-28317-slugczas_w_spoleczenstwie/content/plain-text/0026.txt</location>
              <name lang="und" type="file-name">0026.txt</name>
            </file>
            <name lang="zxx">51-52</name>
          </directory>
          <directory id="page-27" type="multi-type">
            <file format="image/jpg" id="file.f9314cd6b83c42633a56e81e444c66cc" langs="und" size="548364" type="full-text">
              <location>yadda.pack:/archive/bwmeta1.element.id-from-db-book-otworz-ksiazke-28317-slugczas_w_spoleczenstwie/content/full-text/0027.jpg</location>
              <name lang="zxx" type="file-name">0027.jpg</name>
            </file>
            <file format="text/plain" id="file.227379e7df3d38cd0da6260ba04cd659" langs="und" size="5321" type="plain-text">
              <location>yadda.pack:/archive/bwmeta1.element.id-from-db-book-otworz-ksiazke-28317-slugczas_w_spoleczenstwie/content/plain-text/0027.txt</location>
              <name lang="und" type="file-name">0027.txt</name>
            </file>
            <name lang="zxx">53-54</name>
          </directory>
          <directory id="page-28" type="multi-type">
            <file format="image/jpg" id="file.7b92629ab2c4eea5cee325c80dc94e3d" langs="und" size="543495" type="full-text">
              <location>yadda.pack:/archive/bwmeta1.element.id-from-db-book-otworz-ksiazke-28317-slugczas_w_spoleczenstwie/content/full-text/0028.jpg</location>
              <name lang="zxx" type="file-name">0028.jpg</name>
            </file>
            <file format="text/plain" id="file.bf6cde4068cddad578b11c25c1ace8f8" langs="und" size="5534" type="plain-text">
              <location>yadda.pack:/archive/bwmeta1.element.id-from-db-book-otworz-ksiazke-28317-slugczas_w_spoleczenstwie/content/plain-text/0028.txt</location>
              <name lang="und" type="file-name">0028.txt</name>
            </file>
            <name lang="zxx">55-56</name>
          </directory>
          <directory id="page-29" type="multi-type">
            <file format="image/jpg" id="file.25a7ca8adf5fca5f275d8ac6ca047610" langs="und" size="546568" type="full-text">
              <location>yadda.pack:/archive/bwmeta1.element.id-from-db-book-otworz-ksiazke-28317-slugczas_w_spoleczenstwie/content/full-text/0029.jpg</location>
              <name lang="zxx" type="file-name">0029.jpg</name>
            </file>
            <file format="text/plain" id="file.b6f3c6e25e65f435550543dc6f6a15c7" langs="und" size="5293" type="plain-text">
              <location>yadda.pack:/archive/bwmeta1.element.id-from-db-book-otworz-ksiazke-28317-slugczas_w_spoleczenstwie/content/plain-text/0029.txt</location>
              <name lang="und" type="file-name">0029.txt</name>
            </file>
            <name lang="zxx">57-58</name>
          </directory>
          <directory id="page-30" type="multi-type">
            <file format="image/jpg" id="file.27572cc5ba3fbc622311a2a9727ecb29" langs="und" size="539818" type="full-text">
              <location>yadda.pack:/archive/bwmeta1.element.id-from-db-book-otworz-ksiazke-28317-slugczas_w_spoleczenstwie/content/full-text/0030.jpg</location>
              <name lang="zxx" type="file-name">0030.jpg</name>
            </file>
            <file format="text/plain" id="file.1106771fc156a75b390f42164d386737" langs="und" size="5285" type="plain-text">
              <location>yadda.pack:/archive/bwmeta1.element.id-from-db-book-otworz-ksiazke-28317-slugczas_w_spoleczenstwie/content/plain-text/0030.txt</location>
              <name lang="und" type="file-name">0030.txt</name>
            </file>
            <name lang="zxx">59-60</name>
          </directory>
          <directory id="page-31" type="multi-type">
            <file format="image/jpg" id="file.4eb8e339e9089471036ddbf9fb5b703a" langs="und" size="550887" type="full-text">
              <location>yadda.pack:/archive/bwmeta1.element.id-from-db-book-otworz-ksiazke-28317-slugczas_w_spoleczenstwie/content/full-text/0031.jpg</location>
              <name lang="zxx" type="file-name">0031.jpg</name>
            </file>
            <file format="text/plain" id="file.cbb49714031492f244c71a2b814d2ce3" langs="und" size="5515" type="plain-text">
              <location>yadda.pack:/archive/bwmeta1.element.id-from-db-book-otworz-ksiazke-28317-slugczas_w_spoleczenstwie/content/plain-text/0031.txt</location>
              <name lang="und" type="file-name">0031.txt</name>
            </file>
            <name lang="zxx">61-62</name>
          </directory>
          <directory id="page-32" type="multi-type">
            <file format="image/jpg" id="file.5e21b52c4557f27311531149d23c42b3" langs="und" size="543767" type="full-text">
              <location>yadda.pack:/archive/bwmeta1.element.id-from-db-book-otworz-ksiazke-28317-slugczas_w_spoleczenstwie/content/full-text/0032.jpg</location>
              <name lang="zxx" type="file-name">0032.jpg</name>
            </file>
            <file format="text/plain" id="file.d629f7774c03c3daeacc12502cd38c13" langs="und" size="5498" type="plain-text">
              <location>yadda.pack:/archive/bwmeta1.element.id-from-db-book-otworz-ksiazke-28317-slugczas_w_spoleczenstwie/content/plain-text/0032.txt</location>
              <name lang="und" type="file-name">0032.txt</name>
            </file>
            <name lang="zxx">63-64</name>
          </directory>
          <directory id="page-33" type="multi-type">
            <file format="image/jpg" id="file.aa9e5bc537e08c1f7d0a9e87096870dc" langs="und" size="554290" type="full-text">
              <location>yadda.pack:/archive/bwmeta1.element.id-from-db-book-otworz-ksiazke-28317-slugczas_w_spoleczenstwie/content/full-text/0033.jpg</location>
              <name lang="zxx" type="file-name">0033.jpg</name>
            </file>
            <file format="text/plain" id="file.6b45c7e37f24e1acc78543e1991987dd" langs="und" size="5483" type="plain-text">
              <location>yadda.pack:/archive/bwmeta1.element.id-from-db-book-otworz-ksiazke-28317-slugczas_w_spoleczenstwie/content/plain-text/0033.txt</location>
              <name lang="und" type="file-name">0033.txt</name>
            </file>
            <name lang="zxx">65-66</name>
          </directory>
          <directory id="page-34" type="multi-type">
            <file format="image/jpg" id="file.ae20a8dd0057ecd799e64e2ce7ba8efa" langs="und" size="538436" type="full-text">
              <location>yadda.pack:/archive/bwmeta1.element.id-from-db-book-otworz-ksiazke-28317-slugczas_w_spoleczenstwie/content/full-text/0034.jpg</location>
              <name lang="zxx" type="file-name">0034.jpg</name>
            </file>
            <file format="text/plain" id="file.02fe57ae08501434b0ef1ad47cde2214" langs="und" size="5814" type="plain-text">
              <location>yadda.pack:/archive/bwmeta1.element.id-from-db-book-otworz-ksiazke-28317-slugczas_w_spoleczenstwie/content/plain-text/0034.txt</location>
              <name lang="und" type="file-name">0034.txt</name>
            </file>
            <name lang="zxx">67-68</name>
          </directory>
          <directory id="page-35" type="multi-type">
            <file format="image/jpg" id="file.922be603ed9e067fa83e1deb1c86766a" langs="und" size="539413" type="full-text">
              <location>yadda.pack:/archive/bwmeta1.element.id-from-db-book-otworz-ksiazke-28317-slugczas_w_spoleczenstwie/content/full-text/0035.jpg</location>
              <name lang="zxx" type="file-name">0035.jpg</name>
            </file>
            <file format="text/plain" id="file.590f770df2355e7fe6ca22e8ed1edb87" langs="und" size="4870" type="plain-text">
              <location>yadda.pack:/archive/bwmeta1.element.id-from-db-book-otworz-ksiazke-28317-slugczas_w_spoleczenstwie/content/plain-text/0035.txt</location>
              <name lang="und" type="file-name">0035.txt</name>
            </file>
            <name lang="zxx">69-70</name>
          </directory>
          <name lang="und">Kulturowe odmiany czasu</name>
        </directory>
        <directory id="r-4" type="paged">
          <directory id="page-36" type="multi-type">
            <file format="image/jpg" id="file.bbeb21965b99027c1203eea5c260e9b3" langs="und" size="527919" type="full-text">
              <location>yadda.pack:/archive/bwmeta1.element.id-from-db-book-otworz-ksiazke-28317-slugczas_w_spoleczenstwie/content/full-text/0036.jpg</location>
              <name lang="zxx" type="file-name">0036.jpg</name>
            </file>
            <file format="text/plain" id="file.78089978d05253571e10636d520d5b18" langs="und" size="5254" type="plain-text">
              <location>yadda.pack:/archive/bwmeta1.element.id-from-db-book-otworz-ksiazke-28317-slugczas_w_spoleczenstwie/content/plain-text/0036.txt</location>
              <name lang="und" type="file-name">0036.txt</name>
            </file>
            <name lang="zxx">71-72</name>
          </directory>
          <directory id="page-37" type="multi-type">
            <file format="image/jpg" id="file.f63685fe509c483e70d38500504b0b60" langs="und" size="544949" type="full-text">
              <location>yadda.pack:/archive/bwmeta1.element.id-from-db-book-otworz-ksiazke-28317-slugczas_w_spoleczenstwie/content/full-text/0037.jpg</location>
              <name lang="zxx" type="file-name">0037.jpg</name>
            </file>
            <file format="text/plain" id="file.1dd5fa53a97dd7bf1b8b67b83500df38" langs="und" size="5412" type="plain-text">
              <location>yadda.pack:/archive/bwmeta1.element.id-from-db-book-otworz-ksiazke-28317-slugczas_w_spoleczenstwie/content/plain-text/0037.txt</location>
              <name lang="und" type="file-name">0037.txt</name>
            </file>
            <name lang="zxx">73-74</name>
          </directory>
          <directory id="page-38" type="multi-type">
            <file format="image/jpg" id="file.bacca965f90bd9f84dd9d90240433221" langs="und" size="549970" type="full-text">
              <location>yadda.pack:/archive/bwmeta1.element.id-from-db-book-otworz-ksiazke-28317-slugczas_w_spoleczenstwie/content/full-text/0038.jpg</location>
              <name lang="zxx" type="file-name">0038.jpg</name>
            </file>
            <file format="text/plain" id="file.e868399088d5038e9d270ce00d0d3155" langs="und" size="5274" type="plain-text">
              <location>yadda.pack:/archive/bwmeta1.element.id-from-db-book-otworz-ksiazke-28317-slugczas_w_spoleczenstwie/content/plain-text/0038.txt</location>
              <name lang="und" type="file-name">0038.txt</name>
            </file>
            <name lang="zxx">75-76</name>
          </directory>
          <directory id="page-39" type="multi-type">
            <file format="image/jpg" id="file.2462d84e70df6871eeebc0e70a22ef20" langs="und" size="542225" type="full-text">
              <location>yadda.pack:/archive/bwmeta1.element.id-from-db-book-otworz-ksiazke-28317-slugczas_w_spoleczenstwie/content/full-text/0039.jpg</location>
              <name lang="zxx" type="file-name">0039.jpg</name>
            </file>
            <file format="text/plain" id="file.08eb79665a41667eff29f0dead11de10" langs="und" size="5344" type="plain-text">
              <location>yadda.pack:/archive/bwmeta1.element.id-from-db-book-otworz-ksiazke-28317-slugczas_w_spoleczenstwie/content/plain-text/0039.txt</location>
              <name lang="und" type="file-name">0039.txt</name>
            </file>
            <name lang="zxx">77-78</name>
          </directory>
          <directory id="page-40" type="multi-type">
            <file format="image/jpg" id="file.1c5c571faa45393b11e447fc55219db7" langs="und" size="547873" type="full-text">
              <location>yadda.pack:/archive/bwmeta1.element.id-from-db-book-otworz-ksiazke-28317-slugczas_w_spoleczenstwie/content/full-text/0040.jpg</location>
              <name lang="zxx" type="file-name">0040.jpg</name>
            </file>
            <file format="text/plain" id="file.c824b3258603aed0ca88d593fe523649" langs="und" size="5151" type="plain-text">
              <location>yadda.pack:/archive/bwmeta1.element.id-from-db-book-otworz-ksiazke-28317-slugczas_w_spoleczenstwie/content/plain-text/0040.txt</location>
              <name lang="und" type="file-name">0040.txt</name>
            </file>
            <name lang="zxx">79-80</name>
          </directory>
          <directory id="page-41" type="multi-type">
            <file format="image/jpg" id="file.2c0e5059f911a415582465bc40d8a35b" langs="und" size="541324" type="full-text">
              <location>yadda.pack:/archive/bwmeta1.element.id-from-db-book-otworz-ksiazke-28317-slugczas_w_spoleczenstwie/content/full-text/0041.jpg</location>
              <name lang="zxx" type="file-name">0041.jpg</name>
            </file>
            <file format="text/plain" id="file.e7c905837589958d186238bdd759a92d" langs="und" size="5276" type="plain-text">
              <location>yadda.pack:/archive/bwmeta1.element.id-from-db-book-otworz-ksiazke-28317-slugczas_w_spoleczenstwie/content/plain-text/0041.txt</location>
              <name lang="und" type="file-name">0041.txt</name>
            </file>
            <name lang="zxx">81-82</name>
          </directory>
          <directory id="page-42" type="multi-type">
            <file format="image/jpg" id="file.af48f33a959f45150a6643150b845a0f" langs="und" size="543436" type="full-text">
              <location>yadda.pack:/archive/bwmeta1.element.id-from-db-book-otworz-ksiazke-28317-slugczas_w_spoleczenstwie/content/full-text/0042.jpg</location>
              <name lang="zxx" type="file-name">0042.jpg</name>
            </file>
            <file format="text/plain" id="file.c6c43cfe8b55395ab1b2ab096b2deab3" langs="und" size="5549" type="plain-text">
              <location>yadda.pack:/archive/bwmeta1.element.id-from-db-book-otworz-ksiazke-28317-slugczas_w_spoleczenstwie/content/plain-text/0042.txt</location>
              <name lang="und" type="file-name">0042.txt</name>
            </file>
            <name lang="zxx">83-84</name>
          </directory>
          <directory id="page-43" type="multi-type">
            <file format="image/jpg" id="file.d5e89d008fae51046cba1cda3f2d5de5" langs="und" size="542228" type="full-text">
              <location>yadda.pack:/archive/bwmeta1.element.id-from-db-book-otworz-ksiazke-28317-slugczas_w_spoleczenstwie/content/full-text/0043.jpg</location>
              <name lang="zxx" type="file-name">0043.jpg</name>
            </file>
            <file format="text/plain" id="file.855523be177783456ab735dbb69bcdf6" langs="und" size="5618" type="plain-text">
              <location>yadda.pack:/archive/bwmeta1.element.id-from-db-book-otworz-ksiazke-28317-slugczas_w_spoleczenstwie/content/plain-text/0043.txt</location>
              <name lang="und" type="file-name">0043.txt</name>
            </file>
            <name lang="zxx">85-86</name>
          </directory>
          <directory id="page-44" type="multi-type">
            <file format="image/jpg" id="file.ec1d44a5414c49c9c101b1c9b1f73a5a" langs="und" size="537734" type="full-text">
              <location>yadda.pack:/archive/bwmeta1.element.id-from-db-book-otworz-ksiazke-28317-slugczas_w_spoleczenstwie/content/full-text/0044.jpg</location>
              <name lang="zxx" type="file-name">0044.jpg</name>
            </file>
            <file format="text/plain" id="file.d4e02b92c323d28561c45f697874246a" langs="und" size="5528" type="plain-text">
              <location>yadda.pack:/archive/bwmeta1.element.id-from-db-book-otworz-ksiazke-28317-slugczas_w_spoleczenstwie/content/plain-text/0044.txt</location>
              <name lang="und" type="file-name">0044.txt</name>
            </file>
            <name lang="zxx">87-88</name>
          </directory>
          <directory id="page-45" type="multi-type">
            <file format="image/jpg" id="file.b738b54783ffd64b5523dcff7052175c" langs="und" size="539081" type="full-text">
              <location>yadda.pack:/archive/bwmeta1.element.id-from-db-book-otworz-ksiazke-28317-slugczas_w_spoleczenstwie/content/full-text/0045.jpg</location>
              <name lang="zxx" type="file-name">0045.jpg</name>
            </file>
            <file format="text/plain" id="file.bdec22296f8777f0cd58374bad6ff0b4" langs="und" size="5324" type="plain-text">
              <location>yadda.pack:/archive/bwmeta1.element.id-from-db-book-otworz-ksiazke-28317-slugczas_w_spoleczenstwie/content/plain-text/0045.txt</location>
              <name lang="und" type="file-name">0045.txt</name>
            </file>
            <name lang="zxx">89-90</name>
          </directory>
          <directory id="page-46" type="multi-type">
            <file format="image/jpg" id="file.f6cfb8e42c6e79aa82984d41fb0e2af7" langs="und" size="540547" type="full-text">
              <location>yadda.pack:/archive/bwmeta1.element.id-from-db-book-otworz-ksiazke-28317-slugczas_w_spoleczenstwie/content/full-text/0046.jpg</location>
              <name lang="zxx" type="file-name">0046.jpg</name>
            </file>
            <file format="text/plain" id="file.8ca30b70320522936a526376ed6fbfec" langs="und" size="5407" type="plain-text">
              <location>yadda.pack:/archive/bwmeta1.element.id-from-db-book-otworz-ksiazke-28317-slugczas_w_spoleczenstwie/content/plain-text/0046.txt</location>
              <name lang="und" type="file-name">0046.txt</name>
            </file>
            <name lang="zxx">91-92</name>
          </directory>
          <directory id="page-47" type="multi-type">
            <file format="image/jpg" id="file.1279d4e4e49c70f2aa05ec1fcda10be3" langs="und" size="539386" type="full-text">
              <location>yadda.pack:/archive/bwmeta1.element.id-from-db-book-otworz-ksiazke-28317-slugczas_w_spoleczenstwie/content/full-text/0047.jpg</location>
              <name lang="zxx" type="file-name">0047.jpg</name>
            </file>
            <file format="text/plain" id="file.792add90bccef7df5c56f619067e08db" langs="und" size="5196" type="plain-text">
              <location>yadda.pack:/archive/bwmeta1.element.id-from-db-book-otworz-ksiazke-28317-slugczas_w_spoleczenstwie/content/plain-text/0047.txt</location>
              <name lang="und" type="file-name">0047.txt</name>
            </file>
            <name lang="zxx">93-94</name>
          </directory>
          <directory id="page-48" type="multi-type">
            <file format="image/jpg" id="file.5dcf19fd3d8691bcd754fc7c36ad2c05" langs="und" size="535623" type="full-text">
              <location>yadda.pack:/archive/bwmeta1.element.id-from-db-book-otworz-ksiazke-28317-slugczas_w_spoleczenstwie/content/full-text/0048.jpg</location>
              <name lang="zxx" type="file-name">0048.jpg</name>
            </file>
            <file format="text/plain" id="file.4286561fbef2ea70520617fb19767151" langs="und" size="5454" type="plain-text">
              <location>yadda.pack:/archive/bwmeta1.element.id-from-db-book-otworz-ksiazke-28317-slugczas_w_spoleczenstwie/content/plain-text/0048.txt</location>
              <name lang="und" type="file-name">0048.txt</name>
            </file>
            <name lang="zxx">95-96</name>
          </directory>
          <directory id="page-49" type="multi-type">
            <file format="image/jpg" id="file.465d256e3ff1bcaa5de813531c44409d" langs="und" size="543557" type="full-text">
              <location>yadda.pack:/archive/bwmeta1.element.id-from-db-book-otworz-ksiazke-28317-slugczas_w_spoleczenstwie/content/full-text/0049.jpg</location>
              <name lang="zxx" type="file-name">0049.jpg</name>
            </file>
            <file format="text/plain" id="file.9be2b1f174b06f3e82f3f40c3597c6af" langs="und" size="5272" type="plain-text">
              <location>yadda.pack:/archive/bwmeta1.element.id-from-db-book-otworz-ksiazke-28317-slugczas_w_spoleczenstwie/content/plain-text/0049.txt</location>
              <name lang="und" type="file-name">0049.txt</name>
            </file>
            <name lang="zxx">97-98</name>
          </directory>
          <directory id="page-50" type="multi-type">
            <file format="image/jpg" id="file.3fcb2280403becb6c41220226acad2a5" langs="und" size="541684" type="full-text">
              <location>yadda.pack:/archive/bwmeta1.element.id-from-db-book-otworz-ksiazke-28317-slugczas_w_spoleczenstwie/content/full-text/0050.jpg</location>
              <name lang="zxx" type="file-name">0050.jpg</name>
            </file>
            <file format="text/plain" id="file.d38edfd6dc05212acd6737a6152471cf" langs="und" size="5165" type="plain-text">
              <location>yadda.pack:/archive/bwmeta1.element.id-from-db-book-otworz-ksiazke-28317-slugczas_w_spoleczenstwie/content/plain-text/0050.txt</location>
              <name lang="und" type="file-name">0050.txt</name>
            </file>
            <name lang="zxx">99-100</name>
          </directory>
          <directory id="page-51" type="multi-type">
            <file format="image/jpg" id="file.ecd604e5a6587b1466e2b9a99575e47f" langs="und" size="541712" type="full-text">
              <location>yadda.pack:/archive/bwmeta1.element.id-from-db-book-otworz-ksiazke-28317-slugczas_w_spoleczenstwie/content/full-text/0051.jpg</location>
              <name lang="zxx" type="file-name">0051.jpg</name>
            </file>
            <file format="text/plain" id="file.8acbee2881ec8da00223aac89f7d23ae" langs="und" size="5323" type="plain-text">
              <location>yadda.pack:/archive/bwmeta1.element.id-from-db-book-otworz-ksiazke-28317-slugczas_w_spoleczenstwie/content/plain-text/0051.txt</location>
              <name lang="und" type="file-name">0051.txt</name>
            </file>
            <name lang="zxx">101-102</name>
          </directory>
          <directory id="page-52" type="multi-type">
            <file format="image/jpg" id="file.0566b7f5409155e3f38fb27bb8f33347" langs="und" size="539805" type="full-text">
              <location>yadda.pack:/archive/bwmeta1.element.id-from-db-book-otworz-ksiazke-28317-slugczas_w_spoleczenstwie/content/full-text/0052.jpg</location>
              <name lang="zxx" type="file-name">0052.jpg</name>
            </file>
            <file format="text/plain" id="file.7adaad483b9e2f4561bc5a99d51acb03" langs="und" size="5358" type="plain-text">
              <location>yadda.pack:/archive/bwmeta1.element.id-from-db-book-otworz-ksiazke-28317-slugczas_w_spoleczenstwie/content/plain-text/0052.txt</location>
              <name lang="und" type="file-name">0052.txt</name>
            </file>
            <name lang="zxx">103-104</name>
          </directory>
          <directory id="page-53" type="multi-type">
            <file format="image/jpg" id="file.24083759365147aad7d3f97561a218ac" langs="und" size="542396" type="full-text">
              <location>yadda.pack:/archive/bwmeta1.element.id-from-db-book-otworz-ksiazke-28317-slugczas_w_spoleczenstwie/content/full-text/0053.jpg</location>
              <name lang="zxx" type="file-name">0053.jpg</name>
            </file>
            <file format="text/plain" id="file.f406df65ed2ad9c0d482d220e8c1a4b4" langs="und" size="5273" type="plain-text">
              <location>yadda.pack:/archive/bwmeta1.element.id-from-db-book-otworz-ksiazke-28317-slugczas_w_spoleczenstwie/content/plain-text/0053.txt</location>
              <name lang="und" type="file-name">0053.txt</name>
            </file>
            <name lang="zxx">105-106</name>
          </directory>
          <directory id="page-54" type="multi-type">
            <file format="image/jpg" id="file.82b19865b4c24b58f5f2702b493d9cfe" langs="und" size="538288" type="full-text">
              <location>yadda.pack:/archive/bwmeta1.element.id-from-db-book-otworz-ksiazke-28317-slugczas_w_spoleczenstwie/content/full-text/0054.jpg</location>
              <name lang="zxx" type="file-name">0054.jpg</name>
            </file>
            <file format="text/plain" id="file.0d9cf87578d5232a3bec9abde76b23a0" langs="und" size="5322" type="plain-text">
              <location>yadda.pack:/archive/bwmeta1.element.id-from-db-book-otworz-ksiazke-28317-slugczas_w_spoleczenstwie/content/plain-text/0054.txt</location>
              <name lang="und" type="file-name">0054.txt</name>
            </file>
            <name lang="zxx">107-108</name>
          </directory>
          <directory id="page-55" type="multi-type">
            <file format="image/jpg" id="file.88209e0690ba9393ae2e6d5c8f161354" langs="und" size="541276" type="full-text">
              <location>yadda.pack:/archive/bwmeta1.element.id-from-db-book-otworz-ksiazke-28317-slugczas_w_spoleczenstwie/content/full-text/0055.jpg</location>
              <name lang="zxx" type="file-name">0055.jpg</name>
            </file>
            <file format="text/plain" id="file.4d41a6492e9167fcedd695b4d63dc2ab" langs="und" size="5516" type="plain-text">
              <location>yadda.pack:/archive/bwmeta1.element.id-from-db-book-otworz-ksiazke-28317-slugczas_w_spoleczenstwie/content/plain-text/0055.txt</location>
              <name lang="und" type="file-name">0055.txt</name>
            </file>
            <name lang="zxx">109-110</name>
          </directory>
          <directory id="page-56" type="multi-type">
            <file format="image/jpg" id="file.3013a90eac4eedd83908290f22522067" langs="und" size="533440" type="full-text">
              <location>yadda.pack:/archive/bwmeta1.element.id-from-db-book-otworz-ksiazke-28317-slugczas_w_spoleczenstwie/content/full-text/0056.jpg</location>
              <name lang="zxx" type="file-name">0056.jpg</name>
            </file>
            <file format="text/plain" id="file.cc683049284362e3f55b1598f50647bf" langs="und" size="5209" type="plain-text">
              <location>yadda.pack:/archive/bwmeta1.element.id-from-db-book-otworz-ksiazke-28317-slugczas_w_spoleczenstwie/content/plain-text/0056.txt</location>
              <name lang="und" type="file-name">0056.txt</name>
            </file>
            <name lang="zxx">111-112</name>
          </directory>
          <directory id="page-57" type="multi-type">
            <file format="image/jpg" id="file.1c3a99d3fe87bbe4b5f158668975e071" langs="und" size="545137" type="full-text">
              <location>yadda.pack:/archive/bwmeta1.element.id-from-db-book-otworz-ksiazke-28317-slugczas_w_spoleczenstwie/content/full-text/0057.jpg</location>
              <name lang="zxx" type="file-name">0057.jpg</name>
            </file>
            <file format="text/plain" id="file.ca4f5d33189959d14f94ff8cb6abeb69" langs="und" size="5690" type="plain-text">
              <location>yadda.pack:/archive/bwmeta1.element.id-from-db-book-otworz-ksiazke-28317-slugczas_w_spoleczenstwie/content/plain-text/0057.txt</location>
              <name lang="und" type="file-name">0057.txt</name>
            </file>
            <name lang="zxx">113-114</name>
          </directory>
          <directory id="page-58" type="multi-type">
            <file format="image/jpg" id="file.e86dc4541cc5549c7443be8a7d0a2d99" langs="und" size="501171" type="full-text">
              <location>yadda.pack:/archive/bwmeta1.element.id-from-db-book-otworz-ksiazke-28317-slugczas_w_spoleczenstwie/content/full-text/0058.jpg</location>
              <name lang="zxx" type="file-name">0058.jpg</name>
            </file>
            <file format="text/plain" id="file.d3a73b5692c5602f8f4768a3487446f5" langs="und" size="4380" type="plain-text">
              <location>yadda.pack:/archive/bwmeta1.element.id-from-db-book-otworz-ksiazke-28317-slugczas_w_spoleczenstwie/content/plain-text/0058.txt</location>
              <name lang="und" type="file-name">0058.txt</name>
            </file>
            <name lang="zxx">115-116</name>
          </directory>
          <name lang="und">Kierunki i tradycje socjologicznych analiz czasu</name>
        </directory>
        <directory id="r-5" type="paged">
          <directory id="page-59" type="multi-type">
            <file format="image/jpg" id="file.3d46c3f39009993f4789920fbfbeac2e" langs="und" size="533577" type="full-text">
              <location>yadda.pack:/archive/bwmeta1.element.id-from-db-book-otworz-ksiazke-28317-slugczas_w_spoleczenstwie/content/full-text/0059.jpg</location>
              <name lang="zxx" type="file-name">0059.jpg</name>
            </file>
            <file format="text/plain" id="file.2f4c573fa904c86bf369722eaed36252" langs="und" size="5348" type="plain-text">
              <location>yadda.pack:/archive/bwmeta1.element.id-from-db-book-otworz-ksiazke-28317-slugczas_w_spoleczenstwie/content/plain-text/0059.txt</location>
              <name lang="und" type="file-name">0059.txt</name>
            </file>
            <name lang="zxx">117-118</name>
          </directory>
          <directory id="page-60" type="multi-type">
            <file format="image/jpg" id="file.5fb6f1d71dfc23dabb7b43e5cd6129d5" langs="und" size="528849" type="full-text">
              <location>yadda.pack:/archive/bwmeta1.element.id-from-db-book-otworz-ksiazke-28317-slugczas_w_spoleczenstwie/content/full-text/0060.jpg</location>
              <name lang="zxx" type="file-name">0060.jpg</name>
            </file>
            <file format="text/plain" id="file.4b43f8abc4b04c6372476c12ee0410ec" langs="und" size="5566" type="plain-text">
              <location>yadda.pack:/archive/bwmeta1.element.id-from-db-book-otworz-ksiazke-28317-slugczas_w_spoleczenstwie/content/plain-text/0060.txt</location>
              <name lang="und" type="file-name">0060.txt</name>
            </file>
            <name lang="zxx">119-120</name>
          </directory>
          <directory id="page-61" type="multi-type">
            <file format="image/jpg" id="file.6afa5c5478b57be45116e4fc1583f297" langs="und" size="528682" type="full-text">
              <location>yadda.pack:/archive/bwmeta1.element.id-from-db-book-otworz-ksiazke-28317-slugczas_w_spoleczenstwie/content/full-text/0061.jpg</location>
              <name lang="zxx" type="file-name">0061.jpg</name>
            </file>
            <file format="text/plain" id="file.fc4e126a144d782079f298d2a26818ac" langs="und" size="5171" type="plain-text">
              <location>yadda.pack:/archive/bwmeta1.element.id-from-db-book-otworz-ksiazke-28317-slugczas_w_spoleczenstwie/content/plain-text/0061.txt</location>
              <name lang="und" type="file-name">0061.txt</name>
            </file>
            <name lang="zxx">121-122</name>
          </directory>
          <directory id="page-62" type="multi-type">
            <file format="image/jpg" id="file.df4b540fbb2d724f4fec0db9d8415a9f" langs="und" size="524946" type="full-text">
              <location>yadda.pack:/archive/bwmeta1.element.id-from-db-book-otworz-ksiazke-28317-slugczas_w_spoleczenstwie/content/full-text/0062.jpg</location>
              <name lang="zxx" type="file-name">0062.jpg</name>
            </file>
            <file format="text/plain" id="file.6c3aac58e06a8ef2c5cde8f0416bdf5f" langs="und" size="5365" type="plain-text">
              <location>yadda.pack:/archive/bwmeta1.element.id-from-db-book-otworz-ksiazke-28317-slugczas_w_spoleczenstwie/content/plain-text/0062.txt</location>
              <name lang="und" type="file-name">0062.txt</name>
            </file>
            <name lang="zxx">123-124</name>
          </directory>
          <directory id="page-63" type="multi-type">
            <file format="image/jpg" id="file.32e8cade53d877d1c054bd7a80e3f5c2" langs="und" size="524598" type="full-text">
              <location>yadda.pack:/archive/bwmeta1.element.id-from-db-book-otworz-ksiazke-28317-slugczas_w_spoleczenstwie/content/full-text/0063.jpg</location>
              <name lang="zxx" type="file-name">0063.jpg</name>
            </file>
            <file format="text/plain" id="file.e26bfa73aaf4e4f7bb635771c718fe3f" langs="und" size="4956" type="plain-text">
              <location>yadda.pack:/archive/bwmeta1.element.id-from-db-book-otworz-ksiazke-28317-slugczas_w_spoleczenstwie/content/plain-text/0063.txt</location>
              <name lang="und" type="file-name">0063.txt</name>
            </file>
            <name lang="zxx">125-126</name>
          </directory>
          <directory id="page-64" type="multi-type">
            <file format="image/jpg" id="file.0d400bd68504cd2b5bd5ef311c648588" langs="und" size="527469" type="full-text">
              <location>yadda.pack:/archive/bwmeta1.element.id-from-db-book-otworz-ksiazke-28317-slugczas_w_spoleczenstwie/content/full-text/0064.jpg</location>
              <name lang="zxx" type="file-name">0064.jpg</name>
            </file>
            <file format="text/plain" id="file.6b7921e0e93971dc9fa7b9b959512166" langs="und" size="5719" type="plain-text">
              <location>yadda.pack:/archive/bwmeta1.element.id-from-db-book-otworz-ksiazke-28317-slugczas_w_spoleczenstwie/content/plain-text/0064.txt</location>
              <name lang="und" type="file-name">0064.txt</name>
            </file>
            <name lang="zxx">127-128</name>
          </directory>
          <directory id="page-65" type="multi-type">
            <file format="image/jpg" id="file.43a4c4897d1c34b9d203dfe9b6814208" langs="und" size="536671" type="full-text">
              <location>yadda.pack:/archive/bwmeta1.element.id-from-db-book-otworz-ksiazke-28317-slugczas_w_spoleczenstwie/content/full-text/0065.jpg</location>
              <name lang="zxx" type="file-name">0065.jpg</name>
            </file>
            <file format="text/plain" id="file.0a952c5705a5d2db927dd694ff7e1727" langs="und" size="5446" type="plain-text">
              <location>yadda.pack:/archive/bwmeta1.element.id-from-db-book-otworz-ksiazke-28317-slugczas_w_spoleczenstwie/content/plain-text/0065.txt</location>
              <name lang="und" type="file-name">0065.txt</name>
            </file>
            <name lang="zxx">129-130</name>
          </directory>
          <directory id="page-66" type="multi-type">
            <file format="image/jpg" id="file.ce1536e36b673b68758f8a5b33685651" langs="und" size="517139" type="full-text">
              <location>yadda.pack:/archive/bwmeta1.element.id-from-db-book-otworz-ksiazke-28317-slugczas_w_spoleczenstwie/content/full-text/0066.jpg</location>
              <name lang="zxx" type="file-name">0066.jpg</name>
            </file>
            <file format="text/plain" id="file.b2c5a28b3f0b36f25fc4c3b2a1eb2e2f" langs="und" size="5166" type="plain-text">
              <location>yadda.pack:/archive/bwmeta1.element.id-from-db-book-otworz-ksiazke-28317-slugczas_w_spoleczenstwie/content/plain-text/0066.txt</location>
              <name lang="und" type="file-name">0066.txt</name>
            </file>
            <name lang="zxx">131-132</name>
          </directory>
          <directory id="page-67" type="multi-type">
            <file format="image/jpg" id="file.7ab5bc4ce2d4501866cd519e6f928184" langs="und" size="529065" type="full-text">
              <location>yadda.pack:/archive/bwmeta1.element.id-from-db-book-otworz-ksiazke-28317-slugczas_w_spoleczenstwie/content/full-text/0067.jpg</location>
              <name lang="zxx" type="file-name">0067.jpg</name>
            </file>
            <file format="text/plain" id="file.5cb746eed703cc1a0512b6024b618d9f" langs="und" size="5079" type="plain-text">
              <location>yadda.pack:/archive/bwmeta1.element.id-from-db-book-otworz-ksiazke-28317-slugczas_w_spoleczenstwie/content/plain-text/0067.txt</location>
              <name lang="und" type="file-name">0067.txt</name>
            </file>
            <name lang="zxx">133-134</name>
          </directory>
          <directory id="page-68" type="multi-type">
            <file format="image/jpg" id="file.0e128b70bf8fdac0bfdb641fa0e3243d" langs="und" size="514496" type="full-text">
              <location>yadda.pack:/archive/bwmeta1.element.id-from-db-book-otworz-ksiazke-28317-slugczas_w_spoleczenstwie/content/full-text/0068.jpg</location>
              <name lang="zxx" type="file-name">0068.jpg</name>
            </file>
            <file format="text/plain" id="file.507592696d6be48a039ea358004fa564" langs="und" size="5068" type="plain-text">
              <location>yadda.pack:/archive/bwmeta1.element.id-from-db-book-otworz-ksiazke-28317-slugczas_w_spoleczenstwie/content/plain-text/0068.txt</location>
              <name lang="und" type="file-name">0068.txt</name>
            </file>
            <name lang="zxx">135-136</name>
          </directory>
          <directory id="page-69" type="multi-type">
            <file format="image/jpg" id="file.b0a822c9a44e20f3171ee39e303dec4f" langs="und" size="529934" type="full-text">
              <location>yadda.pack:/archive/bwmeta1.element.id-from-db-book-otworz-ksiazke-28317-slugczas_w_spoleczenstwie/content/full-text/0069.jpg</location>
              <name lang="zxx" type="file-name">0069.jpg</name>
            </file>
            <file format="text/plain" id="file.2008ebcde8050ee43fe116d44fdea060" langs="und" size="5152" type="plain-text">
              <location>yadda.pack:/archive/bwmeta1.element.id-from-db-book-otworz-ksiazke-28317-slugczas_w_spoleczenstwie/content/plain-text/0069.txt</location>
              <name lang="und" type="file-name">0069.txt</name>
            </file>
            <name lang="zxx">137-138</name>
          </directory>
          <directory id="page-70" type="multi-type">
            <file format="image/jpg" id="file.d04c03405746297fb31346a8d82b9fed" langs="und" size="524882" type="full-text">
              <location>yadda.pack:/archive/bwmeta1.element.id-from-db-book-otworz-ksiazke-28317-slugczas_w_spoleczenstwie/content/full-text/0070.jpg</location>
              <name lang="zxx" type="file-name">0070.jpg</name>
            </file>
            <file format="text/plain" id="file.940c16cbc1942b3ec672ea99ec956fa4" langs="und" size="5522" type="plain-text">
              <location>yadda.pack:/archive/bwmeta1.element.id-from-db-book-otworz-ksiazke-28317-slugczas_w_spoleczenstwie/content/plain-text/0070.txt</location>
              <name lang="und" type="file-name">0070.txt</name>
            </file>
            <name lang="zxx">139-140</name>
          </directory>
          <directory id="page-71" type="multi-type">
            <file format="image/jpg" id="file.4f0f2cedb414b95546a2e408a2a67e9e" langs="und" size="533581" type="full-text">
              <location>yadda.pack:/archive/bwmeta1.element.id-from-db-book-otworz-ksiazke-28317-slugczas_w_spoleczenstwie/content/full-text/0071.jpg</location>
              <name lang="zxx" type="file-name">0071.jpg</name>
            </file>
            <file format="text/plain" id="file.b80ce27ce66ff6065956302c0217edda" langs="und" size="5386" type="plain-text">
              <location>yadda.pack:/archive/bwmeta1.element.id-from-db-book-otworz-ksiazke-28317-slugczas_w_spoleczenstwie/content/plain-text/0071.txt</location>
              <name lang="und" type="file-name">0071.txt</name>
            </file>
            <name lang="zxx">141-142</name>
          </directory>
          <directory id="page-72" type="multi-type">
            <file format="image/jpg" id="file.d76b15594f68bb00f92370a4b90d045b" langs="und" size="519751" type="full-text">
              <location>yadda.pack:/archive/bwmeta1.element.id-from-db-book-otworz-ksiazke-28317-slugczas_w_spoleczenstwie/content/full-text/0072.jpg</location>
              <name lang="zxx" type="file-name">0072.jpg</name>
            </file>
            <file format="text/plain" id="file.2d0d11c2294a40a69eeb3f9d95905f74" langs="und" size="5361" type="plain-text">
              <location>yadda.pack:/archive/bwmeta1.element.id-from-db-book-otworz-ksiazke-28317-slugczas_w_spoleczenstwie/content/plain-text/0072.txt</location>
              <name lang="und" type="file-name">0072.txt</name>
            </file>
            <name lang="zxx">143-144</name>
          </directory>
          <directory id="page-73" type="multi-type">
            <file format="image/jpg" id="file.9affc63604d086b11be82f3f76997aa6" langs="und" size="537778" type="full-text">
              <location>yadda.pack:/archive/bwmeta1.element.id-from-db-book-otworz-ksiazke-28317-slugczas_w_spoleczenstwie/content/full-text/0073.jpg</location>
              <name lang="zxx" type="file-name">0073.jpg</name>
            </file>
            <file format="text/plain" id="file.2ecdf8319106e4020799297efdb42c3f" langs="und" size="5526" type="plain-text">
              <location>yadda.pack:/archive/bwmeta1.element.id-from-db-book-otworz-ksiazke-28317-slugczas_w_spoleczenstwie/content/plain-text/0073.txt</location>
              <name lang="und" type="file-name">0073.txt</name>
            </file>
            <name lang="zxx">145-146</name>
          </directory>
          <directory id="page-74" type="multi-type">
            <file format="image/jpg" id="file.992a0109fb351e6204108349d9220b3e" langs="und" size="520010" type="full-text">
              <location>yadda.pack:/archive/bwmeta1.element.id-from-db-book-otworz-ksiazke-28317-slugczas_w_spoleczenstwie/content/full-text/0074.jpg</location>
              <name lang="zxx" type="file-name">0074.jpg</name>
            </file>
            <file format="text/plain" id="file.56fc6ae4f2ae7d7fa4ca73bc4e401939" langs="und" size="4708" type="plain-text">
              <location>yadda.pack:/archive/bwmeta1.element.id-from-db-book-otworz-ksiazke-28317-slugczas_w_spoleczenstwie/content/plain-text/0074.txt</location>
              <name lang="und" type="file-name">0074.txt</name>
            </file>
            <name lang="zxx">147-148</name>
          </directory>
          <directory id="page-75" type="multi-type">
            <file format="image/jpg" id="file.72e3fb9111c1e26a62bf5b675d9a943e" langs="und" size="513926" type="full-text">
              <location>yadda.pack:/archive/bwmeta1.element.id-from-db-book-otworz-ksiazke-28317-slugczas_w_spoleczenstwie/content/full-text/0075.jpg</location>
              <name lang="zxx" type="file-name">0075.jpg</name>
            </file>
            <file format="text/plain" id="file.b32d802a636d7dec319fbd214fe64fef" langs="und" size="4649" type="plain-text">
              <location>yadda.pack:/archive/bwmeta1.element.id-from-db-book-otworz-ksiazke-28317-slugczas_w_spoleczenstwie/content/plain-text/0075.txt</location>
              <name lang="und" type="file-name">0075.txt</name>
            </file>
            <name lang="zxx">149-150</name>
          </directory>
          <directory id="page-76" type="multi-type">
            <file format="image/jpg" id="file.d8d891077c70be37fa01614b8942457d" langs="und" size="526510" type="full-text">
              <location>yadda.pack:/archive/bwmeta1.element.id-from-db-book-otworz-ksiazke-28317-slugczas_w_spoleczenstwie/content/full-text/0076.jpg</location>
              <name lang="zxx" type="file-name">0076.jpg</name>
            </file>
            <file format="text/plain" id="file.98d34b769d5053a90e10a8040099ed61" langs="und" size="5378" type="plain-text">
              <location>yadda.pack:/archive/bwmeta1.element.id-from-db-book-otworz-ksiazke-28317-slugczas_w_spoleczenstwie/content/plain-text/0076.txt</location>
              <name lang="und" type="file-name">0076.txt</name>
            </file>
            <name lang="zxx">151-152</name>
          </directory>
          <directory id="page-77" type="multi-type">
            <file format="image/jpg" id="file.e215025d65aef8fb4dd37282d9864b14" langs="und" size="530521" type="full-text">
              <location>yadda.pack:/archive/bwmeta1.element.id-from-db-book-otworz-ksiazke-28317-slugczas_w_spoleczenstwie/content/full-text/0077.jpg</location>
              <name lang="zxx" type="file-name">0077.jpg</name>
            </file>
            <file format="text/plain" id="file.f306711fec9e7dab24924645a6d141d6" langs="und" size="5427" type="plain-text">
              <location>yadda.pack:/archive/bwmeta1.element.id-from-db-book-otworz-ksiazke-28317-slugczas_w_spoleczenstwie/content/plain-text/0077.txt</location>
              <name lang="und" type="file-name">0077.txt</name>
            </file>
            <name lang="zxx">153-154</name>
          </directory>
          <directory id="page-78" type="multi-type">
            <file format="image/jpg" id="file.6ba5234466de07abd3a0ed27b3f5c5df" langs="und" size="539746" type="full-text">
              <location>yadda.pack:/archive/bwmeta1.element.id-from-db-book-otworz-ksiazke-28317-slugczas_w_spoleczenstwie/content/full-text/0078.jpg</location>
              <name lang="zxx" type="file-name">0078.jpg</name>
            </file>
            <file format="text/plain" id="file.a3431ad92e98c898713491581553a06a" langs="und" size="5532" type="plain-text">
              <location>yadda.pack:/archive/bwmeta1.element.id-from-db-book-otworz-ksiazke-28317-slugczas_w_spoleczenstwie/content/plain-text/0078.txt</location>
              <name lang="und" type="file-name">0078.txt</name>
            </file>
            <name lang="zxx">155-156</name>
          </directory>
          <directory id="page-79" type="multi-type">
            <file format="image/jpg" id="file.9ac96ebe5bd3cc07cb07921ac3b129a0" langs="und" size="502298" type="full-text">
              <location>yadda.pack:/archive/bwmeta1.element.id-from-db-book-otworz-ksiazke-28317-slugczas_w_spoleczenstwie/content/full-text/0079.jpg</location>
              <name lang="zxx" type="file-name">0079.jpg</name>
            </file>
            <file format="text/plain" id="file.e07a1c9dfc8680be088473624a9130de" langs="und" size="3888" type="plain-text">
              <location>yadda.pack:/archive/bwmeta1.element.id-from-db-book-otworz-ksiazke-28317-slugczas_w_spoleczenstwie/content/plain-text/0079.txt</location>
              <name lang="und" type="file-name">0079.txt</name>
            </file>
            <name lang="zxx">157-158</name>
          </directory>
          <name lang="und">Czas rozumiany jako zjawisko społeczne</name>
        </directory>
        <directory id="r-6" type="paged">
          <directory id="page-80" type="multi-type">
            <file format="image/jpg" id="file.c415b308fac45dc46a9037a6d887951d" langs="und" size="541924" type="full-text">
              <location>yadda.pack:/archive/bwmeta1.element.id-from-db-book-otworz-ksiazke-28317-slugczas_w_spoleczenstwie/content/full-text/0080.jpg</location>
              <name lang="zxx" type="file-name">0080.jpg</name>
            </file>
            <file format="text/plain" id="file.4f8211761399387e2e162a024296f6c7" langs="und" size="5487" type="plain-text">
              <location>yadda.pack:/archive/bwmeta1.element.id-from-db-book-otworz-ksiazke-28317-slugczas_w_spoleczenstwie/content/plain-text/0080.txt</location>
              <name lang="und" type="file-name">0080.txt</name>
            </file>
            <name lang="zxx">159-160</name>
          </directory>
          <directory id="page-81" type="multi-type">
            <file format="image/jpg" id="file.e574e1a87d5b41d976b3f0efe8862a50" langs="und" size="534485" type="full-text">
              <location>yadda.pack:/archive/bwmeta1.element.id-from-db-book-otworz-ksiazke-28317-slugczas_w_spoleczenstwie/content/full-text/0081.jpg</location>
              <name lang="zxx" type="file-name">0081.jpg</name>
            </file>
            <file format="text/plain" id="file.32e6137bdc6b0f0e0e37a2177f6bf802" langs="und" size="5502" type="plain-text">
              <location>yadda.pack:/archive/bwmeta1.element.id-from-db-book-otworz-ksiazke-28317-slugczas_w_spoleczenstwie/content/plain-text/0081.txt</location>
              <name lang="und" type="file-name">0081.txt</name>
            </file>
            <name lang="zxx">161-162</name>
          </directory>
          <directory id="page-82" type="multi-type">
            <file format="image/jpg" id="file.588f3a533c6ef6b1403a079377061b44" langs="und" size="458727" type="full-text">
              <location>yadda.pack:/archive/bwmeta1.element.id-from-db-book-otworz-ksiazke-28317-slugczas_w_spoleczenstwie/content/full-text/0082.jpg</location>
              <name lang="zxx" type="file-name">0082.jpg</name>
            </file>
            <file format="text/plain" id="file.012017f46b154cb7728ef765806188c9" langs="und" size="2511" type="plain-text">
              <location>yadda.pack:/archive/bwmeta1.element.id-from-db-book-otworz-ksiazke-28317-slugczas_w_spoleczenstwie/content/plain-text/0082.txt</location>
              <name lang="und" type="file-name">0082.txt</name>
            </file>
            <name lang="zxx">163-164</name>
          </directory>
          <directory id="page-83" type="multi-type">
            <file format="image/jpg" id="file.d736b406839e833fa251046a40df0ff0" langs="und" size="522712" type="full-text">
              <location>yadda.pack:/archive/bwmeta1.element.id-from-db-book-otworz-ksiazke-28317-slugczas_w_spoleczenstwie/content/full-text/0083.jpg</location>
              <name lang="zxx" type="file-name">0083.jpg</name>
            </file>
            <file format="text/plain" id="file.e6c77909b3f188098698b1ed49be1a07" langs="und" size="4460" type="plain-text">
              <location>yadda.pack:/archive/bwmeta1.element.id-from-db-book-otworz-ksiazke-28317-slugczas_w_spoleczenstwie/content/plain-text/0083.txt</location>
              <name lang="und" type="file-name">0083.txt</name>
            </file>
            <name lang="zxx">165-166</name>
          </directory>
          <directory id="page-84" type="multi-type">
            <file format="image/jpg" id="file.91ad9c5d06e9026c9e7d4571905027a6" langs="und" size="524739" type="full-text">
              <location>yadda.pack:/archive/bwmeta1.element.id-from-db-book-otworz-ksiazke-28317-slugczas_w_spoleczenstwie/content/full-text/0084.jpg</location>
              <name lang="zxx" type="file-name">0084.jpg</name>
            </file>
            <file format="text/plain" id="file.c7e2337c6486affa97278a050a0ef28a" langs="und" size="4424" type="plain-text">
              <location>yadda.pack:/archive/bwmeta1.element.id-from-db-book-otworz-ksiazke-28317-slugczas_w_spoleczenstwie/content/plain-text/0084.txt</location>
              <name lang="und" type="file-name">0084.txt</name>
            </file>
            <name lang="zxx">167-168</name>
          </directory>
          <directory id="page-85" type="multi-type">
            <file format="image/jpg" id="file.220e49d2dfb8a8175ec0a184b6d094c4" langs="und" size="518364" type="full-text">
              <location>yadda.pack:/archive/bwmeta1.element.id-from-db-book-otworz-ksiazke-28317-slugczas_w_spoleczenstwie/content/full-text/0085.jpg</location>
              <name lang="zxx" type="file-name">0085.jpg</name>
            </file>
            <file format="text/plain" id="file.e1c9ceed98e231623f8d364fe2ea192b" langs="und" size="4361" type="plain-text">
              <location>yadda.pack:/archive/bwmeta1.element.id-from-db-book-otworz-ksiazke-28317-slugczas_w_spoleczenstwie/content/plain-text/0085.txt</location>
              <name lang="und" type="file-name">0085.txt</name>
            </file>
            <name lang="zxx">169-170</name>
          </directory>
          <directory id="page-86" type="multi-type">
            <file format="image/jpg" id="file.6e009e1a27cb7f769ae95a90e962100d" langs="und" size="530208" type="full-text">
              <location>yadda.pack:/archive/bwmeta1.element.id-from-db-book-otworz-ksiazke-28317-slugczas_w_spoleczenstwie/content/full-text/0086.jpg</location>
              <name lang="zxx" type="file-name">0086.jpg</name>
            </file>
            <file format="text/plain" id="file.001936e5ed91a5f98df1c0ee5d02e928" langs="und" size="4620" type="plain-text">
              <location>yadda.pack:/archive/bwmeta1.element.id-from-db-book-otworz-ksiazke-28317-slugczas_w_spoleczenstwie/content/plain-text/0086.txt</location>
              <name lang="und" type="file-name">0086.txt</name>
            </file>
            <name lang="zxx">171-172</name>
          </directory>
          <directory id="page-87" type="multi-type">
            <file format="image/jpg" id="file.a012dade5f05f937452d6461baa1d836" langs="und" size="523359" type="full-text">
              <location>yadda.pack:/archive/bwmeta1.element.id-from-db-book-otworz-ksiazke-28317-slugczas_w_spoleczenstwie/content/full-text/0087.jpg</location>
              <name lang="zxx" type="file-name">0087.jpg</name>
            </file>
            <file format="text/plain" id="file.5c1b911a7f07f0ad77e1e7edaf0f8ba6" langs="und" size="4401" type="plain-text">
              <location>yadda.pack:/archive/bwmeta1.element.id-from-db-book-otworz-ksiazke-28317-slugczas_w_spoleczenstwie/content/plain-text/0087.txt</location>
              <name lang="und" type="file-name">0087.txt</name>
            </file>
            <name lang="zxx">173-174</name>
          </directory>
          <directory id="page-88" type="multi-type">
            <file format="image/jpg" id="file.8eff731a836f7002bccb2606f691e4f1" langs="und" size="517173" type="full-text">
              <location>yadda.pack:/archive/bwmeta1.element.id-from-db-book-otworz-ksiazke-28317-slugczas_w_spoleczenstwie/content/full-text/0088.jpg</location>
              <name lang="zxx" type="file-name">0088.jpg</name>
            </file>
            <file format="text/plain" id="file.82e4879fa31942ea409f1d246cbe3d5b" langs="und" size="4217" type="plain-text">
              <location>yadda.pack:/archive/bwmeta1.element.id-from-db-book-otworz-ksiazke-28317-slugczas_w_spoleczenstwie/content/plain-text/0088.txt</location>
              <name lang="und" type="file-name">0088.txt</name>
            </file>
            <name lang="zxx">175-176</name>
          </directory>
          <directory id="page-89" type="multi-type">
            <file format="image/jpg" id="file.4caed35d8fff2266e8898591ead49af2" langs="und" size="515641" type="full-text">
              <location>yadda.pack:/archive/bwmeta1.element.id-from-db-book-otworz-ksiazke-28317-slugczas_w_spoleczenstwie/content/full-text/0089.jpg</location>
              <name lang="zxx" type="file-name">0089.jpg</name>
            </file>
            <file format="text/plain" id="file.6bb71cb6d7d3c1b0f0f1f3b2ca6d84c1" langs="und" size="4305" type="plain-text">
              <location>yadda.pack:/archive/bwmeta1.element.id-from-db-book-otworz-ksiazke-28317-slugczas_w_spoleczenstwie/content/plain-text/0089.txt</location>
              <name lang="und" type="file-name">0089.txt</name>
            </file>
            <name lang="zxx">177-178</name>
          </directory>
          <directory id="page-90" type="multi-type">
            <file format="image/jpg" id="file.35759ac63ba782f2f301d200646bd5db" langs="und" size="513030" type="full-text">
              <location>yadda.pack:/archive/bwmeta1.element.id-from-db-book-otworz-ksiazke-28317-slugczas_w_spoleczenstwie/content/full-text/0090.jpg</location>
              <name lang="zxx" type="file-name">0090.jpg</name>
            </file>
            <file format="text/plain" id="file.6585b05fe9c5827ca723087a77696e62" langs="und" size="4289" type="plain-text">
              <location>yadda.pack:/archive/bwmeta1.element.id-from-db-book-otworz-ksiazke-28317-slugczas_w_spoleczenstwie/content/plain-text/0090.txt</location>
              <name lang="und" type="file-name">0090.txt</name>
            </file>
            <name lang="zxx">179-180</name>
          </directory>
          <directory id="page-91" type="multi-type">
            <file format="image/jpg" id="file.28476e0c5930b8349e9c45f23d1aaa0c" langs="und" size="515691" type="full-text">
              <location>yadda.pack:/archive/bwmeta1.element.id-from-db-book-otworz-ksiazke-28317-slugczas_w_spoleczenstwie/content/full-text/0091.jpg</location>
              <name lang="zxx" type="file-name">0091.jpg</name>
            </file>
            <file format="text/plain" id="file.7659b1625c4bd75fc715f2d525bcddbf" langs="und" size="4264" type="plain-text">
              <location>yadda.pack:/archive/bwmeta1.element.id-from-db-book-otworz-ksiazke-28317-slugczas_w_spoleczenstwie/content/plain-text/0091.txt</location>
              <name lang="und" type="file-name">0091.txt</name>
            </file>
            <name lang="zxx">181-182</name>
          </directory>
          <directory id="page-92" type="multi-type">
            <file format="image/jpg" id="file.626987e48192ff08894b8ee93c398498" langs="und" size="515495" type="full-text">
              <location>yadda.pack:/archive/bwmeta1.element.id-from-db-book-otworz-ksiazke-28317-slugczas_w_spoleczenstwie/content/full-text/0092.jpg</location>
              <name lang="zxx" type="file-name">0092.jpg</name>
            </file>
            <file format="text/plain" id="file.642d6a44be2e83f45604c9bda2226892" langs="und" size="4367" type="plain-text">
              <location>yadda.pack:/archive/bwmeta1.element.id-from-db-book-otworz-ksiazke-28317-slugczas_w_spoleczenstwie/content/plain-text/0092.txt</location>
              <name lang="und" type="file-name">0092.txt</name>
            </file>
            <name lang="zxx">183-184</name>
          </directory>
          <directory id="page-93" type="multi-type">
            <file format="image/jpg" id="file.b9a7b46d8171b0b354db89a6ec739aa5" langs="und" size="476358" type="full-text">
              <location>yadda.pack:/archive/bwmeta1.element.id-from-db-book-otworz-ksiazke-28317-slugczas_w_spoleczenstwie/content/full-text/0093.jpg</location>
              <name lang="zxx" type="file-name">0093.jpg</name>
            </file>
            <file format="text/plain" id="file.91278b6959bb856759306c0faf787bb8" langs="und" size="3669" type="plain-text">
              <location>yadda.pack:/archive/bwmeta1.element.id-from-db-book-otworz-ksiazke-28317-slugczas_w_spoleczenstwie/content/plain-text/0093.txt</location>
              <name lang="und" type="file-name">0093.txt</name>
            </file>
            <name lang="zxx">185-186</name>
          </directory>
          <name lang="und">Zakończenie - czas jako problem socjologii</name>
        </directory>
      </directory>
    </directory>
  </contents>
  <contributor institution="false" role="author">
    <identity ref="bwmeta1.person.id-from-db-authors-otworz-ksiazke-167-slug-elzbieta_tarkowska" />
    <name lang="und" type="canonical">Elżbieta  Tarkowska</name>
    <name lang="und" type="surname">Tarkowska</name>
    <name lang="und" type="forename">Elżbieta</name>
  </contributor>
  <id scheme="bwmeta1.id-class.otworz-ksiazke-db-id" value="28317" />
  <id scheme="bwmeta1.id-class.otworz-ksiazke-db-slug" value="czas_w_spoleczenstwie" />
  <name lang="und">Czas w społeczeństwie : problemy, tradycje, kierunki badań</name>
  <structure hierarchy="bwmeta1.hierarchy-class.hierarchy_Book">
    <ancestor level="bwmeta1.level.hierarchy_Book_Publisher" identity="bwmeta1.element.id-from-db-publisher-otworz-ksiazke-14">
      <name lang="und">Zakład Narodowy im. Ossolińskich - Wydawnictwo</name>
    </ancestor>
    <current level="bwmeta1.level.hierarchy_Book_Book" />
  </structure>
  <tags lang="und" type="License">
    <tag>by-nc</tag>
  </tags>
  <tags lang="und" type="keyword">
    <tag>socjologia</tag>
  </tags>
</element>

