<?xml version="1.0" encoding="UTF-8"?>
<element xmlns="http://yadda.icm.edu.pl/bwmeta-2.0.0.xsd" id="bwmeta1.element.id-from-db-book-otworz-ksiazke-28365-slugu_zrodel_nowoczesnej_gospodarki_europejskiej">
  <attribute key="source-id">
    <value>u_zrodel_nowoczesnej_gospodarki_europejskiej</value>
  </attribute>
  <contents>
    <file format="image/jpeg" id="file.952342e93cce40c3b64bc71a7024eeb9" langs="und" size="97092" type="cover">
      <location>yadda.pack:/archive/bwmeta1.element.id-from-db-book-otworz-ksiazke-28365-slugu_zrodel_nowoczesnej_gospodarki_europejskiej/content/cover/okladka.jpg</location>
      <name lang="zxx" type="file-name">okladka.jpg</name>
    </file>
    <directory id="full-content" type="multi-type">
      <file format="application/pdf" id="file.a104c90cbc4f3f5856d7b2384026fbb7" langs="und" size="1103944" type="full-text">
        <location>yadda.pack:/archive/bwmeta1.element.id-from-db-book-otworz-ksiazke-28365-slugu_zrodel_nowoczesnej_gospodarki_europejskiej/content/full-text/u_zrodel_nowoczesnej_gospodarki_europejskiej.pdf</location>
        <name lang="zxx" type="file-name">u_zrodel_nowoczesnej_gospodarki_europejskiej.pdf</name>
      </file>
      <directory id="chaptered-content-dir" type="directory">
        <directory id="r-1" type="paged">
          <directory id="page-1" type="multi-type">
            <file format="image/jpg" id="file.f49059c99453831b1d8e7cc3f5531893" langs="und" size="416463" type="full-text">
              <location>yadda.pack:/archive/bwmeta1.element.id-from-db-book-otworz-ksiazke-28365-slugu_zrodel_nowoczesnej_gospodarki_europejskiej/content/full-text/0001.jpg</location>
              <name lang="zxx" type="file-name">0001.jpg</name>
            </file>
            <file format="text/plain" id="file.9589052375ca3e931ef00e157414f3f9" langs="und" size="373" type="plain-text">
              <location>yadda.pack:/archive/bwmeta1.element.id-from-db-book-otworz-ksiazke-28365-slugu_zrodel_nowoczesnej_gospodarki_europejskiej/content/plain-text/0001.txt</location>
              <name lang="und" type="file-name">0001.txt</name>
            </file>
            <name lang="zxx">1-2</name>
          </directory>
        </directory>
        <directory id="r-2" type="paged">
          <directory id="page-2" type="multi-type">
            <file format="image/jpg" id="file.da5a31eec2ebc98208133acf397b7baf" langs="und" size="507049" type="full-text">
              <location>yadda.pack:/archive/bwmeta1.element.id-from-db-book-otworz-ksiazke-28365-slugu_zrodel_nowoczesnej_gospodarki_europejskiej/content/full-text/0002.jpg</location>
              <name lang="zxx" type="file-name">0002.jpg</name>
            </file>
            <file format="text/plain" id="file.1f3f4a7c1356d1296518ff93ee51fec5" langs="und" size="2047" type="plain-text">
              <location>yadda.pack:/archive/bwmeta1.element.id-from-db-book-otworz-ksiazke-28365-slugu_zrodel_nowoczesnej_gospodarki_europejskiej/content/plain-text/0002.txt</location>
              <name lang="und" type="file-name">0002.txt</name>
            </file>
            <name lang="zxx">3-4</name>
          </directory>
          <directory id="page-3" type="multi-type">
            <file format="image/jpg" id="file.3a97680e345da74fd2a9352501d28586" langs="und" size="601413" type="full-text">
              <location>yadda.pack:/archive/bwmeta1.element.id-from-db-book-otworz-ksiazke-28365-slugu_zrodel_nowoczesnej_gospodarki_europejskiej/content/full-text/0003.jpg</location>
              <name lang="zxx" type="file-name">0003.jpg</name>
            </file>
            <file format="text/plain" id="file.5235979fa9cc5fa1e4ee7d8f4f881155" langs="und" size="4413" type="plain-text">
              <location>yadda.pack:/archive/bwmeta1.element.id-from-db-book-otworz-ksiazke-28365-slugu_zrodel_nowoczesnej_gospodarki_europejskiej/content/plain-text/0003.txt</location>
              <name lang="und" type="file-name">0003.txt</name>
            </file>
            <name lang="zxx">5-6</name>
          </directory>
          <directory id="page-4" type="multi-type">
            <file format="image/jpg" id="file.d706be7b2ef776ad97a4413df2062207" langs="und" size="595006" type="full-text">
              <location>yadda.pack:/archive/bwmeta1.element.id-from-db-book-otworz-ksiazke-28365-slugu_zrodel_nowoczesnej_gospodarki_europejskiej/content/full-text/0004.jpg</location>
              <name lang="zxx" type="file-name">0004.jpg</name>
            </file>
            <file format="text/plain" id="file.7a9ed51b460c7fc88b603ca89f1f068f" langs="und" size="4410" type="plain-text">
              <location>yadda.pack:/archive/bwmeta1.element.id-from-db-book-otworz-ksiazke-28365-slugu_zrodel_nowoczesnej_gospodarki_europejskiej/content/plain-text/0004.txt</location>
              <name lang="und" type="file-name">0004.txt</name>
            </file>
            <name lang="zxx">7-8</name>
          </directory>
          <directory id="page-5" type="multi-type">
            <file format="image/jpg" id="file.f2fd820e8505981b364bb3f0b5e8a3ee" langs="und" size="603470" type="full-text">
              <location>yadda.pack:/archive/bwmeta1.element.id-from-db-book-otworz-ksiazke-28365-slugu_zrodel_nowoczesnej_gospodarki_europejskiej/content/full-text/0005.jpg</location>
              <name lang="zxx" type="file-name">0005.jpg</name>
            </file>
            <file format="text/plain" id="file.9e0b6ef6bd9f2a5a06d4f370c5dd8a62" langs="und" size="4494" type="plain-text">
              <location>yadda.pack:/archive/bwmeta1.element.id-from-db-book-otworz-ksiazke-28365-slugu_zrodel_nowoczesnej_gospodarki_europejskiej/content/plain-text/0005.txt</location>
              <name lang="und" type="file-name">0005.txt</name>
            </file>
            <name lang="zxx">9-10</name>
          </directory>
          <directory id="page-6" type="multi-type">
            <file format="image/jpg" id="file.0321d5499902b839e9b5e205ca6db4e2" langs="und" size="521226" type="full-text">
              <location>yadda.pack:/archive/bwmeta1.element.id-from-db-book-otworz-ksiazke-28365-slugu_zrodel_nowoczesnej_gospodarki_europejskiej/content/full-text/0006.jpg</location>
              <name lang="zxx" type="file-name">0006.jpg</name>
            </file>
            <file format="text/plain" id="file.cc47deae451b65f1b39504b18d38002f" langs="und" size="2705" type="plain-text">
              <location>yadda.pack:/archive/bwmeta1.element.id-from-db-book-otworz-ksiazke-28365-slugu_zrodel_nowoczesnej_gospodarki_europejskiej/content/plain-text/0006.txt</location>
              <name lang="und" type="file-name">0006.txt</name>
            </file>
            <name lang="zxx">11-12</name>
          </directory>
          <name lang="und">Wstęp. Między średniowieczem a nowoczesnością</name>
        </directory>
        <directory id="r-3" type="paged">
          <directory id="page-7" type="multi-type">
            <file format="image/jpg" id="file.c5193bae9259e362da042b4ef4a3aaec" langs="und" size="457579" type="full-text">
              <location>yadda.pack:/archive/bwmeta1.element.id-from-db-book-otworz-ksiazke-28365-slugu_zrodel_nowoczesnej_gospodarki_europejskiej/content/full-text/0007.jpg</location>
              <name lang="zxx" type="file-name">0007.jpg</name>
            </file>
            <file format="text/plain" id="file.daf94f93266ccced95f29e7a561540a5" langs="und" size="1206" type="plain-text">
              <location>yadda.pack:/archive/bwmeta1.element.id-from-db-book-otworz-ksiazke-28365-slugu_zrodel_nowoczesnej_gospodarki_europejskiej/content/plain-text/0007.txt</location>
              <name lang="und" type="file-name">0007.txt</name>
            </file>
            <name lang="zxx">13-14</name>
          </directory>
          <directory id="page-8" type="multi-type">
            <file format="image/jpg" id="file.280ae09d06cb06b31324122cd91b848a" langs="und" size="599422" type="full-text">
              <location>yadda.pack:/archive/bwmeta1.element.id-from-db-book-otworz-ksiazke-28365-slugu_zrodel_nowoczesnej_gospodarki_europejskiej/content/full-text/0008.jpg</location>
              <name lang="zxx" type="file-name">0008.jpg</name>
            </file>
            <file format="text/plain" id="file.d7500179450843c4ff851239c1c06091" langs="und" size="4683" type="plain-text">
              <location>yadda.pack:/archive/bwmeta1.element.id-from-db-book-otworz-ksiazke-28365-slugu_zrodel_nowoczesnej_gospodarki_europejskiej/content/plain-text/0008.txt</location>
              <name lang="und" type="file-name">0008.txt</name>
            </file>
            <name lang="zxx">15-16</name>
          </directory>
          <directory id="page-9" type="multi-type">
            <file format="image/jpg" id="file.86bdc5674beb579ffd641d476249b43d" langs="und" size="575424" type="full-text">
              <location>yadda.pack:/archive/bwmeta1.element.id-from-db-book-otworz-ksiazke-28365-slugu_zrodel_nowoczesnej_gospodarki_europejskiej/content/full-text/0009.jpg</location>
              <name lang="zxx" type="file-name">0009.jpg</name>
            </file>
            <file format="text/plain" id="file.5e7603f59482366f8a7102172ad69520" langs="und" size="4327" type="plain-text">
              <location>yadda.pack:/archive/bwmeta1.element.id-from-db-book-otworz-ksiazke-28365-slugu_zrodel_nowoczesnej_gospodarki_europejskiej/content/plain-text/0009.txt</location>
              <name lang="und" type="file-name">0009.txt</name>
            </file>
            <name lang="zxx">17-18</name>
          </directory>
          <directory id="page-10" type="multi-type">
            <file format="image/jpg" id="file.1f64ba4cb7fb9fe3c6e2f71f457bd509" langs="und" size="547760" type="full-text">
              <location>yadda.pack:/archive/bwmeta1.element.id-from-db-book-otworz-ksiazke-28365-slugu_zrodel_nowoczesnej_gospodarki_europejskiej/content/full-text/0010.jpg</location>
              <name lang="zxx" type="file-name">0010.jpg</name>
            </file>
            <file format="text/plain" id="file.52afee56c59daf6209f551218765f65b" langs="und" size="3362" type="plain-text">
              <location>yadda.pack:/archive/bwmeta1.element.id-from-db-book-otworz-ksiazke-28365-slugu_zrodel_nowoczesnej_gospodarki_europejskiej/content/plain-text/0010.txt</location>
              <name lang="und" type="file-name">0010.txt</name>
            </file>
            <name lang="zxx">19-20</name>
          </directory>
          <directory id="page-11" type="multi-type">
            <file format="image/jpg" id="file.fb56deea5c7576a4ef6636fc9dc010a1" langs="und" size="505680" type="full-text">
              <location>yadda.pack:/archive/bwmeta1.element.id-from-db-book-otworz-ksiazke-28365-slugu_zrodel_nowoczesnej_gospodarki_europejskiej/content/full-text/0011.jpg</location>
              <name lang="zxx" type="file-name">0011.jpg</name>
            </file>
            <file format="text/plain" id="file.d6fb013ab9b96d1860a258071bc35591" langs="und" size="2725" type="plain-text">
              <location>yadda.pack:/archive/bwmeta1.element.id-from-db-book-otworz-ksiazke-28365-slugu_zrodel_nowoczesnej_gospodarki_europejskiej/content/plain-text/0011.txt</location>
              <name lang="und" type="file-name">0011.txt</name>
            </file>
            <name lang="zxx">21-22</name>
          </directory>
          <name lang="und">Ludność</name>
        </directory>
        <directory id="r-4" type="paged">
          <directory id="page-12" type="multi-type">
            <file format="image/jpg" id="file.777a9cc39351436377fd0b0810ef9d35" langs="und" size="580858" type="full-text">
              <location>yadda.pack:/archive/bwmeta1.element.id-from-db-book-otworz-ksiazke-28365-slugu_zrodel_nowoczesnej_gospodarki_europejskiej/content/full-text/0012.jpg</location>
              <name lang="zxx" type="file-name">0012.jpg</name>
            </file>
            <file format="text/plain" id="file.38ca35a11ace8ed4ab05d67d4aebe031" langs="und" size="4347" type="plain-text">
              <location>yadda.pack:/archive/bwmeta1.element.id-from-db-book-otworz-ksiazke-28365-slugu_zrodel_nowoczesnej_gospodarki_europejskiej/content/plain-text/0012.txt</location>
              <name lang="und" type="file-name">0012.txt</name>
            </file>
            <name lang="zxx">23-24</name>
          </directory>
          <directory id="page-13" type="multi-type">
            <file format="image/jpg" id="file.b1f7509090383962506928ac98312da2" langs="und" size="557574" type="full-text">
              <location>yadda.pack:/archive/bwmeta1.element.id-from-db-book-otworz-ksiazke-28365-slugu_zrodel_nowoczesnej_gospodarki_europejskiej/content/full-text/0013.jpg</location>
              <name lang="zxx" type="file-name">0013.jpg</name>
            </file>
            <file format="text/plain" id="file.dbea2331ea43c6582dcff984ede965c2" langs="und" size="3888" type="plain-text">
              <location>yadda.pack:/archive/bwmeta1.element.id-from-db-book-otworz-ksiazke-28365-slugu_zrodel_nowoczesnej_gospodarki_europejskiej/content/plain-text/0013.txt</location>
              <name lang="und" type="file-name">0013.txt</name>
            </file>
            <name lang="zxx">25-26</name>
          </directory>
          <directory id="page-14" type="multi-type">
            <file format="image/jpg" id="file.0808cb110ea6d4666617b5ac9c8392e1" langs="und" size="567490" type="full-text">
              <location>yadda.pack:/archive/bwmeta1.element.id-from-db-book-otworz-ksiazke-28365-slugu_zrodel_nowoczesnej_gospodarki_europejskiej/content/full-text/0014.jpg</location>
              <name lang="zxx" type="file-name">0014.jpg</name>
            </file>
            <file format="text/plain" id="file.a2f3dff56f5826ac26bd0a43678db143" langs="und" size="4316" type="plain-text">
              <location>yadda.pack:/archive/bwmeta1.element.id-from-db-book-otworz-ksiazke-28365-slugu_zrodel_nowoczesnej_gospodarki_europejskiej/content/plain-text/0014.txt</location>
              <name lang="und" type="file-name">0014.txt</name>
            </file>
            <name lang="zxx">27-28</name>
          </directory>
          <directory id="page-15" type="multi-type">
            <file format="image/jpg" id="file.a92302fc5eb48f299e45ad3acd04c03e" langs="und" size="569664" type="full-text">
              <location>yadda.pack:/archive/bwmeta1.element.id-from-db-book-otworz-ksiazke-28365-slugu_zrodel_nowoczesnej_gospodarki_europejskiej/content/full-text/0015.jpg</location>
              <name lang="zxx" type="file-name">0015.jpg</name>
            </file>
            <file format="text/plain" id="file.6076ac28aa3ef046fda5d51594c87718" langs="und" size="4381" type="plain-text">
              <location>yadda.pack:/archive/bwmeta1.element.id-from-db-book-otworz-ksiazke-28365-slugu_zrodel_nowoczesnej_gospodarki_europejskiej/content/plain-text/0015.txt</location>
              <name lang="und" type="file-name">0015.txt</name>
            </file>
            <name lang="zxx">29-30</name>
          </directory>
          <directory id="page-16" type="multi-type">
            <file format="image/jpg" id="file.adff56b9ff0bf0362ea16f8a2b6b59af" langs="und" size="567830" type="full-text">
              <location>yadda.pack:/archive/bwmeta1.element.id-from-db-book-otworz-ksiazke-28365-slugu_zrodel_nowoczesnej_gospodarki_europejskiej/content/full-text/0016.jpg</location>
              <name lang="zxx" type="file-name">0016.jpg</name>
            </file>
            <file format="text/plain" id="file.b8dd91dd5a18f09bd5928106b3e45a19" langs="und" size="4369" type="plain-text">
              <location>yadda.pack:/archive/bwmeta1.element.id-from-db-book-otworz-ksiazke-28365-slugu_zrodel_nowoczesnej_gospodarki_europejskiej/content/plain-text/0016.txt</location>
              <name lang="und" type="file-name">0016.txt</name>
            </file>
            <name lang="zxx">31-32</name>
          </directory>
          <directory id="page-17" type="multi-type">
            <file format="image/jpg" id="file.356fdd269e8c89dd111a7d983eab3eeb" langs="und" size="584490" type="full-text">
              <location>yadda.pack:/archive/bwmeta1.element.id-from-db-book-otworz-ksiazke-28365-slugu_zrodel_nowoczesnej_gospodarki_europejskiej/content/full-text/0017.jpg</location>
              <name lang="zxx" type="file-name">0017.jpg</name>
            </file>
            <file format="text/plain" id="file.3845adfee12e60a0ec9564409447067a" langs="und" size="4399" type="plain-text">
              <location>yadda.pack:/archive/bwmeta1.element.id-from-db-book-otworz-ksiazke-28365-slugu_zrodel_nowoczesnej_gospodarki_europejskiej/content/plain-text/0017.txt</location>
              <name lang="und" type="file-name">0017.txt</name>
            </file>
            <name lang="zxx">33-34</name>
          </directory>
          <directory id="page-18" type="multi-type">
            <file format="image/jpg" id="file.3bb9c4a36aaa7e68e574c1c1e93ccb7d" langs="und" size="574841" type="full-text">
              <location>yadda.pack:/archive/bwmeta1.element.id-from-db-book-otworz-ksiazke-28365-slugu_zrodel_nowoczesnej_gospodarki_europejskiej/content/full-text/0018.jpg</location>
              <name lang="zxx" type="file-name">0018.jpg</name>
            </file>
            <file format="text/plain" id="file.906444db3e6b4c39e244205749247694" langs="und" size="4271" type="plain-text">
              <location>yadda.pack:/archive/bwmeta1.element.id-from-db-book-otworz-ksiazke-28365-slugu_zrodel_nowoczesnej_gospodarki_europejskiej/content/plain-text/0018.txt</location>
              <name lang="und" type="file-name">0018.txt</name>
            </file>
            <name lang="zxx">35-36</name>
          </directory>
          <directory id="page-19" type="multi-type">
            <file format="image/jpg" id="file.148c843b21d087dbebde4419c4aa04b9" langs="und" size="588348" type="full-text">
              <location>yadda.pack:/archive/bwmeta1.element.id-from-db-book-otworz-ksiazke-28365-slugu_zrodel_nowoczesnej_gospodarki_europejskiej/content/full-text/0019.jpg</location>
              <name lang="zxx" type="file-name">0019.jpg</name>
            </file>
            <file format="text/plain" id="file.51b8ed8cd2d91081383123ca8e01a7ca" langs="und" size="4442" type="plain-text">
              <location>yadda.pack:/archive/bwmeta1.element.id-from-db-book-otworz-ksiazke-28365-slugu_zrodel_nowoczesnej_gospodarki_europejskiej/content/plain-text/0019.txt</location>
              <name lang="und" type="file-name">0019.txt</name>
            </file>
            <name lang="zxx">37-38</name>
          </directory>
          <directory id="page-20" type="multi-type">
            <file format="image/jpg" id="file.2346b74e09db0ef75f89b7c019f2a7a4" langs="und" size="589180" type="full-text">
              <location>yadda.pack:/archive/bwmeta1.element.id-from-db-book-otworz-ksiazke-28365-slugu_zrodel_nowoczesnej_gospodarki_europejskiej/content/full-text/0020.jpg</location>
              <name lang="zxx" type="file-name">0020.jpg</name>
            </file>
            <file format="text/plain" id="file.c8134ebe7869a6c701f1be3f0e38f192" langs="und" size="4302" type="plain-text">
              <location>yadda.pack:/archive/bwmeta1.element.id-from-db-book-otworz-ksiazke-28365-slugu_zrodel_nowoczesnej_gospodarki_europejskiej/content/plain-text/0020.txt</location>
              <name lang="und" type="file-name">0020.txt</name>
            </file>
            <name lang="zxx">39-40</name>
          </directory>
          <directory id="page-21" type="multi-type">
            <file format="image/jpg" id="file.62e39c0bcc59317333148d5063bc6599" langs="und" size="582376" type="full-text">
              <location>yadda.pack:/archive/bwmeta1.element.id-from-db-book-otworz-ksiazke-28365-slugu_zrodel_nowoczesnej_gospodarki_europejskiej/content/full-text/0021.jpg</location>
              <name lang="zxx" type="file-name">0021.jpg</name>
            </file>
            <file format="text/plain" id="file.ead687fd35cd6f8e0af083135746e812" langs="und" size="4372" type="plain-text">
              <location>yadda.pack:/archive/bwmeta1.element.id-from-db-book-otworz-ksiazke-28365-slugu_zrodel_nowoczesnej_gospodarki_europejskiej/content/plain-text/0021.txt</location>
              <name lang="und" type="file-name">0021.txt</name>
            </file>
            <name lang="zxx">41-42</name>
          </directory>
          <directory id="page-22" type="multi-type">
            <file format="image/jpg" id="file.732502ddf8d662e4d09fbbdd95eb33e8" langs="und" size="580325" type="full-text">
              <location>yadda.pack:/archive/bwmeta1.element.id-from-db-book-otworz-ksiazke-28365-slugu_zrodel_nowoczesnej_gospodarki_europejskiej/content/full-text/0022.jpg</location>
              <name lang="zxx" type="file-name">0022.jpg</name>
            </file>
            <file format="text/plain" id="file.68b150bc4493ed0e238f20138585deff" langs="und" size="4562" type="plain-text">
              <location>yadda.pack:/archive/bwmeta1.element.id-from-db-book-otworz-ksiazke-28365-slugu_zrodel_nowoczesnej_gospodarki_europejskiej/content/plain-text/0022.txt</location>
              <name lang="und" type="file-name">0022.txt</name>
            </file>
            <name lang="zxx">43-44</name>
          </directory>
          <directory id="page-23" type="multi-type">
            <file format="image/jpg" id="file.5fd81fbbc75aa2224bd208ef860cf20a" langs="und" size="589862" type="full-text">
              <location>yadda.pack:/archive/bwmeta1.element.id-from-db-book-otworz-ksiazke-28365-slugu_zrodel_nowoczesnej_gospodarki_europejskiej/content/full-text/0023.jpg</location>
              <name lang="zxx" type="file-name">0023.jpg</name>
            </file>
            <file format="text/plain" id="file.6cef4e6fe7a62d03764203acb29d758c" langs="und" size="4398" type="plain-text">
              <location>yadda.pack:/archive/bwmeta1.element.id-from-db-book-otworz-ksiazke-28365-slugu_zrodel_nowoczesnej_gospodarki_europejskiej/content/plain-text/0023.txt</location>
              <name lang="und" type="file-name">0023.txt</name>
            </file>
            <name lang="zxx">45-46</name>
          </directory>
          <directory id="page-24" type="multi-type">
            <file format="image/jpg" id="file.bef2557e07c6ff09286032cb6f830d5f" langs="und" size="382793" type="full-text">
              <location>yadda.pack:/archive/bwmeta1.element.id-from-db-book-otworz-ksiazke-28365-slugu_zrodel_nowoczesnej_gospodarki_europejskiej/content/full-text/0024.jpg</location>
              <name lang="zxx" type="file-name">0024.jpg</name>
            </file>
            <file format="text/plain" id="file.c86125e884e05b9706d152986eccab25" langs="und" size="2311" type="plain-text">
              <location>yadda.pack:/archive/bwmeta1.element.id-from-db-book-otworz-ksiazke-28365-slugu_zrodel_nowoczesnej_gospodarki_europejskiej/content/plain-text/0024.txt</location>
              <name lang="und" type="file-name">0024.txt</name>
            </file>
            <name lang="zxx">47-48</name>
          </directory>
          <directory id="page-25" type="multi-type">
            <file format="image/jpg" id="file.14a5449628595aff715a72c248bea7b5" langs="und" size="390138" type="full-text">
              <location>yadda.pack:/archive/bwmeta1.element.id-from-db-book-otworz-ksiazke-28365-slugu_zrodel_nowoczesnej_gospodarki_europejskiej/content/full-text/0025.jpg</location>
              <name lang="zxx" type="file-name">0025.jpg</name>
            </file>
            <file format="text/plain" id="file.ca14f5e8d94b9f6785baeb4c5f58814e" langs="und" size="2353" type="plain-text">
              <location>yadda.pack:/archive/bwmeta1.element.id-from-db-book-otworz-ksiazke-28365-slugu_zrodel_nowoczesnej_gospodarki_europejskiej/content/plain-text/0025.txt</location>
              <name lang="und" type="file-name">0025.txt</name>
            </file>
            <name lang="zxx">49-50</name>
          </directory>
          <directory id="page-26" type="multi-type">
            <file format="image/jpg" id="file.9263c78b95714eeef8f6e6f1e6d1fa32" langs="und" size="564645" type="full-text">
              <location>yadda.pack:/archive/bwmeta1.element.id-from-db-book-otworz-ksiazke-28365-slugu_zrodel_nowoczesnej_gospodarki_europejskiej/content/full-text/0026.jpg</location>
              <name lang="zxx" type="file-name">0026.jpg</name>
            </file>
            <file format="text/plain" id="file.0368838e2008dd6bdd3942b16f1f6664" langs="und" size="4958" type="plain-text">
              <location>yadda.pack:/archive/bwmeta1.element.id-from-db-book-otworz-ksiazke-28365-slugu_zrodel_nowoczesnej_gospodarki_europejskiej/content/plain-text/0026.txt</location>
              <name lang="und" type="file-name">0026.txt</name>
            </file>
            <name lang="zxx">51-52</name>
          </directory>
          <directory id="page-27" type="multi-type">
            <file format="image/jpg" id="file.4645f84c4789c5a1d003e4e307285143" langs="und" size="493865" type="full-text">
              <location>yadda.pack:/archive/bwmeta1.element.id-from-db-book-otworz-ksiazke-28365-slugu_zrodel_nowoczesnej_gospodarki_europejskiej/content/full-text/0027.jpg</location>
              <name lang="zxx" type="file-name">0027.jpg</name>
            </file>
            <file format="text/plain" id="file.8029800e4e1a3d100324080825b82617" langs="und" size="2456" type="plain-text">
              <location>yadda.pack:/archive/bwmeta1.element.id-from-db-book-otworz-ksiazke-28365-slugu_zrodel_nowoczesnej_gospodarki_europejskiej/content/plain-text/0027.txt</location>
              <name lang="und" type="file-name">0027.txt</name>
            </file>
            <name lang="zxx">53-54</name>
          </directory>
          <name lang="und">Rolnictwo i wyżywienie Europy</name>
        </directory>
        <directory id="r-5" type="paged">
          <directory id="page-28" type="multi-type">
            <file format="image/jpg" id="file.34f07dd70e2b066885c8d9ccec41d201" langs="und" size="569168" type="full-text">
              <location>yadda.pack:/archive/bwmeta1.element.id-from-db-book-otworz-ksiazke-28365-slugu_zrodel_nowoczesnej_gospodarki_europejskiej/content/full-text/0028.jpg</location>
              <name lang="zxx" type="file-name">0028.jpg</name>
            </file>
            <file format="text/plain" id="file.5f2eb145c8fa59f27f1c236bbc2cea28" langs="und" size="4299" type="plain-text">
              <location>yadda.pack:/archive/bwmeta1.element.id-from-db-book-otworz-ksiazke-28365-slugu_zrodel_nowoczesnej_gospodarki_europejskiej/content/plain-text/0028.txt</location>
              <name lang="und" type="file-name">0028.txt</name>
            </file>
            <name lang="zxx">55-56</name>
          </directory>
          <directory id="page-29" type="multi-type">
            <file format="image/jpg" id="file.1d66ac14c7a5c6c148a17326c3baeb5a" langs="und" size="565118" type="full-text">
              <location>yadda.pack:/archive/bwmeta1.element.id-from-db-book-otworz-ksiazke-28365-slugu_zrodel_nowoczesnej_gospodarki_europejskiej/content/full-text/0029.jpg</location>
              <name lang="zxx" type="file-name">0029.jpg</name>
            </file>
            <file format="text/plain" id="file.ef39f5868a894e2ad8f2ab5c2c090c9c" langs="und" size="4266" type="plain-text">
              <location>yadda.pack:/archive/bwmeta1.element.id-from-db-book-otworz-ksiazke-28365-slugu_zrodel_nowoczesnej_gospodarki_europejskiej/content/plain-text/0029.txt</location>
              <name lang="und" type="file-name">0029.txt</name>
            </file>
            <name lang="zxx">57-58</name>
          </directory>
          <directory id="page-30" type="multi-type">
            <file format="image/jpg" id="file.d086304929539cffe32db2c6c0d41372" langs="und" size="556551" type="full-text">
              <location>yadda.pack:/archive/bwmeta1.element.id-from-db-book-otworz-ksiazke-28365-slugu_zrodel_nowoczesnej_gospodarki_europejskiej/content/full-text/0030.jpg</location>
              <name lang="zxx" type="file-name">0030.jpg</name>
            </file>
            <file format="text/plain" id="file.fdd4d4750684182eb2efb06223cec3d8" langs="und" size="4368" type="plain-text">
              <location>yadda.pack:/archive/bwmeta1.element.id-from-db-book-otworz-ksiazke-28365-slugu_zrodel_nowoczesnej_gospodarki_europejskiej/content/plain-text/0030.txt</location>
              <name lang="und" type="file-name">0030.txt</name>
            </file>
            <name lang="zxx">59-60</name>
          </directory>
          <directory id="page-31" type="multi-type">
            <file format="image/jpg" id="file.def48456396821fc13426f5fc78ad653" langs="und" size="538833" type="full-text">
              <location>yadda.pack:/archive/bwmeta1.element.id-from-db-book-otworz-ksiazke-28365-slugu_zrodel_nowoczesnej_gospodarki_europejskiej/content/full-text/0031.jpg</location>
              <name lang="zxx" type="file-name">0031.jpg</name>
            </file>
            <file format="text/plain" id="file.59aae4001cc5e5158940ae8af6485f01" langs="und" size="3923" type="plain-text">
              <location>yadda.pack:/archive/bwmeta1.element.id-from-db-book-otworz-ksiazke-28365-slugu_zrodel_nowoczesnej_gospodarki_europejskiej/content/plain-text/0031.txt</location>
              <name lang="und" type="file-name">0031.txt</name>
            </file>
            <name lang="zxx">61-62</name>
          </directory>
          <directory id="page-32" type="multi-type">
            <file format="image/jpg" id="file.288298c2926d42ae74ce330adc5380e8" langs="und" size="551879" type="full-text">
              <location>yadda.pack:/archive/bwmeta1.element.id-from-db-book-otworz-ksiazke-28365-slugu_zrodel_nowoczesnej_gospodarki_europejskiej/content/full-text/0032.jpg</location>
              <name lang="zxx" type="file-name">0032.jpg</name>
            </file>
            <file format="text/plain" id="file.5a9ab868bfe37f1121f31e7a1651bca7" langs="und" size="4295" type="plain-text">
              <location>yadda.pack:/archive/bwmeta1.element.id-from-db-book-otworz-ksiazke-28365-slugu_zrodel_nowoczesnej_gospodarki_europejskiej/content/plain-text/0032.txt</location>
              <name lang="und" type="file-name">0032.txt</name>
            </file>
            <name lang="zxx">63-64</name>
          </directory>
          <directory id="page-33" type="multi-type">
            <file format="image/jpg" id="file.484a684696ad514865c61c02664da3b3" langs="und" size="561073" type="full-text">
              <location>yadda.pack:/archive/bwmeta1.element.id-from-db-book-otworz-ksiazke-28365-slugu_zrodel_nowoczesnej_gospodarki_europejskiej/content/full-text/0033.jpg</location>
              <name lang="zxx" type="file-name">0033.jpg</name>
            </file>
            <file format="text/plain" id="file.2d036ccd49c713014956f5aa085b24b2" langs="und" size="4425" type="plain-text">
              <location>yadda.pack:/archive/bwmeta1.element.id-from-db-book-otworz-ksiazke-28365-slugu_zrodel_nowoczesnej_gospodarki_europejskiej/content/plain-text/0033.txt</location>
              <name lang="und" type="file-name">0033.txt</name>
            </file>
            <name lang="zxx">65-66</name>
          </directory>
          <directory id="page-34" type="multi-type">
            <file format="image/jpg" id="file.4e16126eee436ab717a6c8c7e6cac181" langs="und" size="558708" type="full-text">
              <location>yadda.pack:/archive/bwmeta1.element.id-from-db-book-otworz-ksiazke-28365-slugu_zrodel_nowoczesnej_gospodarki_europejskiej/content/full-text/0034.jpg</location>
              <name lang="zxx" type="file-name">0034.jpg</name>
            </file>
            <file format="text/plain" id="file.c317a0493b719a96d7573a5c099ec457" langs="und" size="4341" type="plain-text">
              <location>yadda.pack:/archive/bwmeta1.element.id-from-db-book-otworz-ksiazke-28365-slugu_zrodel_nowoczesnej_gospodarki_europejskiej/content/plain-text/0034.txt</location>
              <name lang="und" type="file-name">0034.txt</name>
            </file>
            <name lang="zxx">67-68</name>
          </directory>
          <directory id="page-35" type="multi-type">
            <file format="image/jpg" id="file.6194e367368f6a8cae66e80cd825cecf" langs="und" size="556650" type="full-text">
              <location>yadda.pack:/archive/bwmeta1.element.id-from-db-book-otworz-ksiazke-28365-slugu_zrodel_nowoczesnej_gospodarki_europejskiej/content/full-text/0035.jpg</location>
              <name lang="zxx" type="file-name">0035.jpg</name>
            </file>
            <file format="text/plain" id="file.844942365b8fffd76ad949af8c645748" langs="und" size="4277" type="plain-text">
              <location>yadda.pack:/archive/bwmeta1.element.id-from-db-book-otworz-ksiazke-28365-slugu_zrodel_nowoczesnej_gospodarki_europejskiej/content/plain-text/0035.txt</location>
              <name lang="und" type="file-name">0035.txt</name>
            </file>
            <name lang="zxx">69-70</name>
          </directory>
          <directory id="page-36" type="multi-type">
            <file format="image/jpg" id="file.c9720d067ec941ac2b6a9346df624408" langs="und" size="535797" type="full-text">
              <location>yadda.pack:/archive/bwmeta1.element.id-from-db-book-otworz-ksiazke-28365-slugu_zrodel_nowoczesnej_gospodarki_europejskiej/content/full-text/0036.jpg</location>
              <name lang="zxx" type="file-name">0036.jpg</name>
            </file>
            <file format="text/plain" id="file.ab0e3a490d0649cbaf51e1fd6673a4c0" langs="und" size="3995" type="plain-text">
              <location>yadda.pack:/archive/bwmeta1.element.id-from-db-book-otworz-ksiazke-28365-slugu_zrodel_nowoczesnej_gospodarki_europejskiej/content/plain-text/0036.txt</location>
              <name lang="und" type="file-name">0036.txt</name>
            </file>
            <name lang="zxx">71-72</name>
          </directory>
          <directory id="page-37" type="multi-type">
            <file format="image/jpg" id="file.665c562e023f89d06c2d8110390f2226" langs="und" size="518473" type="full-text">
              <location>yadda.pack:/archive/bwmeta1.element.id-from-db-book-otworz-ksiazke-28365-slugu_zrodel_nowoczesnej_gospodarki_europejskiej/content/full-text/0037.jpg</location>
              <name lang="zxx" type="file-name">0037.jpg</name>
            </file>
            <file format="text/plain" id="file.21660fee8dffb9651519d8ad31d61005" langs="und" size="2981" type="plain-text">
              <location>yadda.pack:/archive/bwmeta1.element.id-from-db-book-otworz-ksiazke-28365-slugu_zrodel_nowoczesnej_gospodarki_europejskiej/content/plain-text/0037.txt</location>
              <name lang="und" type="file-name">0037.txt</name>
            </file>
            <name lang="zxx">73-74</name>
          </directory>
          <directory id="page-38" type="multi-type">
            <file format="image/jpg" id="file.77674a34b527ca2c1ad59ce350a6b3d1" langs="und" size="501213" type="full-text">
              <location>yadda.pack:/archive/bwmeta1.element.id-from-db-book-otworz-ksiazke-28365-slugu_zrodel_nowoczesnej_gospodarki_europejskiej/content/full-text/0038.jpg</location>
              <name lang="zxx" type="file-name">0038.jpg</name>
            </file>
            <file format="text/plain" id="file.ce4bdc9284d76a978a92cc2fa58611e5" langs="und" size="2087" type="plain-text">
              <location>yadda.pack:/archive/bwmeta1.element.id-from-db-book-otworz-ksiazke-28365-slugu_zrodel_nowoczesnej_gospodarki_europejskiej/content/plain-text/0038.txt</location>
              <name lang="und" type="file-name">0038.txt</name>
            </file>
            <name lang="zxx">75-76</name>
          </directory>
          <directory id="page-39" type="multi-type">
            <file format="image/jpg" id="file.96a7fa90ad718cf4ceab263622382e28" langs="und" size="518253" type="full-text">
              <location>yadda.pack:/archive/bwmeta1.element.id-from-db-book-otworz-ksiazke-28365-slugu_zrodel_nowoczesnej_gospodarki_europejskiej/content/full-text/0039.jpg</location>
              <name lang="zxx" type="file-name">0039.jpg</name>
            </file>
            <file format="text/plain" id="file.944502acda834112ce32b5779d7aec8f" langs="und" size="3684" type="plain-text">
              <location>yadda.pack:/archive/bwmeta1.element.id-from-db-book-otworz-ksiazke-28365-slugu_zrodel_nowoczesnej_gospodarki_europejskiej/content/plain-text/0039.txt</location>
              <name lang="und" type="file-name">0039.txt</name>
            </file>
            <name lang="zxx">77-78</name>
          </directory>
          <name lang="und">Kolonie</name>
        </directory>
        <directory id="r-6" type="paged">
          <directory id="page-40" type="multi-type">
            <file format="image/jpg" id="file.4f9b42518994ea414c9ebcf71b9675dc" langs="und" size="500835" type="full-text">
              <location>yadda.pack:/archive/bwmeta1.element.id-from-db-book-otworz-ksiazke-28365-slugu_zrodel_nowoczesnej_gospodarki_europejskiej/content/full-text/0040.jpg</location>
              <name lang="zxx" type="file-name">0040.jpg</name>
            </file>
            <file format="text/plain" id="file.ac76944ceb38bdbf549be3019e4c715f" langs="und" size="2363" type="plain-text">
              <location>yadda.pack:/archive/bwmeta1.element.id-from-db-book-otworz-ksiazke-28365-slugu_zrodel_nowoczesnej_gospodarki_europejskiej/content/plain-text/0040.txt</location>
              <name lang="und" type="file-name">0040.txt</name>
            </file>
            <name lang="zxx">79-80</name>
          </directory>
          <directory id="page-41" type="multi-type">
            <file format="image/jpg" id="file.6f927a31914e28f762097ab218a92b13" langs="und" size="560017" type="full-text">
              <location>yadda.pack:/archive/bwmeta1.element.id-from-db-book-otworz-ksiazke-28365-slugu_zrodel_nowoczesnej_gospodarki_europejskiej/content/full-text/0041.jpg</location>
              <name lang="zxx" type="file-name">0041.jpg</name>
            </file>
            <file format="text/plain" id="file.f10d9e6a9e13c7b8daef0c119d5469b9" langs="und" size="4585" type="plain-text">
              <location>yadda.pack:/archive/bwmeta1.element.id-from-db-book-otworz-ksiazke-28365-slugu_zrodel_nowoczesnej_gospodarki_europejskiej/content/plain-text/0041.txt</location>
              <name lang="und" type="file-name">0041.txt</name>
            </file>
            <name lang="zxx">81-82</name>
          </directory>
          <directory id="page-42" type="multi-type">
            <file format="image/jpg" id="file.7ec36e74685e7d5fe24032383bb9a32a" langs="und" size="551443" type="full-text">
              <location>yadda.pack:/archive/bwmeta1.element.id-from-db-book-otworz-ksiazke-28365-slugu_zrodel_nowoczesnej_gospodarki_europejskiej/content/full-text/0042.jpg</location>
              <name lang="zxx" type="file-name">0042.jpg</name>
            </file>
            <file format="text/plain" id="file.ccea2df9ee657e2fe1396907f1937a3b" langs="und" size="4436" type="plain-text">
              <location>yadda.pack:/archive/bwmeta1.element.id-from-db-book-otworz-ksiazke-28365-slugu_zrodel_nowoczesnej_gospodarki_europejskiej/content/plain-text/0042.txt</location>
              <name lang="und" type="file-name">0042.txt</name>
            </file>
            <name lang="zxx">83-84</name>
          </directory>
          <directory id="page-43" type="multi-type">
            <file format="image/jpg" id="file.320852513c10aaa91bda86115038517a" langs="und" size="564364" type="full-text">
              <location>yadda.pack:/archive/bwmeta1.element.id-from-db-book-otworz-ksiazke-28365-slugu_zrodel_nowoczesnej_gospodarki_europejskiej/content/full-text/0043.jpg</location>
              <name lang="zxx" type="file-name">0043.jpg</name>
            </file>
            <file format="text/plain" id="file.49887f6f5659fa5866b6c2b8a093c565" langs="und" size="4402" type="plain-text">
              <location>yadda.pack:/archive/bwmeta1.element.id-from-db-book-otworz-ksiazke-28365-slugu_zrodel_nowoczesnej_gospodarki_europejskiej/content/plain-text/0043.txt</location>
              <name lang="und" type="file-name">0043.txt</name>
            </file>
            <name lang="zxx">85-86</name>
          </directory>
          <directory id="page-44" type="multi-type">
            <file format="image/jpg" id="file.1049dca7ffd4433ab4769eb37fa78960" langs="und" size="572041" type="full-text">
              <location>yadda.pack:/archive/bwmeta1.element.id-from-db-book-otworz-ksiazke-28365-slugu_zrodel_nowoczesnej_gospodarki_europejskiej/content/full-text/0044.jpg</location>
              <name lang="zxx" type="file-name">0044.jpg</name>
            </file>
            <file format="text/plain" id="file.6eb6e993bb9ed52991e627f3c860bba6" langs="und" size="4249" type="plain-text">
              <location>yadda.pack:/archive/bwmeta1.element.id-from-db-book-otworz-ksiazke-28365-slugu_zrodel_nowoczesnej_gospodarki_europejskiej/content/plain-text/0044.txt</location>
              <name lang="und" type="file-name">0044.txt</name>
            </file>
            <name lang="zxx">87-88</name>
          </directory>
          <directory id="page-45" type="multi-type">
            <file format="image/jpg" id="file.1f4eb3bb028c0d53a80cd6f2525e8005" langs="und" size="582187" type="full-text">
              <location>yadda.pack:/archive/bwmeta1.element.id-from-db-book-otworz-ksiazke-28365-slugu_zrodel_nowoczesnej_gospodarki_europejskiej/content/full-text/0045.jpg</location>
              <name lang="zxx" type="file-name">0045.jpg</name>
            </file>
            <file format="text/plain" id="file.5a5f56b2163f2ffad89fcf4b35cf6898" langs="und" size="4447" type="plain-text">
              <location>yadda.pack:/archive/bwmeta1.element.id-from-db-book-otworz-ksiazke-28365-slugu_zrodel_nowoczesnej_gospodarki_europejskiej/content/plain-text/0045.txt</location>
              <name lang="und" type="file-name">0045.txt</name>
            </file>
            <name lang="zxx">89-90</name>
          </directory>
          <directory id="page-46" type="multi-type">
            <file format="image/jpg" id="file.80bd933227a4bbe8ca399f41aa36c8be" langs="und" size="569137" type="full-text">
              <location>yadda.pack:/archive/bwmeta1.element.id-from-db-book-otworz-ksiazke-28365-slugu_zrodel_nowoczesnej_gospodarki_europejskiej/content/full-text/0046.jpg</location>
              <name lang="zxx" type="file-name">0046.jpg</name>
            </file>
            <file format="text/plain" id="file.d1a9cc305d09847ec3b56a69562ac6c9" langs="und" size="4371" type="plain-text">
              <location>yadda.pack:/archive/bwmeta1.element.id-from-db-book-otworz-ksiazke-28365-slugu_zrodel_nowoczesnej_gospodarki_europejskiej/content/plain-text/0046.txt</location>
              <name lang="und" type="file-name">0046.txt</name>
            </file>
            <name lang="zxx">91-92</name>
          </directory>
          <directory id="page-47" type="multi-type">
            <file format="image/jpg" id="file.17f9bf0bc9633c7415e4de2670f83576" langs="und" size="570230" type="full-text">
              <location>yadda.pack:/archive/bwmeta1.element.id-from-db-book-otworz-ksiazke-28365-slugu_zrodel_nowoczesnej_gospodarki_europejskiej/content/full-text/0047.jpg</location>
              <name lang="zxx" type="file-name">0047.jpg</name>
            </file>
            <file format="text/plain" id="file.cb9fa69ae37f351ae67d2c88feadc6bb" langs="und" size="4255" type="plain-text">
              <location>yadda.pack:/archive/bwmeta1.element.id-from-db-book-otworz-ksiazke-28365-slugu_zrodel_nowoczesnej_gospodarki_europejskiej/content/plain-text/0047.txt</location>
              <name lang="und" type="file-name">0047.txt</name>
            </file>
            <name lang="zxx">93-94</name>
          </directory>
          <directory id="page-48" type="multi-type">
            <file format="image/jpg" id="file.27159e74b3809cd2f215c0911d0bb23f" langs="und" size="554660" type="full-text">
              <location>yadda.pack:/archive/bwmeta1.element.id-from-db-book-otworz-ksiazke-28365-slugu_zrodel_nowoczesnej_gospodarki_europejskiej/content/full-text/0048.jpg</location>
              <name lang="zxx" type="file-name">0048.jpg</name>
            </file>
            <file format="text/plain" id="file.f87fcb760214d37381e1b7a8806e141c" langs="und" size="4259" type="plain-text">
              <location>yadda.pack:/archive/bwmeta1.element.id-from-db-book-otworz-ksiazke-28365-slugu_zrodel_nowoczesnej_gospodarki_europejskiej/content/plain-text/0048.txt</location>
              <name lang="und" type="file-name">0048.txt</name>
            </file>
            <name lang="zxx">95-96</name>
          </directory>
          <directory id="page-49" type="multi-type">
            <file format="image/jpg" id="file.8051cf90696e06801af2f305f2a3cc12" langs="und" size="551518" type="full-text">
              <location>yadda.pack:/archive/bwmeta1.element.id-from-db-book-otworz-ksiazke-28365-slugu_zrodel_nowoczesnej_gospodarki_europejskiej/content/full-text/0049.jpg</location>
              <name lang="zxx" type="file-name">0049.jpg</name>
            </file>
            <file format="text/plain" id="file.0ccc4816c3012a27768525a4151bfa73" langs="und" size="4356" type="plain-text">
              <location>yadda.pack:/archive/bwmeta1.element.id-from-db-book-otworz-ksiazke-28365-slugu_zrodel_nowoczesnej_gospodarki_europejskiej/content/plain-text/0049.txt</location>
              <name lang="und" type="file-name">0049.txt</name>
            </file>
            <name lang="zxx">97-98</name>
          </directory>
          <directory id="page-50" type="multi-type">
            <file format="image/jpg" id="file.139bd82d93f652d223c5286b0d2469ec" langs="und" size="546555" type="full-text">
              <location>yadda.pack:/archive/bwmeta1.element.id-from-db-book-otworz-ksiazke-28365-slugu_zrodel_nowoczesnej_gospodarki_europejskiej/content/full-text/0050.jpg</location>
              <name lang="zxx" type="file-name">0050.jpg</name>
            </file>
            <file format="text/plain" id="file.b4c9261e6f06edf69e34c2c57ebdfc8c" langs="und" size="4450" type="plain-text">
              <location>yadda.pack:/archive/bwmeta1.element.id-from-db-book-otworz-ksiazke-28365-slugu_zrodel_nowoczesnej_gospodarki_europejskiej/content/plain-text/0050.txt</location>
              <name lang="und" type="file-name">0050.txt</name>
            </file>
            <name lang="zxx">99-100</name>
          </directory>
          <directory id="page-51" type="multi-type">
            <file format="image/jpg" id="file.9954380e5610d5a3ab8def702506fbfc" langs="und" size="557509" type="full-text">
              <location>yadda.pack:/archive/bwmeta1.element.id-from-db-book-otworz-ksiazke-28365-slugu_zrodel_nowoczesnej_gospodarki_europejskiej/content/full-text/0051.jpg</location>
              <name lang="zxx" type="file-name">0051.jpg</name>
            </file>
            <file format="text/plain" id="file.f32471f849d14a95b197cf02539b92e1" langs="und" size="4327" type="plain-text">
              <location>yadda.pack:/archive/bwmeta1.element.id-from-db-book-otworz-ksiazke-28365-slugu_zrodel_nowoczesnej_gospodarki_europejskiej/content/plain-text/0051.txt</location>
              <name lang="und" type="file-name">0051.txt</name>
            </file>
            <name lang="zxx">101-102</name>
          </directory>
          <directory id="page-52" type="multi-type">
            <file format="image/jpg" id="file.bca7ad591d433e648615d15ac8c14701" langs="und" size="548852" type="full-text">
              <location>yadda.pack:/archive/bwmeta1.element.id-from-db-book-otworz-ksiazke-28365-slugu_zrodel_nowoczesnej_gospodarki_europejskiej/content/full-text/0052.jpg</location>
              <name lang="zxx" type="file-name">0052.jpg</name>
            </file>
            <file format="text/plain" id="file.8f4f74be375f843e0013cfdcd1af8d2f" langs="und" size="4418" type="plain-text">
              <location>yadda.pack:/archive/bwmeta1.element.id-from-db-book-otworz-ksiazke-28365-slugu_zrodel_nowoczesnej_gospodarki_europejskiej/content/plain-text/0052.txt</location>
              <name lang="und" type="file-name">0052.txt</name>
            </file>
            <name lang="zxx">103-104</name>
          </directory>
          <directory id="page-53" type="multi-type">
            <file format="image/jpg" id="file.5193fed0e1ebbe609ff00188dd5da1fd" langs="und" size="558528" type="full-text">
              <location>yadda.pack:/archive/bwmeta1.element.id-from-db-book-otworz-ksiazke-28365-slugu_zrodel_nowoczesnej_gospodarki_europejskiej/content/full-text/0053.jpg</location>
              <name lang="zxx" type="file-name">0053.jpg</name>
            </file>
            <file format="text/plain" id="file.015d17f5c2691fdf690216168cc4b1a2" langs="und" size="4257" type="plain-text">
              <location>yadda.pack:/archive/bwmeta1.element.id-from-db-book-otworz-ksiazke-28365-slugu_zrodel_nowoczesnej_gospodarki_europejskiej/content/plain-text/0053.txt</location>
              <name lang="und" type="file-name">0053.txt</name>
            </file>
            <name lang="zxx">105-106</name>
          </directory>
          <directory id="page-54" type="multi-type">
            <file format="image/jpg" id="file.73a183b7dc5deed1cd0674f705978cb2" langs="und" size="480399" type="full-text">
              <location>yadda.pack:/archive/bwmeta1.element.id-from-db-book-otworz-ksiazke-28365-slugu_zrodel_nowoczesnej_gospodarki_europejskiej/content/full-text/0054.jpg</location>
              <name lang="zxx" type="file-name">0054.jpg</name>
            </file>
            <file format="text/plain" id="file.237e1e42b0a883f7cfca1e59e8c38630" langs="und" size="2791" type="plain-text">
              <location>yadda.pack:/archive/bwmeta1.element.id-from-db-book-otworz-ksiazke-28365-slugu_zrodel_nowoczesnej_gospodarki_europejskiej/content/plain-text/0054.txt</location>
              <name lang="und" type="file-name">0054.txt</name>
            </file>
            <name lang="zxx">107-108</name>
          </directory>
          <name lang="und">Pieniądz i kapitał</name>
        </directory>
        <directory id="r-7" type="paged">
          <directory id="page-55" type="multi-type">
            <file format="image/jpg" id="file.36b002cc547caddcd937923cf03b161a" langs="und" size="551808" type="full-text">
              <location>yadda.pack:/archive/bwmeta1.element.id-from-db-book-otworz-ksiazke-28365-slugu_zrodel_nowoczesnej_gospodarki_europejskiej/content/full-text/0055.jpg</location>
              <name lang="zxx" type="file-name">0055.jpg</name>
            </file>
            <file format="text/plain" id="file.a16f84ed2cdc54cafa3f1ee06e47b828" langs="und" size="4289" type="plain-text">
              <location>yadda.pack:/archive/bwmeta1.element.id-from-db-book-otworz-ksiazke-28365-slugu_zrodel_nowoczesnej_gospodarki_europejskiej/content/plain-text/0055.txt</location>
              <name lang="und" type="file-name">0055.txt</name>
            </file>
            <name lang="zxx">109-110</name>
          </directory>
          <directory id="page-56" type="multi-type">
            <file format="image/jpg" id="file.e0d3d678e587e9eb5286763effbe256c" langs="und" size="546307" type="full-text">
              <location>yadda.pack:/archive/bwmeta1.element.id-from-db-book-otworz-ksiazke-28365-slugu_zrodel_nowoczesnej_gospodarki_europejskiej/content/full-text/0056.jpg</location>
              <name lang="zxx" type="file-name">0056.jpg</name>
            </file>
            <file format="text/plain" id="file.7df4eb6a679fb2e416316568c515b3ef" langs="und" size="4494" type="plain-text">
              <location>yadda.pack:/archive/bwmeta1.element.id-from-db-book-otworz-ksiazke-28365-slugu_zrodel_nowoczesnej_gospodarki_europejskiej/content/plain-text/0056.txt</location>
              <name lang="und" type="file-name">0056.txt</name>
            </file>
            <name lang="zxx">111-112</name>
          </directory>
          <directory id="page-57" type="multi-type">
            <file format="image/jpg" id="file.bf73df900058a5161a65b87f702c37fd" langs="und" size="560870" type="full-text">
              <location>yadda.pack:/archive/bwmeta1.element.id-from-db-book-otworz-ksiazke-28365-slugu_zrodel_nowoczesnej_gospodarki_europejskiej/content/full-text/0057.jpg</location>
              <name lang="zxx" type="file-name">0057.jpg</name>
            </file>
            <file format="text/plain" id="file.b7c0dd1599ea3e20c94823d6ff4c0f59" langs="und" size="4495" type="plain-text">
              <location>yadda.pack:/archive/bwmeta1.element.id-from-db-book-otworz-ksiazke-28365-slugu_zrodel_nowoczesnej_gospodarki_europejskiej/content/plain-text/0057.txt</location>
              <name lang="und" type="file-name">0057.txt</name>
            </file>
            <name lang="zxx">113-114</name>
          </directory>
          <directory id="page-58" type="multi-type">
            <file format="image/jpg" id="file.e511527d6498f455acefb14972ad637b" langs="und" size="559542" type="full-text">
              <location>yadda.pack:/archive/bwmeta1.element.id-from-db-book-otworz-ksiazke-28365-slugu_zrodel_nowoczesnej_gospodarki_europejskiej/content/full-text/0058.jpg</location>
              <name lang="zxx" type="file-name">0058.jpg</name>
            </file>
            <file format="text/plain" id="file.b3991b669ebd07d9fc2ca33f1bcd58aa" langs="und" size="4422" type="plain-text">
              <location>yadda.pack:/archive/bwmeta1.element.id-from-db-book-otworz-ksiazke-28365-slugu_zrodel_nowoczesnej_gospodarki_europejskiej/content/plain-text/0058.txt</location>
              <name lang="und" type="file-name">0058.txt</name>
            </file>
            <name lang="zxx">115-116</name>
          </directory>
          <directory id="page-59" type="multi-type">
            <file format="image/jpg" id="file.2e83f9af2606fa90f1a3c7bc7ad72582" langs="und" size="543835" type="full-text">
              <location>yadda.pack:/archive/bwmeta1.element.id-from-db-book-otworz-ksiazke-28365-slugu_zrodel_nowoczesnej_gospodarki_europejskiej/content/full-text/0059.jpg</location>
              <name lang="zxx" type="file-name">0059.jpg</name>
            </file>
            <file format="text/plain" id="file.7dd44faa2389895e8f562b8d31e300ca" langs="und" size="4237" type="plain-text">
              <location>yadda.pack:/archive/bwmeta1.element.id-from-db-book-otworz-ksiazke-28365-slugu_zrodel_nowoczesnej_gospodarki_europejskiej/content/plain-text/0059.txt</location>
              <name lang="und" type="file-name">0059.txt</name>
            </file>
            <name lang="zxx">117-118</name>
          </directory>
          <directory id="page-60" type="multi-type">
            <file format="image/jpg" id="file.274d5a330e3945d2cbb4066f98203b31" langs="und" size="542920" type="full-text">
              <location>yadda.pack:/archive/bwmeta1.element.id-from-db-book-otworz-ksiazke-28365-slugu_zrodel_nowoczesnej_gospodarki_europejskiej/content/full-text/0060.jpg</location>
              <name lang="zxx" type="file-name">0060.jpg</name>
            </file>
            <file format="text/plain" id="file.a136e4dd43613a3b9cc71ab9a18d7656" langs="und" size="4375" type="plain-text">
              <location>yadda.pack:/archive/bwmeta1.element.id-from-db-book-otworz-ksiazke-28365-slugu_zrodel_nowoczesnej_gospodarki_europejskiej/content/plain-text/0060.txt</location>
              <name lang="und" type="file-name">0060.txt</name>
            </file>
            <name lang="zxx">119-120</name>
          </directory>
          <directory id="page-61" type="multi-type">
            <file format="image/jpg" id="file.06a97cc7550a1bf0bca92b917333b0cd" langs="und" size="531941" type="full-text">
              <location>yadda.pack:/archive/bwmeta1.element.id-from-db-book-otworz-ksiazke-28365-slugu_zrodel_nowoczesnej_gospodarki_europejskiej/content/full-text/0061.jpg</location>
              <name lang="zxx" type="file-name">0061.jpg</name>
            </file>
            <file format="text/plain" id="file.5510bd3d993ea7b3799dea480fb07bfc" langs="und" size="4210" type="plain-text">
              <location>yadda.pack:/archive/bwmeta1.element.id-from-db-book-otworz-ksiazke-28365-slugu_zrodel_nowoczesnej_gospodarki_europejskiej/content/plain-text/0061.txt</location>
              <name lang="und" type="file-name">0061.txt</name>
            </file>
            <name lang="zxx">121-122</name>
          </directory>
          <directory id="page-62" type="multi-type">
            <file format="image/jpg" id="file.7c17610f23e71a000f267cbdbc9de738" langs="und" size="530619" type="full-text">
              <location>yadda.pack:/archive/bwmeta1.element.id-from-db-book-otworz-ksiazke-28365-slugu_zrodel_nowoczesnej_gospodarki_europejskiej/content/full-text/0062.jpg</location>
              <name lang="zxx" type="file-name">0062.jpg</name>
            </file>
            <file format="text/plain" id="file.a801f525f9028a7ecbee366345be7a58" langs="und" size="4346" type="plain-text">
              <location>yadda.pack:/archive/bwmeta1.element.id-from-db-book-otworz-ksiazke-28365-slugu_zrodel_nowoczesnej_gospodarki_europejskiej/content/plain-text/0062.txt</location>
              <name lang="und" type="file-name">0062.txt</name>
            </file>
            <name lang="zxx">123-124</name>
          </directory>
          <directory id="page-63" type="multi-type">
            <file format="image/jpg" id="file.131571dbec13e07b627a7cc53d484492" langs="und" size="541224" type="full-text">
              <location>yadda.pack:/archive/bwmeta1.element.id-from-db-book-otworz-ksiazke-28365-slugu_zrodel_nowoczesnej_gospodarki_europejskiej/content/full-text/0063.jpg</location>
              <name lang="zxx" type="file-name">0063.jpg</name>
            </file>
            <file format="text/plain" id="file.75dca9023fef37ee51482efc65005e88" langs="und" size="4416" type="plain-text">
              <location>yadda.pack:/archive/bwmeta1.element.id-from-db-book-otworz-ksiazke-28365-slugu_zrodel_nowoczesnej_gospodarki_europejskiej/content/plain-text/0063.txt</location>
              <name lang="und" type="file-name">0063.txt</name>
            </file>
            <name lang="zxx">125-126</name>
          </directory>
          <directory id="page-64" type="multi-type">
            <file format="image/jpg" id="file.211f2ffb0144146f66524605fd4ab5b3" langs="und" size="538294" type="full-text">
              <location>yadda.pack:/archive/bwmeta1.element.id-from-db-book-otworz-ksiazke-28365-slugu_zrodel_nowoczesnej_gospodarki_europejskiej/content/full-text/0064.jpg</location>
              <name lang="zxx" type="file-name">0064.jpg</name>
            </file>
            <file format="text/plain" id="file.41632c540b7d63a5dca5dd2a2e8e6bbd" langs="und" size="4240" type="plain-text">
              <location>yadda.pack:/archive/bwmeta1.element.id-from-db-book-otworz-ksiazke-28365-slugu_zrodel_nowoczesnej_gospodarki_europejskiej/content/plain-text/0064.txt</location>
              <name lang="und" type="file-name">0064.txt</name>
            </file>
            <name lang="zxx">127-128</name>
          </directory>
          <directory id="page-65" type="multi-type">
            <file format="image/jpg" id="file.5eee10338f0319d2b9beddfbff962dcb" langs="und" size="547973" type="full-text">
              <location>yadda.pack:/archive/bwmeta1.element.id-from-db-book-otworz-ksiazke-28365-slugu_zrodel_nowoczesnej_gospodarki_europejskiej/content/full-text/0065.jpg</location>
              <name lang="zxx" type="file-name">0065.jpg</name>
            </file>
            <file format="text/plain" id="file.c51ca2e140882ac00539981ac605f346" langs="und" size="4542" type="plain-text">
              <location>yadda.pack:/archive/bwmeta1.element.id-from-db-book-otworz-ksiazke-28365-slugu_zrodel_nowoczesnej_gospodarki_europejskiej/content/plain-text/0065.txt</location>
              <name lang="und" type="file-name">0065.txt</name>
            </file>
            <name lang="zxx">129-130</name>
          </directory>
          <directory id="page-66" type="multi-type">
            <file format="image/jpg" id="file.d5677cacb85b3fe0f15ed18858f52bdb" langs="und" size="540496" type="full-text">
              <location>yadda.pack:/archive/bwmeta1.element.id-from-db-book-otworz-ksiazke-28365-slugu_zrodel_nowoczesnej_gospodarki_europejskiej/content/full-text/0066.jpg</location>
              <name lang="zxx" type="file-name">0066.jpg</name>
            </file>
            <file format="text/plain" id="file.a9660d9322960100e41fb2e2f4d5437f" langs="und" size="4567" type="plain-text">
              <location>yadda.pack:/archive/bwmeta1.element.id-from-db-book-otworz-ksiazke-28365-slugu_zrodel_nowoczesnej_gospodarki_europejskiej/content/plain-text/0066.txt</location>
              <name lang="und" type="file-name">0066.txt</name>
            </file>
            <name lang="zxx">131-132</name>
          </directory>
          <directory id="page-67" type="multi-type">
            <file format="image/jpg" id="file.9bbfab96b3d6ffd49b6c4c1207c54408" langs="und" size="500319" type="full-text">
              <location>yadda.pack:/archive/bwmeta1.element.id-from-db-book-otworz-ksiazke-28365-slugu_zrodel_nowoczesnej_gospodarki_europejskiej/content/full-text/0067.jpg</location>
              <name lang="zxx" type="file-name">0067.jpg</name>
            </file>
            <file format="text/plain" id="file.cc188302a9dd5aca528b85fb5b870ada" langs="und" size="3528" type="plain-text">
              <location>yadda.pack:/archive/bwmeta1.element.id-from-db-book-otworz-ksiazke-28365-slugu_zrodel_nowoczesnej_gospodarki_europejskiej/content/plain-text/0067.txt</location>
              <name lang="und" type="file-name">0067.txt</name>
            </file>
            <name lang="zxx">133-134</name>
          </directory>
          <name lang="und">Przemysł</name>
        </directory>
        <directory id="r-8" type="paged">
          <directory id="page-68" type="multi-type">
            <file format="image/jpg" id="file.da8e16d4147a20628e3c61ffaf9c14bf" langs="und" size="545623" type="full-text">
              <location>yadda.pack:/archive/bwmeta1.element.id-from-db-book-otworz-ksiazke-28365-slugu_zrodel_nowoczesnej_gospodarki_europejskiej/content/full-text/0068.jpg</location>
              <name lang="zxx" type="file-name">0068.jpg</name>
            </file>
            <file format="text/plain" id="file.c6874220cc1f710e7ae97451fc50a888" langs="und" size="4491" type="plain-text">
              <location>yadda.pack:/archive/bwmeta1.element.id-from-db-book-otworz-ksiazke-28365-slugu_zrodel_nowoczesnej_gospodarki_europejskiej/content/plain-text/0068.txt</location>
              <name lang="und" type="file-name">0068.txt</name>
            </file>
            <name lang="zxx">135-136</name>
          </directory>
          <directory id="page-69" type="multi-type">
            <file format="image/jpg" id="file.7e02b494e8022e642b275a98212733c4" langs="und" size="547073" type="full-text">
              <location>yadda.pack:/archive/bwmeta1.element.id-from-db-book-otworz-ksiazke-28365-slugu_zrodel_nowoczesnej_gospodarki_europejskiej/content/full-text/0069.jpg</location>
              <name lang="zxx" type="file-name">0069.jpg</name>
            </file>
            <file format="text/plain" id="file.46cd4dd1879f43d6a7637fe923cda3d3" langs="und" size="4393" type="plain-text">
              <location>yadda.pack:/archive/bwmeta1.element.id-from-db-book-otworz-ksiazke-28365-slugu_zrodel_nowoczesnej_gospodarki_europejskiej/content/plain-text/0069.txt</location>
              <name lang="und" type="file-name">0069.txt</name>
            </file>
            <name lang="zxx">137-138</name>
          </directory>
          <directory id="page-70" type="multi-type">
            <file format="image/jpg" id="file.49dd5acd282476546157d7e7115afab5" langs="und" size="545175" type="full-text">
              <location>yadda.pack:/archive/bwmeta1.element.id-from-db-book-otworz-ksiazke-28365-slugu_zrodel_nowoczesnej_gospodarki_europejskiej/content/full-text/0070.jpg</location>
              <name lang="zxx" type="file-name">0070.jpg</name>
            </file>
            <file format="text/plain" id="file.13b7103b83a5dbd1787443059d115459" langs="und" size="4461" type="plain-text">
              <location>yadda.pack:/archive/bwmeta1.element.id-from-db-book-otworz-ksiazke-28365-slugu_zrodel_nowoczesnej_gospodarki_europejskiej/content/plain-text/0070.txt</location>
              <name lang="und" type="file-name">0070.txt</name>
            </file>
            <name lang="zxx">139-140</name>
          </directory>
          <directory id="page-71" type="multi-type">
            <file format="image/jpg" id="file.233e329c0c7ade6c66cce99c14e4ce10" langs="und" size="540287" type="full-text">
              <location>yadda.pack:/archive/bwmeta1.element.id-from-db-book-otworz-ksiazke-28365-slugu_zrodel_nowoczesnej_gospodarki_europejskiej/content/full-text/0071.jpg</location>
              <name lang="zxx" type="file-name">0071.jpg</name>
            </file>
            <file format="text/plain" id="file.cfb93195330418f6f1a7f315d98a72db" langs="und" size="4266" type="plain-text">
              <location>yadda.pack:/archive/bwmeta1.element.id-from-db-book-otworz-ksiazke-28365-slugu_zrodel_nowoczesnej_gospodarki_europejskiej/content/plain-text/0071.txt</location>
              <name lang="und" type="file-name">0071.txt</name>
            </file>
            <name lang="zxx">141-142</name>
          </directory>
          <directory id="page-72" type="multi-type">
            <file format="image/jpg" id="file.c1acebf0b6f71a584a371f600907026e" langs="und" size="547496" type="full-text">
              <location>yadda.pack:/archive/bwmeta1.element.id-from-db-book-otworz-ksiazke-28365-slugu_zrodel_nowoczesnej_gospodarki_europejskiej/content/full-text/0072.jpg</location>
              <name lang="zxx" type="file-name">0072.jpg</name>
            </file>
            <file format="text/plain" id="file.e3500fb7dde9d27dac16c373e0da1834" langs="und" size="4367" type="plain-text">
              <location>yadda.pack:/archive/bwmeta1.element.id-from-db-book-otworz-ksiazke-28365-slugu_zrodel_nowoczesnej_gospodarki_europejskiej/content/plain-text/0072.txt</location>
              <name lang="und" type="file-name">0072.txt</name>
            </file>
            <name lang="zxx">143-144</name>
          </directory>
          <directory id="page-73" type="multi-type">
            <file format="image/jpg" id="file.525224d3abe2a427d55eec5db5bddc8d" langs="und" size="550618" type="full-text">
              <location>yadda.pack:/archive/bwmeta1.element.id-from-db-book-otworz-ksiazke-28365-slugu_zrodel_nowoczesnej_gospodarki_europejskiej/content/full-text/0073.jpg</location>
              <name lang="zxx" type="file-name">0073.jpg</name>
            </file>
            <file format="text/plain" id="file.b2b845b189b7b655df2919d031f04249" langs="und" size="4488" type="plain-text">
              <location>yadda.pack:/archive/bwmeta1.element.id-from-db-book-otworz-ksiazke-28365-slugu_zrodel_nowoczesnej_gospodarki_europejskiej/content/plain-text/0073.txt</location>
              <name lang="und" type="file-name">0073.txt</name>
            </file>
            <name lang="zxx">145-146</name>
          </directory>
          <directory id="page-74" type="multi-type">
            <file format="image/jpg" id="file.492ae478db37c011a0c3998d07e65335" langs="und" size="540107" type="full-text">
              <location>yadda.pack:/archive/bwmeta1.element.id-from-db-book-otworz-ksiazke-28365-slugu_zrodel_nowoczesnej_gospodarki_europejskiej/content/full-text/0074.jpg</location>
              <name lang="zxx" type="file-name">0074.jpg</name>
            </file>
            <file format="text/plain" id="file.eccc793e39d09d8377c27def4b2181e8" langs="und" size="4437" type="plain-text">
              <location>yadda.pack:/archive/bwmeta1.element.id-from-db-book-otworz-ksiazke-28365-slugu_zrodel_nowoczesnej_gospodarki_europejskiej/content/plain-text/0074.txt</location>
              <name lang="und" type="file-name">0074.txt</name>
            </file>
            <name lang="zxx">147-148</name>
          </directory>
          <directory id="page-75" type="multi-type">
            <file format="image/jpg" id="file.bec281182d7af9085648c38ba42c61ba" langs="und" size="554033" type="full-text">
              <location>yadda.pack:/archive/bwmeta1.element.id-from-db-book-otworz-ksiazke-28365-slugu_zrodel_nowoczesnej_gospodarki_europejskiej/content/full-text/0075.jpg</location>
              <name lang="zxx" type="file-name">0075.jpg</name>
            </file>
            <file format="text/plain" id="file.d1f8493f1cb1d1095ff2bd73e24eface" langs="und" size="4359" type="plain-text">
              <location>yadda.pack:/archive/bwmeta1.element.id-from-db-book-otworz-ksiazke-28365-slugu_zrodel_nowoczesnej_gospodarki_europejskiej/content/plain-text/0075.txt</location>
              <name lang="und" type="file-name">0075.txt</name>
            </file>
            <name lang="zxx">149-150</name>
          </directory>
          <directory id="page-76" type="multi-type">
            <file format="image/jpg" id="file.7c19baaa71d44eb01fd5cba772f3ec7f" langs="und" size="545349" type="full-text">
              <location>yadda.pack:/archive/bwmeta1.element.id-from-db-book-otworz-ksiazke-28365-slugu_zrodel_nowoczesnej_gospodarki_europejskiej/content/full-text/0076.jpg</location>
              <name lang="zxx" type="file-name">0076.jpg</name>
            </file>
            <file format="text/plain" id="file.9cf1541ac65b93cd7542ab540ceeea7e" langs="und" size="4315" type="plain-text">
              <location>yadda.pack:/archive/bwmeta1.element.id-from-db-book-otworz-ksiazke-28365-slugu_zrodel_nowoczesnej_gospodarki_europejskiej/content/plain-text/0076.txt</location>
              <name lang="und" type="file-name">0076.txt</name>
            </file>
            <name lang="zxx">151-152</name>
          </directory>
          <directory id="page-77" type="multi-type">
            <file format="image/jpg" id="file.e3b958107b3ee1fbe5ad4ec06213f632" langs="und" size="555885" type="full-text">
              <location>yadda.pack:/archive/bwmeta1.element.id-from-db-book-otworz-ksiazke-28365-slugu_zrodel_nowoczesnej_gospodarki_europejskiej/content/full-text/0077.jpg</location>
              <name lang="zxx" type="file-name">0077.jpg</name>
            </file>
            <file format="text/plain" id="file.b94fb6da9d59002da31bb25b0a6d1135" langs="und" size="4430" type="plain-text">
              <location>yadda.pack:/archive/bwmeta1.element.id-from-db-book-otworz-ksiazke-28365-slugu_zrodel_nowoczesnej_gospodarki_europejskiej/content/plain-text/0077.txt</location>
              <name lang="und" type="file-name">0077.txt</name>
            </file>
            <name lang="zxx">153-154</name>
          </directory>
          <directory id="page-78" type="multi-type">
            <file format="image/jpg" id="file.f099e7ef3b23a97a3b228974c194ca50" langs="und" size="541422" type="full-text">
              <location>yadda.pack:/archive/bwmeta1.element.id-from-db-book-otworz-ksiazke-28365-slugu_zrodel_nowoczesnej_gospodarki_europejskiej/content/full-text/0078.jpg</location>
              <name lang="zxx" type="file-name">0078.jpg</name>
            </file>
            <file format="text/plain" id="file.d343f43563c6affc0d47e05523c18331" langs="und" size="4369" type="plain-text">
              <location>yadda.pack:/archive/bwmeta1.element.id-from-db-book-otworz-ksiazke-28365-slugu_zrodel_nowoczesnej_gospodarki_europejskiej/content/plain-text/0078.txt</location>
              <name lang="und" type="file-name">0078.txt</name>
            </file>
            <name lang="zxx">155-156</name>
          </directory>
          <directory id="page-79" type="multi-type">
            <file format="image/jpg" id="file.fba0c832a69c22481a37196004ba1a1e" langs="und" size="490231" type="full-text">
              <location>yadda.pack:/archive/bwmeta1.element.id-from-db-book-otworz-ksiazke-28365-slugu_zrodel_nowoczesnej_gospodarki_europejskiej/content/full-text/0079.jpg</location>
              <name lang="zxx" type="file-name">0079.jpg</name>
            </file>
            <file format="text/plain" id="file.38bef26d26b4b033d215b14722e9447b" langs="und" size="3021" type="plain-text">
              <location>yadda.pack:/archive/bwmeta1.element.id-from-db-book-otworz-ksiazke-28365-slugu_zrodel_nowoczesnej_gospodarki_europejskiej/content/plain-text/0079.txt</location>
              <name lang="und" type="file-name">0079.txt</name>
            </file>
            <name lang="zxx">157-158</name>
          </directory>
          <name lang="und">Absolutyzm</name>
        </directory>
        <directory id="r-9" type="paged">
          <directory id="page-80" type="multi-type">
            <file format="image/jpg" id="file.581a9d2c334df9733f38a29ac7fbc219" langs="und" size="552892" type="full-text">
              <location>yadda.pack:/archive/bwmeta1.element.id-from-db-book-otworz-ksiazke-28365-slugu_zrodel_nowoczesnej_gospodarki_europejskiej/content/full-text/0080.jpg</location>
              <name lang="zxx" type="file-name">0080.jpg</name>
            </file>
            <file format="text/plain" id="file.bcca38edc9e79c6759e6f42a397fd9f4" langs="und" size="4487" type="plain-text">
              <location>yadda.pack:/archive/bwmeta1.element.id-from-db-book-otworz-ksiazke-28365-slugu_zrodel_nowoczesnej_gospodarki_europejskiej/content/plain-text/0080.txt</location>
              <name lang="und" type="file-name">0080.txt</name>
            </file>
            <name lang="zxx">159-160</name>
          </directory>
          <directory id="page-81" type="multi-type">
            <file format="image/jpg" id="file.18910f2ec98c47b31693db883e69c82f" langs="und" size="550260" type="full-text">
              <location>yadda.pack:/archive/bwmeta1.element.id-from-db-book-otworz-ksiazke-28365-slugu_zrodel_nowoczesnej_gospodarki_europejskiej/content/full-text/0081.jpg</location>
              <name lang="zxx" type="file-name">0081.jpg</name>
            </file>
            <file format="text/plain" id="file.ceb84f7fd0c5250981c47210f67698d5" langs="und" size="4354" type="plain-text">
              <location>yadda.pack:/archive/bwmeta1.element.id-from-db-book-otworz-ksiazke-28365-slugu_zrodel_nowoczesnej_gospodarki_europejskiej/content/plain-text/0081.txt</location>
              <name lang="und" type="file-name">0081.txt</name>
            </file>
            <name lang="zxx">161-162</name>
          </directory>
          <directory id="page-82" type="multi-type">
            <file format="image/jpg" id="file.4eb0f67bf7e8b9414efb03f411d7bcc9" langs="und" size="537616" type="full-text">
              <location>yadda.pack:/archive/bwmeta1.element.id-from-db-book-otworz-ksiazke-28365-slugu_zrodel_nowoczesnej_gospodarki_europejskiej/content/full-text/0082.jpg</location>
              <name lang="zxx" type="file-name">0082.jpg</name>
            </file>
            <file format="text/plain" id="file.04dfd540435557557291a2bb28af3bbc" langs="und" size="4240" type="plain-text">
              <location>yadda.pack:/archive/bwmeta1.element.id-from-db-book-otworz-ksiazke-28365-slugu_zrodel_nowoczesnej_gospodarki_europejskiej/content/plain-text/0082.txt</location>
              <name lang="und" type="file-name">0082.txt</name>
            </file>
            <name lang="zxx">163-164</name>
          </directory>
          <directory id="page-83" type="multi-type">
            <file format="image/jpg" id="file.4ca61d68be5bfb9cb6367eceadc3e108" langs="und" size="544991" type="full-text">
              <location>yadda.pack:/archive/bwmeta1.element.id-from-db-book-otworz-ksiazke-28365-slugu_zrodel_nowoczesnej_gospodarki_europejskiej/content/full-text/0083.jpg</location>
              <name lang="zxx" type="file-name">0083.jpg</name>
            </file>
            <file format="text/plain" id="file.797ee08a575aed47e4176756b6ae647f" langs="und" size="4375" type="plain-text">
              <location>yadda.pack:/archive/bwmeta1.element.id-from-db-book-otworz-ksiazke-28365-slugu_zrodel_nowoczesnej_gospodarki_europejskiej/content/plain-text/0083.txt</location>
              <name lang="und" type="file-name">0083.txt</name>
            </file>
            <name lang="zxx">165-166</name>
          </directory>
          <directory id="page-84" type="multi-type">
            <file format="image/jpg" id="file.164ef4284010a6294c5622e6bd1191b5" langs="und" size="504847" type="full-text">
              <location>yadda.pack:/archive/bwmeta1.element.id-from-db-book-otworz-ksiazke-28365-slugu_zrodel_nowoczesnej_gospodarki_europejskiej/content/full-text/0084.jpg</location>
              <name lang="zxx" type="file-name">0084.jpg</name>
            </file>
            <file format="text/plain" id="file.04048c2ee6a49285ed946ce89e6af92e" langs="und" size="3405" type="plain-text">
              <location>yadda.pack:/archive/bwmeta1.element.id-from-db-book-otworz-ksiazke-28365-slugu_zrodel_nowoczesnej_gospodarki_europejskiej/content/plain-text/0084.txt</location>
              <name lang="und" type="file-name">0084.txt</name>
            </file>
            <name lang="zxx">167-168</name>
          </directory>
          <directory id="page-85" type="multi-type">
            <file format="image/jpg" id="file.cc4292cd39dfffcfa7004ceb584f0f02" langs="und" size="537808" type="full-text">
              <location>yadda.pack:/archive/bwmeta1.element.id-from-db-book-otworz-ksiazke-28365-slugu_zrodel_nowoczesnej_gospodarki_europejskiej/content/full-text/0085.jpg</location>
              <name lang="zxx" type="file-name">0085.jpg</name>
            </file>
            <file format="text/plain" id="file.60d81127c7f03a160c5ad7deeba2d66e" langs="und" size="4500" type="plain-text">
              <location>yadda.pack:/archive/bwmeta1.element.id-from-db-book-otworz-ksiazke-28365-slugu_zrodel_nowoczesnej_gospodarki_europejskiej/content/plain-text/0085.txt</location>
              <name lang="und" type="file-name">0085.txt</name>
            </file>
            <name lang="zxx">169-170</name>
          </directory>
          <directory id="page-86" type="multi-type">
            <file format="image/jpg" id="file.26c32e0bb7b92dd4bb6e41b2411c1e97" langs="und" size="492868" type="full-text">
              <location>yadda.pack:/archive/bwmeta1.element.id-from-db-book-otworz-ksiazke-28365-slugu_zrodel_nowoczesnej_gospodarki_europejskiej/content/full-text/0086.jpg</location>
              <name lang="zxx" type="file-name">0086.jpg</name>
            </file>
            <file format="text/plain" id="file.2ce26d8b5bf9901836a779f892517103" langs="und" size="3197" type="plain-text">
              <location>yadda.pack:/archive/bwmeta1.element.id-from-db-book-otworz-ksiazke-28365-slugu_zrodel_nowoczesnej_gospodarki_europejskiej/content/plain-text/0086.txt</location>
              <name lang="und" type="file-name">0086.txt</name>
            </file>
            <name lang="zxx">171-172</name>
          </directory>
          <name lang="und">Wojna</name>
        </directory>
        <directory id="r-10" type="paged">
          <directory id="page-87" type="multi-type">
            <file format="image/jpg" id="file.e968016f95dddf93f29b9c9b3a216e41" langs="und" size="544685" type="full-text">
              <location>yadda.pack:/archive/bwmeta1.element.id-from-db-book-otworz-ksiazke-28365-slugu_zrodel_nowoczesnej_gospodarki_europejskiej/content/full-text/0087.jpg</location>
              <name lang="zxx" type="file-name">0087.jpg</name>
            </file>
            <file format="text/plain" id="file.e50dd3ce35f2dbb12c271a48b49fb2bb" langs="und" size="4302" type="plain-text">
              <location>yadda.pack:/archive/bwmeta1.element.id-from-db-book-otworz-ksiazke-28365-slugu_zrodel_nowoczesnej_gospodarki_europejskiej/content/plain-text/0087.txt</location>
              <name lang="und" type="file-name">0087.txt</name>
            </file>
            <name lang="zxx">173-174</name>
          </directory>
          <directory id="page-88" type="multi-type">
            <file format="image/jpg" id="file.e951dcec8714a8d7ce000b878473d930" langs="und" size="550686" type="full-text">
              <location>yadda.pack:/archive/bwmeta1.element.id-from-db-book-otworz-ksiazke-28365-slugu_zrodel_nowoczesnej_gospodarki_europejskiej/content/full-text/0088.jpg</location>
              <name lang="zxx" type="file-name">0088.jpg</name>
            </file>
            <file format="text/plain" id="file.2ab86e00a6c6a3fb3e5d8dbb5b6a26ea" langs="und" size="4496" type="plain-text">
              <location>yadda.pack:/archive/bwmeta1.element.id-from-db-book-otworz-ksiazke-28365-slugu_zrodel_nowoczesnej_gospodarki_europejskiej/content/plain-text/0088.txt</location>
              <name lang="und" type="file-name">0088.txt</name>
            </file>
            <name lang="zxx">175-176</name>
          </directory>
          <directory id="page-89" type="multi-type">
            <file format="image/jpg" id="file.ca98f354dd6d6da26d845bdb235026fd" langs="und" size="543537" type="full-text">
              <location>yadda.pack:/archive/bwmeta1.element.id-from-db-book-otworz-ksiazke-28365-slugu_zrodel_nowoczesnej_gospodarki_europejskiej/content/full-text/0089.jpg</location>
              <name lang="zxx" type="file-name">0089.jpg</name>
            </file>
            <file format="text/plain" id="file.7573ed550ac9470dd85bdc5ac9e26e24" langs="und" size="4426" type="plain-text">
              <location>yadda.pack:/archive/bwmeta1.element.id-from-db-book-otworz-ksiazke-28365-slugu_zrodel_nowoczesnej_gospodarki_europejskiej/content/plain-text/0089.txt</location>
              <name lang="und" type="file-name">0089.txt</name>
            </file>
            <name lang="zxx">177-178</name>
          </directory>
          <directory id="page-90" type="multi-type">
            <file format="image/jpg" id="file.19e5d3b429a21e252fe8c867c891ebea" langs="und" size="538593" type="full-text">
              <location>yadda.pack:/archive/bwmeta1.element.id-from-db-book-otworz-ksiazke-28365-slugu_zrodel_nowoczesnej_gospodarki_europejskiej/content/full-text/0090.jpg</location>
              <name lang="zxx" type="file-name">0090.jpg</name>
            </file>
            <file format="text/plain" id="file.bb9a8ee990f2f551e1f817032bb72c0c" langs="und" size="4439" type="plain-text">
              <location>yadda.pack:/archive/bwmeta1.element.id-from-db-book-otworz-ksiazke-28365-slugu_zrodel_nowoczesnej_gospodarki_europejskiej/content/plain-text/0090.txt</location>
              <name lang="und" type="file-name">0090.txt</name>
            </file>
            <name lang="zxx">179-180</name>
          </directory>
          <directory id="page-91" type="multi-type">
            <file format="image/jpg" id="file.08ac400ae324c27c72c666735b7eeb36" langs="und" size="544965" type="full-text">
              <location>yadda.pack:/archive/bwmeta1.element.id-from-db-book-otworz-ksiazke-28365-slugu_zrodel_nowoczesnej_gospodarki_europejskiej/content/full-text/0091.jpg</location>
              <name lang="zxx" type="file-name">0091.jpg</name>
            </file>
            <file format="text/plain" id="file.152c7fcca6a20aa41f20e6f6c0af6b73" langs="und" size="4417" type="plain-text">
              <location>yadda.pack:/archive/bwmeta1.element.id-from-db-book-otworz-ksiazke-28365-slugu_zrodel_nowoczesnej_gospodarki_europejskiej/content/plain-text/0091.txt</location>
              <name lang="und" type="file-name">0091.txt</name>
            </file>
            <name lang="zxx">181-182</name>
          </directory>
          <directory id="page-92" type="multi-type">
            <file format="image/jpg" id="file.0b91776f9f2b6e212e61d50c6c35d5be" langs="und" size="453692" type="full-text">
              <location>yadda.pack:/archive/bwmeta1.element.id-from-db-book-otworz-ksiazke-28365-slugu_zrodel_nowoczesnej_gospodarki_europejskiej/content/full-text/0092.jpg</location>
              <name lang="zxx" type="file-name">0092.jpg</name>
            </file>
            <file format="text/plain" id="file.b202f986c2696181e3705c0939631c67" langs="und" size="2015" type="plain-text">
              <location>yadda.pack:/archive/bwmeta1.element.id-from-db-book-otworz-ksiazke-28365-slugu_zrodel_nowoczesnej_gospodarki_europejskiej/content/plain-text/0092.txt</location>
              <name lang="und" type="file-name">0092.txt</name>
            </file>
            <name lang="zxx">183-184</name>
          </directory>
          <name lang="und">Program gospodarczy</name>
        </directory>
        <directory id="r-11" type="paged">
          <directory id="page-93" type="multi-type">
            <file format="image/jpg" id="file.1d1fd8f523c0cbc57d2b05b3bec884af" langs="und" size="543191" type="full-text">
              <location>yadda.pack:/archive/bwmeta1.element.id-from-db-book-otworz-ksiazke-28365-slugu_zrodel_nowoczesnej_gospodarki_europejskiej/content/full-text/0093.jpg</location>
              <name lang="zxx" type="file-name">0093.jpg</name>
            </file>
            <file format="text/plain" id="file.15b708ac6e6c1b3bed770ea606e99d70" langs="und" size="4457" type="plain-text">
              <location>yadda.pack:/archive/bwmeta1.element.id-from-db-book-otworz-ksiazke-28365-slugu_zrodel_nowoczesnej_gospodarki_europejskiej/content/plain-text/0093.txt</location>
              <name lang="und" type="file-name">0093.txt</name>
            </file>
            <name lang="zxx">185-186</name>
          </directory>
          <directory id="page-94" type="multi-type">
            <file format="image/jpg" id="file.79c59a18992109366f0c1f35b5d52a4b" langs="und" size="488403" type="full-text">
              <location>yadda.pack:/archive/bwmeta1.element.id-from-db-book-otworz-ksiazke-28365-slugu_zrodel_nowoczesnej_gospodarki_europejskiej/content/full-text/0094.jpg</location>
              <name lang="zxx" type="file-name">0094.jpg</name>
            </file>
            <file format="text/plain" id="file.602654cd4b2ae9a69ffef1134126696c" langs="und" size="2167" type="plain-text">
              <location>yadda.pack:/archive/bwmeta1.element.id-from-db-book-otworz-ksiazke-28365-slugu_zrodel_nowoczesnej_gospodarki_europejskiej/content/plain-text/0094.txt</location>
              <name lang="und" type="file-name">0094.txt</name>
            </file>
            <name lang="zxx">187-188</name>
          </directory>
          <directory id="page-95" type="multi-type">
            <file format="image/jpg" id="file.8f57a3e6c671e6d7c27f4d65f198d110" langs="und" size="550377" type="full-text">
              <location>yadda.pack:/archive/bwmeta1.element.id-from-db-book-otworz-ksiazke-28365-slugu_zrodel_nowoczesnej_gospodarki_europejskiej/content/full-text/0095.jpg</location>
              <name lang="zxx" type="file-name">0095.jpg</name>
            </file>
            <file format="text/plain" id="file.2c42b83fbedd0268dfed625a47d953f8" langs="und" size="4636" type="plain-text">
              <location>yadda.pack:/archive/bwmeta1.element.id-from-db-book-otworz-ksiazke-28365-slugu_zrodel_nowoczesnej_gospodarki_europejskiej/content/plain-text/0095.txt</location>
              <name lang="und" type="file-name">0095.txt</name>
            </file>
            <name lang="zxx">189-190</name>
          </directory>
          <directory id="page-96" type="multi-type">
            <file format="image/jpg" id="file.5e255d698653cffe7bb419e644fb13b6" langs="und" size="470602" type="full-text">
              <location>yadda.pack:/archive/bwmeta1.element.id-from-db-book-otworz-ksiazke-28365-slugu_zrodel_nowoczesnej_gospodarki_europejskiej/content/full-text/0096.jpg</location>
              <name lang="zxx" type="file-name">0096.jpg</name>
            </file>
            <file format="text/plain" id="file.c1f0df3223d0190599471456385ee2ee" langs="und" size="2031" type="plain-text">
              <location>yadda.pack:/archive/bwmeta1.element.id-from-db-book-otworz-ksiazke-28365-slugu_zrodel_nowoczesnej_gospodarki_europejskiej/content/plain-text/0096.txt</location>
              <name lang="und" type="file-name">0096.txt</name>
            </file>
            <name lang="zxx">191-192</name>
          </directory>
          <directory id="page-97" type="multi-type">
            <file format="image/jpg" id="file.899935cee301896e0e11f7b7f5358f02" langs="und" size="508116" type="full-text">
              <location>yadda.pack:/archive/bwmeta1.element.id-from-db-book-otworz-ksiazke-28365-slugu_zrodel_nowoczesnej_gospodarki_europejskiej/content/full-text/0097.jpg</location>
              <name lang="zxx" type="file-name">0097.jpg</name>
            </file>
            <file format="text/plain" id="file.01018dd2ee891ad12e0a7fbba02c6629" langs="und" size="3113" type="plain-text">
              <location>yadda.pack:/archive/bwmeta1.element.id-from-db-book-otworz-ksiazke-28365-slugu_zrodel_nowoczesnej_gospodarki_europejskiej/content/plain-text/0097.txt</location>
              <name lang="und" type="file-name">0097.txt</name>
            </file>
            <name lang="zxx">193-194</name>
          </directory>
          <directory id="page-98" type="multi-type">
            <file format="image/jpg" id="file.9080a9897b583b96aaa706f0489cfe07" langs="und" size="493569" type="full-text">
              <location>yadda.pack:/archive/bwmeta1.element.id-from-db-book-otworz-ksiazke-28365-slugu_zrodel_nowoczesnej_gospodarki_europejskiej/content/full-text/0098.jpg</location>
              <name lang="zxx" type="file-name">0098.jpg</name>
            </file>
            <file format="text/plain" id="file.8a567c843229eb3a56f710dd00bd46b8" langs="und" size="2042" type="plain-text">
              <location>yadda.pack:/archive/bwmeta1.element.id-from-db-book-otworz-ksiazke-28365-slugu_zrodel_nowoczesnej_gospodarki_europejskiej/content/plain-text/0098.txt</location>
              <name lang="und" type="file-name">0098.txt</name>
            </file>
            <name lang="zxx">195-196</name>
          </directory>
          <directory id="page-99" type="multi-type">
            <file format="image/jpg" id="file.ffc5f957395095056828b535e961fd6e" langs="und" size="540907" type="full-text">
              <location>yadda.pack:/archive/bwmeta1.element.id-from-db-book-otworz-ksiazke-28365-slugu_zrodel_nowoczesnej_gospodarki_europejskiej/content/full-text/0099.jpg</location>
              <name lang="zxx" type="file-name">0099.jpg</name>
            </file>
            <file format="text/plain" id="file.c5d0533fc8e16d66a39303b35dac58fc" langs="und" size="4326" type="plain-text">
              <location>yadda.pack:/archive/bwmeta1.element.id-from-db-book-otworz-ksiazke-28365-slugu_zrodel_nowoczesnej_gospodarki_europejskiej/content/plain-text/0099.txt</location>
              <name lang="und" type="file-name">0099.txt</name>
            </file>
            <name lang="zxx">197-198</name>
          </directory>
          <directory id="page-100" type="multi-type">
            <file format="image/jpg" id="file.bc746b4974d7c31bb28168385d987cb4" langs="und" size="528009" type="full-text">
              <location>yadda.pack:/archive/bwmeta1.element.id-from-db-book-otworz-ksiazke-28365-slugu_zrodel_nowoczesnej_gospodarki_europejskiej/content/full-text/0100.jpg</location>
              <name lang="zxx" type="file-name">0100.jpg</name>
            </file>
            <file format="text/plain" id="file.31fe36df93cd3b4d0c896ba749b4dec5" langs="und" size="4139" type="plain-text">
              <location>yadda.pack:/archive/bwmeta1.element.id-from-db-book-otworz-ksiazke-28365-slugu_zrodel_nowoczesnej_gospodarki_europejskiej/content/plain-text/0100.txt</location>
              <name lang="und" type="file-name">0100.txt</name>
            </file>
            <name lang="zxx">199-200</name>
          </directory>
          <directory id="page-101" type="multi-type">
            <file format="image/jpg" id="file.b14320fa9505c10d8d1caff602837f2b" langs="und" size="393330" type="full-text">
              <location>yadda.pack:/archive/bwmeta1.element.id-from-db-book-otworz-ksiazke-28365-slugu_zrodel_nowoczesnej_gospodarki_europejskiej/content/full-text/0101.jpg</location>
              <name lang="zxx" type="file-name">0101.jpg</name>
            </file>
            <file format="text/plain" id="file.69b5e452921e8203380fc0096d5e0e78" langs="und" size="629" type="plain-text">
              <location>yadda.pack:/archive/bwmeta1.element.id-from-db-book-otworz-ksiazke-28365-slugu_zrodel_nowoczesnej_gospodarki_europejskiej/content/plain-text/0101.txt</location>
              <name lang="und" type="file-name">0101.txt</name>
            </file>
            <name lang="zxx">201-202</name>
          </directory>
          <name lang="und">Zakończenie. Rynki zaopatrzenia i rynki zbytu  u progu przewrotu</name>
        </directory>
      </directory>
    </directory>
  </contents>
  <contributor institution="false" role="author">
    <identity ref="bwmeta1.person.id-from-db-authors-otworz-ksiazke-216-slug-antoni_maczak" />
    <name lang="und" type="canonical">Antoni Mączak</name>
    <name lang="und" type="surname">Mączak</name>
    <name lang="und" type="forename">Antoni</name>
  </contributor>
  <id scheme="bwmeta1.id-class.otworz-ksiazke-db-id" value="28365" />
  <id scheme="bwmeta1.id-class.otworz-ksiazke-db-slug" value="u_zrodel_nowoczesnej_gospodarki_europejskiej" />
  <name lang="und">U źródeł nowoczesnej gospodarki europejskiej</name>
  <structure hierarchy="bwmeta1.hierarchy-class.hierarchy_Book">
    <ancestor level="bwmeta1.level.hierarchy_Book_Publisher" identity="bwmeta1.element.id-from-db-publisher-otworz-ksiazke-9">
      <name lang="und">Państwowe Wydawnictwo Naukowe</name>
    </ancestor>
    <current level="bwmeta1.level.hierarchy_Book_Book" />
  </structure>
  <tags lang="und" type="License">
    <tag>pełna</tag>
  </tags>
  <tags lang="und" type="keyword">
    <tag>historia</tag>
    <tag>ekonomia</tag>
    <tag>nowożytność</tag>
  </tags>
</element>

