<?xml version="1.0" encoding="UTF-8"?>
<element xmlns="http://yadda.icm.edu.pl/bwmeta-2.0.0.xsd" id="bwmeta1.element.id-from-db-book-otworz-ksiazke-28303-slugswiatopoglad_stanislawa_ignacego_witkiewicza">
  <attribute key="source-id">
    <value>swiatopoglad_stanislawa_ignacego_witkiewicza</value>
  </attribute>
  <contents>
    <file format="image/jpeg" id="file.83222499ce208e21532e13bb0f449c37" langs="und" size="60444" type="cover">
      <location>yadda.pack:/archive/bwmeta1.element.id-from-db-book-otworz-ksiazke-28303-slugswiatopoglad_stanislawa_ignacego_witkiewicza/content/cover/okladka.jpg</location>
      <name lang="zxx" type="file-name">okladka.jpg</name>
    </file>
    <directory id="chaptered-content-dir" type="directory">
      <directory id="r-1" type="paged">
        <file format="image/jpg" id="file.74f393d5cccf8c4743d266d44147f972" langs="und" size="196677" type="full-text">
          <location>yadda.pack:/archive/bwmeta1.element.id-from-db-book-otworz-ksiazke-28303-slugswiatopoglad_stanislawa_ignacego_witkiewicza/content/full-text/0002.jpg</location>
          <name lang="zxx" type="file-name">0002.jpg</name>
          <name lang="zxx">3-4</name>
        </file>
        <file format="image/jpg" id="file.fc9a968697a6362d3f95ee2adbd89007" langs="und" size="84597" type="full-text">
          <location>yadda.pack:/archive/bwmeta1.element.id-from-db-book-otworz-ksiazke-28303-slugswiatopoglad_stanislawa_ignacego_witkiewicza/content/full-text/0003.jpg</location>
          <name lang="zxx" type="file-name">0003.jpg</name>
          <name lang="zxx">5-6</name>
        </file>
        <file format="image/jpg" id="file.2c3de56bde30f8674cdb84f333e713b8" langs="und" size="130967" type="full-text">
          <location>yadda.pack:/archive/bwmeta1.element.id-from-db-book-otworz-ksiazke-28303-slugswiatopoglad_stanislawa_ignacego_witkiewicza/content/full-text/0004.jpg</location>
          <name lang="zxx" type="file-name">0004.jpg</name>
          <name lang="zxx">7-8</name>
        </file>
        <file format="image/jpg" id="file.4a31f8496660872562aa64ffa3df9f29" langs="und" size="123515" type="full-text">
          <location>yadda.pack:/archive/bwmeta1.element.id-from-db-book-otworz-ksiazke-28303-slugswiatopoglad_stanislawa_ignacego_witkiewicza/content/full-text/0005.jpg</location>
          <name lang="zxx" type="file-name">0005.jpg</name>
          <name lang="zxx">9-10</name>
        </file>
      </directory>
      <directory id="r-2" type="paged">
        <file format="image/jpg" id="file.ddc1bd9054673cc922139c565c4b547d" langs="und" size="156657" type="full-text">
          <location>yadda.pack:/archive/bwmeta1.element.id-from-db-book-otworz-ksiazke-28303-slugswiatopoglad_stanislawa_ignacego_witkiewicza/content/full-text/0006.jpg</location>
          <name lang="zxx" type="file-name">0006.jpg</name>
          <name lang="zxx">11-12</name>
        </file>
        <file format="image/jpg" id="file.2240bbd18c9c0d71d646ea7b1b956a23" langs="und" size="198109" type="full-text">
          <location>yadda.pack:/archive/bwmeta1.element.id-from-db-book-otworz-ksiazke-28303-slugswiatopoglad_stanislawa_ignacego_witkiewicza/content/full-text/0007.jpg</location>
          <name lang="zxx" type="file-name">0007.jpg</name>
          <name lang="zxx">13-14</name>
        </file>
        <name lang="und">Materiał Wstępny</name>
      </directory>
      <directory id="r-3" type="paged">
        <file format="image/jpg" id="file.86111cc9071c8394800c38107f372f8f" langs="und" size="267176" type="full-text">
          <location>yadda.pack:/archive/bwmeta1.element.id-from-db-book-otworz-ksiazke-28303-slugswiatopoglad_stanislawa_ignacego_witkiewicza/content/full-text/0008.jpg</location>
          <name lang="zxx" type="file-name">0008.jpg</name>
          <name lang="zxx">15-16</name>
        </file>
        <file format="image/jpg" id="file.e744a8125949f09aca72ba87d6739275" langs="und" size="269656" type="full-text">
          <location>yadda.pack:/archive/bwmeta1.element.id-from-db-book-otworz-ksiazke-28303-slugswiatopoglad_stanislawa_ignacego_witkiewicza/content/full-text/0009.jpg</location>
          <name lang="zxx" type="file-name">0009.jpg</name>
          <name lang="zxx">17-18</name>
        </file>
        <file format="image/jpg" id="file.c88f93c84ff975a9f0ae6ca5495f89fd" langs="und" size="266338" type="full-text">
          <location>yadda.pack:/archive/bwmeta1.element.id-from-db-book-otworz-ksiazke-28303-slugswiatopoglad_stanislawa_ignacego_witkiewicza/content/full-text/0010.jpg</location>
          <name lang="zxx" type="file-name">0010.jpg</name>
          <name lang="zxx">19-20</name>
        </file>
        <file format="image/jpg" id="file.ada5eccf9f813d922ea3a3fab75c01d0" langs="und" size="275368" type="full-text">
          <location>yadda.pack:/archive/bwmeta1.element.id-from-db-book-otworz-ksiazke-28303-slugswiatopoglad_stanislawa_ignacego_witkiewicza/content/full-text/0011.jpg</location>
          <name lang="zxx" type="file-name">0011.jpg</name>
          <name lang="zxx">21-22</name>
        </file>
        <file format="image/jpg" id="file.3f64b06281ffe230519cd2a77bcdd179" langs="und" size="272670" type="full-text">
          <location>yadda.pack:/archive/bwmeta1.element.id-from-db-book-otworz-ksiazke-28303-slugswiatopoglad_stanislawa_ignacego_witkiewicza/content/full-text/0012.jpg</location>
          <name lang="zxx" type="file-name">0012.jpg</name>
          <name lang="zxx">23-24</name>
        </file>
        <file format="image/jpg" id="file.d7121dd04867e993fd6e27fefa42f372" langs="und" size="273963" type="full-text">
          <location>yadda.pack:/archive/bwmeta1.element.id-from-db-book-otworz-ksiazke-28303-slugswiatopoglad_stanislawa_ignacego_witkiewicza/content/full-text/0013.jpg</location>
          <name lang="zxx" type="file-name">0013.jpg</name>
          <name lang="zxx">25-26</name>
        </file>
        <file format="image/jpg" id="file.b876826342be054e16346a7816e2fff1" langs="und" size="263328" type="full-text">
          <location>yadda.pack:/archive/bwmeta1.element.id-from-db-book-otworz-ksiazke-28303-slugswiatopoglad_stanislawa_ignacego_witkiewicza/content/full-text/0014.jpg</location>
          <name lang="zxx" type="file-name">0014.jpg</name>
          <name lang="zxx">27-28</name>
        </file>
        <file format="image/jpg" id="file.4aab54d12deb6ae3a660a3d038fd7535" langs="und" size="273727" type="full-text">
          <location>yadda.pack:/archive/bwmeta1.element.id-from-db-book-otworz-ksiazke-28303-slugswiatopoglad_stanislawa_ignacego_witkiewicza/content/full-text/0015.jpg</location>
          <name lang="zxx" type="file-name">0015.jpg</name>
          <name lang="zxx">29-30</name>
        </file>
        <file format="image/jpg" id="file.06717bb871a134b2a307ac601a16e295" langs="und" size="269333" type="full-text">
          <location>yadda.pack:/archive/bwmeta1.element.id-from-db-book-otworz-ksiazke-28303-slugswiatopoglad_stanislawa_ignacego_witkiewicza/content/full-text/0016.jpg</location>
          <name lang="zxx" type="file-name">0016.jpg</name>
          <name lang="zxx">31-32</name>
        </file>
        <file format="image/jpg" id="file.588cb77e0fbf35c34b9c90821cc43bf4" langs="und" size="265729" type="full-text">
          <location>yadda.pack:/archive/bwmeta1.element.id-from-db-book-otworz-ksiazke-28303-slugswiatopoglad_stanislawa_ignacego_witkiewicza/content/full-text/0017.jpg</location>
          <name lang="zxx" type="file-name">0017.jpg</name>
          <name lang="zxx">33-34</name>
        </file>
        <file format="image/jpg" id="file.4ff08460feaf3ddb24dff0cdcc1510e1" langs="und" size="263523" type="full-text">
          <location>yadda.pack:/archive/bwmeta1.element.id-from-db-book-otworz-ksiazke-28303-slugswiatopoglad_stanislawa_ignacego_witkiewicza/content/full-text/0018.jpg</location>
          <name lang="zxx" type="file-name">0018.jpg</name>
          <name lang="zxx">35-36</name>
        </file>
        <file format="image/jpg" id="file.c5470aab38ae1a53be0a87b168fabf9e" langs="und" size="271603" type="full-text">
          <location>yadda.pack:/archive/bwmeta1.element.id-from-db-book-otworz-ksiazke-28303-slugswiatopoglad_stanislawa_ignacego_witkiewicza/content/full-text/0019.jpg</location>
          <name lang="zxx" type="file-name">0019.jpg</name>
          <name lang="zxx">37-38</name>
        </file>
        <file format="image/jpg" id="file.2f8417de3ca9c4ff9f5636f1c5e39203" langs="und" size="269857" type="full-text">
          <location>yadda.pack:/archive/bwmeta1.element.id-from-db-book-otworz-ksiazke-28303-slugswiatopoglad_stanislawa_ignacego_witkiewicza/content/full-text/0020.jpg</location>
          <name lang="zxx" type="file-name">0020.jpg</name>
          <name lang="zxx">39-40</name>
        </file>
        <file format="image/jpg" id="file.5ff5ee52c786f5c1e6a88d859940ed00" langs="und" size="261874" type="full-text">
          <location>yadda.pack:/archive/bwmeta1.element.id-from-db-book-otworz-ksiazke-28303-slugswiatopoglad_stanislawa_ignacego_witkiewicza/content/full-text/0021.jpg</location>
          <name lang="zxx" type="file-name">0021.jpg</name>
          <name lang="zxx">41-42</name>
        </file>
        <file format="image/jpg" id="file.9baf8de3857edbc9e53df7f2e382545a" langs="und" size="270237" type="full-text">
          <location>yadda.pack:/archive/bwmeta1.element.id-from-db-book-otworz-ksiazke-28303-slugswiatopoglad_stanislawa_ignacego_witkiewicza/content/full-text/0022.jpg</location>
          <name lang="zxx" type="file-name">0022.jpg</name>
          <name lang="zxx">43-44</name>
        </file>
        <name lang="und">Od skandalu do proroctwa</name>
      </directory>
      <directory id="r-4" type="paged">
        <file format="image/jpg" id="file.7279b9bfd128c0637ff1b4a10891926d" langs="und" size="238180" type="full-text">
          <location>yadda.pack:/archive/bwmeta1.element.id-from-db-book-otworz-ksiazke-28303-slugswiatopoglad_stanislawa_ignacego_witkiewicza/content/full-text/0023.jpg</location>
          <name lang="zxx" type="file-name">0023.jpg</name>
          <name lang="zxx">45-46</name>
        </file>
        <file format="image/jpg" id="file.52afb486677c03bde04d97292cf20c9c" langs="und" size="272321" type="full-text">
          <location>yadda.pack:/archive/bwmeta1.element.id-from-db-book-otworz-ksiazke-28303-slugswiatopoglad_stanislawa_ignacego_witkiewicza/content/full-text/0024.jpg</location>
          <name lang="zxx" type="file-name">0024.jpg</name>
          <name lang="zxx">47-48</name>
        </file>
        <file format="image/jpg" id="file.bb94a67e0aaddda9c7e5f518a4269250" langs="und" size="259190" type="full-text">
          <location>yadda.pack:/archive/bwmeta1.element.id-from-db-book-otworz-ksiazke-28303-slugswiatopoglad_stanislawa_ignacego_witkiewicza/content/full-text/0025.jpg</location>
          <name lang="zxx" type="file-name">0025.jpg</name>
          <name lang="zxx">49-50</name>
        </file>
        <file format="image/jpg" id="file.7ce9a8dff5327715320ee16a67c7741c" langs="und" size="270398" type="full-text">
          <location>yadda.pack:/archive/bwmeta1.element.id-from-db-book-otworz-ksiazke-28303-slugswiatopoglad_stanislawa_ignacego_witkiewicza/content/full-text/0026.jpg</location>
          <name lang="zxx" type="file-name">0026.jpg</name>
          <name lang="zxx">51-52</name>
        </file>
        <file format="image/jpg" id="file.38b4f23189a881c3b9278a47e8aad6bf" langs="und" size="264282" type="full-text">
          <location>yadda.pack:/archive/bwmeta1.element.id-from-db-book-otworz-ksiazke-28303-slugswiatopoglad_stanislawa_ignacego_witkiewicza/content/full-text/0027.jpg</location>
          <name lang="zxx" type="file-name">0027.jpg</name>
          <name lang="zxx">53-54</name>
        </file>
        <file format="image/jpg" id="file.b21a89ee3771b6adf988bd297784b88e" langs="und" size="281267" type="full-text">
          <location>yadda.pack:/archive/bwmeta1.element.id-from-db-book-otworz-ksiazke-28303-slugswiatopoglad_stanislawa_ignacego_witkiewicza/content/full-text/0028.jpg</location>
          <name lang="zxx" type="file-name">0028.jpg</name>
          <name lang="zxx">55-56</name>
        </file>
        <file format="image/jpg" id="file.db5b91fc348497ae4740e145ed67baf1" langs="und" size="270685" type="full-text">
          <location>yadda.pack:/archive/bwmeta1.element.id-from-db-book-otworz-ksiazke-28303-slugswiatopoglad_stanislawa_ignacego_witkiewicza/content/full-text/0029.jpg</location>
          <name lang="zxx" type="file-name">0029.jpg</name>
          <name lang="zxx">57-58</name>
        </file>
        <file format="image/jpg" id="file.6a60fce600e696041715dbbd03a4721e" langs="und" size="268978" type="full-text">
          <location>yadda.pack:/archive/bwmeta1.element.id-from-db-book-otworz-ksiazke-28303-slugswiatopoglad_stanislawa_ignacego_witkiewicza/content/full-text/0030.jpg</location>
          <name lang="zxx" type="file-name">0030.jpg</name>
          <name lang="zxx">59-60</name>
        </file>
        <file format="image/jpg" id="file.26cdb9a83fc1f9628ea85a03b8ea56af" langs="und" size="260784" type="full-text">
          <location>yadda.pack:/archive/bwmeta1.element.id-from-db-book-otworz-ksiazke-28303-slugswiatopoglad_stanislawa_ignacego_witkiewicza/content/full-text/0031.jpg</location>
          <name lang="zxx" type="file-name">0031.jpg</name>
          <name lang="zxx">61-62</name>
        </file>
        <file format="image/jpg" id="file.9d850925ba6316310e96e425c7cbcc67" langs="und" size="263984" type="full-text">
          <location>yadda.pack:/archive/bwmeta1.element.id-from-db-book-otworz-ksiazke-28303-slugswiatopoglad_stanislawa_ignacego_witkiewicza/content/full-text/0032.jpg</location>
          <name lang="zxx" type="file-name">0032.jpg</name>
          <name lang="zxx">63-64</name>
        </file>
        <file format="image/jpg" id="file.6b32b67165d7b93045d098e9d30844e8" langs="und" size="259646" type="full-text">
          <location>yadda.pack:/archive/bwmeta1.element.id-from-db-book-otworz-ksiazke-28303-slugswiatopoglad_stanislawa_ignacego_witkiewicza/content/full-text/0033.jpg</location>
          <name lang="zxx" type="file-name">0033.jpg</name>
          <name lang="zxx">65-66</name>
        </file>
        <file format="image/jpg" id="file.d96ad1b9c951ae61e216b4f2e86e728a" langs="und" size="268810" type="full-text">
          <location>yadda.pack:/archive/bwmeta1.element.id-from-db-book-otworz-ksiazke-28303-slugswiatopoglad_stanislawa_ignacego_witkiewicza/content/full-text/0034.jpg</location>
          <name lang="zxx" type="file-name">0034.jpg</name>
          <name lang="zxx">67-68</name>
        </file>
        <file format="image/jpg" id="file.01b0fb36df857b2447f08d3a200280eb" langs="und" size="262233" type="full-text">
          <location>yadda.pack:/archive/bwmeta1.element.id-from-db-book-otworz-ksiazke-28303-slugswiatopoglad_stanislawa_ignacego_witkiewicza/content/full-text/0035.jpg</location>
          <name lang="zxx" type="file-name">0035.jpg</name>
          <name lang="zxx">69-70</name>
        </file>
        <file format="image/jpg" id="file.6b74568f9927672fcfbd88220c6c7b64" langs="und" size="258585" type="full-text">
          <location>yadda.pack:/archive/bwmeta1.element.id-from-db-book-otworz-ksiazke-28303-slugswiatopoglad_stanislawa_ignacego_witkiewicza/content/full-text/0036.jpg</location>
          <name lang="zxx" type="file-name">0036.jpg</name>
          <name lang="zxx">71-72</name>
        </file>
        <file format="image/jpg" id="file.9690be096ca92310a8ed927ceab4311a" langs="und" size="264232" type="full-text">
          <location>yadda.pack:/archive/bwmeta1.element.id-from-db-book-otworz-ksiazke-28303-slugswiatopoglad_stanislawa_ignacego_witkiewicza/content/full-text/0037.jpg</location>
          <name lang="zxx" type="file-name">0037.jpg</name>
          <name lang="zxx">73-74</name>
        </file>
        <file format="image/jpg" id="file.ef83fc232aa1a874b7059303c129798e" langs="und" size="259203" type="full-text">
          <location>yadda.pack:/archive/bwmeta1.element.id-from-db-book-otworz-ksiazke-28303-slugswiatopoglad_stanislawa_ignacego_witkiewicza/content/full-text/0038.jpg</location>
          <name lang="zxx" type="file-name">0038.jpg</name>
          <name lang="zxx">75-76</name>
        </file>
        <file format="image/jpg" id="file.a3cbca7164bff4ee6d332cca3f1c80e9" langs="und" size="257281" type="full-text">
          <location>yadda.pack:/archive/bwmeta1.element.id-from-db-book-otworz-ksiazke-28303-slugswiatopoglad_stanislawa_ignacego_witkiewicza/content/full-text/0039.jpg</location>
          <name lang="zxx" type="file-name">0039.jpg</name>
          <name lang="zxx">77-78</name>
        </file>
        <file format="image/jpg" id="file.159146ed868d313c72e74a4e8e8123ea" langs="und" size="259278" type="full-text">
          <location>yadda.pack:/archive/bwmeta1.element.id-from-db-book-otworz-ksiazke-28303-slugswiatopoglad_stanislawa_ignacego_witkiewicza/content/full-text/0040.jpg</location>
          <name lang="zxx" type="file-name">0040.jpg</name>
          <name lang="zxx">79-80</name>
        </file>
        <file format="image/jpg" id="file.03e3228d1c961e07c860b43b17d784aa" langs="und" size="276325" type="full-text">
          <location>yadda.pack:/archive/bwmeta1.element.id-from-db-book-otworz-ksiazke-28303-slugswiatopoglad_stanislawa_ignacego_witkiewicza/content/full-text/0041.jpg</location>
          <name lang="zxx" type="file-name">0041.jpg</name>
          <name lang="zxx">81-82</name>
        </file>
        <file format="image/jpg" id="file.ab52bd4006399c9221b65bca5628f5a0" langs="und" size="261745" type="full-text">
          <location>yadda.pack:/archive/bwmeta1.element.id-from-db-book-otworz-ksiazke-28303-slugswiatopoglad_stanislawa_ignacego_witkiewicza/content/full-text/0042.jpg</location>
          <name lang="zxx" type="file-name">0042.jpg</name>
          <name lang="zxx">83-84</name>
        </file>
        <file format="image/jpg" id="file.240c481a4e1bec118f93909a48ed55e0" langs="und" size="255796" type="full-text">
          <location>yadda.pack:/archive/bwmeta1.element.id-from-db-book-otworz-ksiazke-28303-slugswiatopoglad_stanislawa_ignacego_witkiewicza/content/full-text/0043.jpg</location>
          <name lang="zxx" type="file-name">0043.jpg</name>
          <name lang="zxx">85-86</name>
        </file>
        <file format="image/jpg" id="file.1bbb8ee7eb2572eaef7c562abfb12ee1" langs="und" size="258054" type="full-text">
          <location>yadda.pack:/archive/bwmeta1.element.id-from-db-book-otworz-ksiazke-28303-slugswiatopoglad_stanislawa_ignacego_witkiewicza/content/full-text/0044.jpg</location>
          <name lang="zxx" type="file-name">0044.jpg</name>
          <name lang="zxx">87-88</name>
        </file>
        <file format="image/jpg" id="file.8026fcfe0dbf90f0176e8d47b030e181" langs="und" size="248458" type="full-text">
          <location>yadda.pack:/archive/bwmeta1.element.id-from-db-book-otworz-ksiazke-28303-slugswiatopoglad_stanislawa_ignacego_witkiewicza/content/full-text/0045.jpg</location>
          <name lang="zxx" type="file-name">0045.jpg</name>
          <name lang="zxx">89-90</name>
        </file>
        <file format="image/jpg" id="file.a58f0fd2f2c7785dd5b33660d67a938b" langs="und" size="260523" type="full-text">
          <location>yadda.pack:/archive/bwmeta1.element.id-from-db-book-otworz-ksiazke-28303-slugswiatopoglad_stanislawa_ignacego_witkiewicza/content/full-text/0046.jpg</location>
          <name lang="zxx" type="file-name">0046.jpg</name>
          <name lang="zxx">91-92</name>
        </file>
        <file format="image/jpg" id="file.a7e130f5b85fad4f6d479035ea354804" langs="und" size="259585" type="full-text">
          <location>yadda.pack:/archive/bwmeta1.element.id-from-db-book-otworz-ksiazke-28303-slugswiatopoglad_stanislawa_ignacego_witkiewicza/content/full-text/0047.jpg</location>
          <name lang="zxx" type="file-name">0047.jpg</name>
          <name lang="zxx">93-94</name>
        </file>
        <file format="image/jpg" id="file.baaa57963e6a1c04d5c2c19e78ac74fb" langs="und" size="180732" type="full-text">
          <location>yadda.pack:/archive/bwmeta1.element.id-from-db-book-otworz-ksiazke-28303-slugswiatopoglad_stanislawa_ignacego_witkiewicza/content/full-text/0048.jpg</location>
          <name lang="zxx" type="file-name">0048.jpg</name>
          <name lang="zxx">95-96</name>
        </file>
        <name lang="und">Katastrofizm</name>
      </directory>
      <directory id="r-5" type="paged">
        <file format="image/jpg" id="file.22c4317db7a15df69ee410914e1ef667" langs="und" size="277488" type="full-text">
          <location>yadda.pack:/archive/bwmeta1.element.id-from-db-book-otworz-ksiazke-28303-slugswiatopoglad_stanislawa_ignacego_witkiewicza/content/full-text/0049.jpg</location>
          <name lang="zxx" type="file-name">0049.jpg</name>
          <name lang="zxx">97-98</name>
        </file>
        <file format="image/jpg" id="file.27d7e255fd64d7d6b7e32ed3ed63a85e" langs="und" size="264939" type="full-text">
          <location>yadda.pack:/archive/bwmeta1.element.id-from-db-book-otworz-ksiazke-28303-slugswiatopoglad_stanislawa_ignacego_witkiewicza/content/full-text/0050.jpg</location>
          <name lang="zxx" type="file-name">0050.jpg</name>
          <name lang="zxx">99-100</name>
        </file>
        <file format="image/jpg" id="file.fb735b73b07c83b6e336003cd006213a" langs="und" size="265483" type="full-text">
          <location>yadda.pack:/archive/bwmeta1.element.id-from-db-book-otworz-ksiazke-28303-slugswiatopoglad_stanislawa_ignacego_witkiewicza/content/full-text/0051.jpg</location>
          <name lang="zxx" type="file-name">0051.jpg</name>
          <name lang="zxx">101-102</name>
        </file>
        <file format="image/jpg" id="file.4e5f9c917e6dc573b57f5a4e9bf820a3" langs="und" size="257793" type="full-text">
          <location>yadda.pack:/archive/bwmeta1.element.id-from-db-book-otworz-ksiazke-28303-slugswiatopoglad_stanislawa_ignacego_witkiewicza/content/full-text/0052.jpg</location>
          <name lang="zxx" type="file-name">0052.jpg</name>
          <name lang="zxx">103-104</name>
        </file>
        <file format="image/jpg" id="file.cee7d8e8564b5a209d7870d70d6ef4d0" langs="und" size="258884" type="full-text">
          <location>yadda.pack:/archive/bwmeta1.element.id-from-db-book-otworz-ksiazke-28303-slugswiatopoglad_stanislawa_ignacego_witkiewicza/content/full-text/0053.jpg</location>
          <name lang="zxx" type="file-name">0053.jpg</name>
          <name lang="zxx">105-106</name>
        </file>
        <file format="image/jpg" id="file.c69424ba6ddb611b71c4d4e56ef8d2e1" langs="und" size="258596" type="full-text">
          <location>yadda.pack:/archive/bwmeta1.element.id-from-db-book-otworz-ksiazke-28303-slugswiatopoglad_stanislawa_ignacego_witkiewicza/content/full-text/0054.jpg</location>
          <name lang="zxx" type="file-name">0054.jpg</name>
          <name lang="zxx">107-108</name>
        </file>
        <file format="image/jpg" id="file.3f3e09ecbac48589818975acb66c5f0b" langs="und" size="252827" type="full-text">
          <location>yadda.pack:/archive/bwmeta1.element.id-from-db-book-otworz-ksiazke-28303-slugswiatopoglad_stanislawa_ignacego_witkiewicza/content/full-text/0055.jpg</location>
          <name lang="zxx" type="file-name">0055.jpg</name>
          <name lang="zxx">109-110</name>
        </file>
        <file format="image/jpg" id="file.5d900a2992392256949402c59ba39f2e" langs="und" size="259686" type="full-text">
          <location>yadda.pack:/archive/bwmeta1.element.id-from-db-book-otworz-ksiazke-28303-slugswiatopoglad_stanislawa_ignacego_witkiewicza/content/full-text/0056.jpg</location>
          <name lang="zxx" type="file-name">0056.jpg</name>
          <name lang="zxx">111-112</name>
        </file>
        <file format="image/jpg" id="file.e1b57a3bac1257a4745302768b2debc2" langs="und" size="260436" type="full-text">
          <location>yadda.pack:/archive/bwmeta1.element.id-from-db-book-otworz-ksiazke-28303-slugswiatopoglad_stanislawa_ignacego_witkiewicza/content/full-text/0057.jpg</location>
          <name lang="zxx" type="file-name">0057.jpg</name>
          <name lang="zxx">113-114</name>
        </file>
        <file format="image/jpg" id="file.ef292d9974087e60bb90e0a88ce8b64e" langs="und" size="261524" type="full-text">
          <location>yadda.pack:/archive/bwmeta1.element.id-from-db-book-otworz-ksiazke-28303-slugswiatopoglad_stanislawa_ignacego_witkiewicza/content/full-text/0058.jpg</location>
          <name lang="zxx" type="file-name">0058.jpg</name>
          <name lang="zxx">115-116</name>
        </file>
        <file format="image/jpg" id="file.c3d940a2f7c9bd9e14a6d7440f1e245e" langs="und" size="266075" type="full-text">
          <location>yadda.pack:/archive/bwmeta1.element.id-from-db-book-otworz-ksiazke-28303-slugswiatopoglad_stanislawa_ignacego_witkiewicza/content/full-text/0059.jpg</location>
          <name lang="zxx" type="file-name">0059.jpg</name>
          <name lang="zxx">117-118</name>
        </file>
        <file format="image/jpg" id="file.eec61f89322ead7d2f68ed029d6b226d" langs="und" size="262217" type="full-text">
          <location>yadda.pack:/archive/bwmeta1.element.id-from-db-book-otworz-ksiazke-28303-slugswiatopoglad_stanislawa_ignacego_witkiewicza/content/full-text/0060.jpg</location>
          <name lang="zxx" type="file-name">0060.jpg</name>
          <name lang="zxx">119-120</name>
        </file>
        <file format="image/jpg" id="file.2fbc3e253081b89124648c8d50e125f0" langs="und" size="272991" type="full-text">
          <location>yadda.pack:/archive/bwmeta1.element.id-from-db-book-otworz-ksiazke-28303-slugswiatopoglad_stanislawa_ignacego_witkiewicza/content/full-text/0061.jpg</location>
          <name lang="zxx" type="file-name">0061.jpg</name>
          <name lang="zxx">121-122</name>
        </file>
        <file format="image/jpg" id="file.a1f583cdb750344bde52075c542c5ab5" langs="und" size="259764" type="full-text">
          <location>yadda.pack:/archive/bwmeta1.element.id-from-db-book-otworz-ksiazke-28303-slugswiatopoglad_stanislawa_ignacego_witkiewicza/content/full-text/0062.jpg</location>
          <name lang="zxx" type="file-name">0062.jpg</name>
          <name lang="zxx">123-124</name>
        </file>
        <file format="image/jpg" id="file.48b79ad2cee2f4f6c1301121977144ef" langs="und" size="264170" type="full-text">
          <location>yadda.pack:/archive/bwmeta1.element.id-from-db-book-otworz-ksiazke-28303-slugswiatopoglad_stanislawa_ignacego_witkiewicza/content/full-text/0063.jpg</location>
          <name lang="zxx" type="file-name">0063.jpg</name>
          <name lang="zxx">125-126</name>
        </file>
        <file format="image/jpg" id="file.3803da59d99ec8f03d63d690a2cb99aa" langs="und" size="264813" type="full-text">
          <location>yadda.pack:/archive/bwmeta1.element.id-from-db-book-otworz-ksiazke-28303-slugswiatopoglad_stanislawa_ignacego_witkiewicza/content/full-text/0064.jpg</location>
          <name lang="zxx" type="file-name">0064.jpg</name>
          <name lang="zxx">127-128</name>
        </file>
        <file format="image/jpg" id="file.fcf42f8737100a5fc1e8f509b3e94a77" langs="und" size="267945" type="full-text">
          <location>yadda.pack:/archive/bwmeta1.element.id-from-db-book-otworz-ksiazke-28303-slugswiatopoglad_stanislawa_ignacego_witkiewicza/content/full-text/0065.jpg</location>
          <name lang="zxx" type="file-name">0065.jpg</name>
          <name lang="zxx">129-130</name>
        </file>
        <file format="image/jpg" id="file.b09d1cda6f0044244dcc46cb18f5fc62" langs="und" size="270225" type="full-text">
          <location>yadda.pack:/archive/bwmeta1.element.id-from-db-book-otworz-ksiazke-28303-slugswiatopoglad_stanislawa_ignacego_witkiewicza/content/full-text/0066.jpg</location>
          <name lang="zxx" type="file-name">0066.jpg</name>
          <name lang="zxx">131-132</name>
        </file>
        <file format="image/jpg" id="file.cf12c8daee90aa2aa60e7c0f7c77ac18" langs="und" size="254656" type="full-text">
          <location>yadda.pack:/archive/bwmeta1.element.id-from-db-book-otworz-ksiazke-28303-slugswiatopoglad_stanislawa_ignacego_witkiewicza/content/full-text/0067.jpg</location>
          <name lang="zxx" type="file-name">0067.jpg</name>
          <name lang="zxx">133-134</name>
        </file>
        <file format="image/jpg" id="file.3547f7723f6485fbcf2d61146e45c0a3" langs="und" size="262463" type="full-text">
          <location>yadda.pack:/archive/bwmeta1.element.id-from-db-book-otworz-ksiazke-28303-slugswiatopoglad_stanislawa_ignacego_witkiewicza/content/full-text/0068.jpg</location>
          <name lang="zxx" type="file-name">0068.jpg</name>
          <name lang="zxx">135-136</name>
        </file>
        <file format="image/jpg" id="file.fe376ce0729ee15bfe9b4d51d6e6fdbd" langs="und" size="247630" type="full-text">
          <location>yadda.pack:/archive/bwmeta1.element.id-from-db-book-otworz-ksiazke-28303-slugswiatopoglad_stanislawa_ignacego_witkiewicza/content/full-text/0069.jpg</location>
          <name lang="zxx" type="file-name">0069.jpg</name>
          <name lang="zxx">137-138</name>
        </file>
        <name lang="und">Świat wartości</name>
      </directory>
      <directory id="r-6" type="paged">
        <file format="image/jpg" id="file.df16f238ef9698429db0663e2f73ded8" langs="und" size="248464" type="full-text">
          <location>yadda.pack:/archive/bwmeta1.element.id-from-db-book-otworz-ksiazke-28303-slugswiatopoglad_stanislawa_ignacego_witkiewicza/content/full-text/0070.jpg</location>
          <name lang="zxx" type="file-name">0070.jpg</name>
          <name lang="zxx">139-140</name>
        </file>
        <file format="image/jpg" id="file.977af65564c8256e91041f419ee1e471" langs="und" size="266239" type="full-text">
          <location>yadda.pack:/archive/bwmeta1.element.id-from-db-book-otworz-ksiazke-28303-slugswiatopoglad_stanislawa_ignacego_witkiewicza/content/full-text/0071.jpg</location>
          <name lang="zxx" type="file-name">0071.jpg</name>
          <name lang="zxx">141-142</name>
        </file>
        <file format="image/jpg" id="file.91ba78cf800f60722ea35a94a23e6ef8" langs="und" size="270975" type="full-text">
          <location>yadda.pack:/archive/bwmeta1.element.id-from-db-book-otworz-ksiazke-28303-slugswiatopoglad_stanislawa_ignacego_witkiewicza/content/full-text/0072.jpg</location>
          <name lang="zxx" type="file-name">0072.jpg</name>
          <name lang="zxx">143-144</name>
        </file>
        <file format="image/jpg" id="file.91c413d4f43022f4a125feffa5aa6ef6" langs="und" size="257966" type="full-text">
          <location>yadda.pack:/archive/bwmeta1.element.id-from-db-book-otworz-ksiazke-28303-slugswiatopoglad_stanislawa_ignacego_witkiewicza/content/full-text/0073.jpg</location>
          <name lang="zxx" type="file-name">0073.jpg</name>
          <name lang="zxx">145-146</name>
        </file>
        <file format="image/jpg" id="file.12e6f47e085dde01519325bbbace9cdf" langs="und" size="257527" type="full-text">
          <location>yadda.pack:/archive/bwmeta1.element.id-from-db-book-otworz-ksiazke-28303-slugswiatopoglad_stanislawa_ignacego_witkiewicza/content/full-text/0074.jpg</location>
          <name lang="zxx" type="file-name">0074.jpg</name>
          <name lang="zxx">147-148</name>
        </file>
        <file format="image/jpg" id="file.a128d41902421dd98f8425c7ffe75292" langs="und" size="260484" type="full-text">
          <location>yadda.pack:/archive/bwmeta1.element.id-from-db-book-otworz-ksiazke-28303-slugswiatopoglad_stanislawa_ignacego_witkiewicza/content/full-text/0075.jpg</location>
          <name lang="zxx" type="file-name">0075.jpg</name>
          <name lang="zxx">149-150</name>
        </file>
        <file format="image/jpg" id="file.6ccbb54d8a555ee0a7eaccf4c7240203" langs="und" size="260827" type="full-text">
          <location>yadda.pack:/archive/bwmeta1.element.id-from-db-book-otworz-ksiazke-28303-slugswiatopoglad_stanislawa_ignacego_witkiewicza/content/full-text/0076.jpg</location>
          <name lang="zxx" type="file-name">0076.jpg</name>
          <name lang="zxx">151-152</name>
        </file>
        <file format="image/jpg" id="file.5d6bd84df5458b09e154b14c4d96a357" langs="und" size="265946" type="full-text">
          <location>yadda.pack:/archive/bwmeta1.element.id-from-db-book-otworz-ksiazke-28303-slugswiatopoglad_stanislawa_ignacego_witkiewicza/content/full-text/0077.jpg</location>
          <name lang="zxx" type="file-name">0077.jpg</name>
          <name lang="zxx">153-154</name>
        </file>
        <file format="image/jpg" id="file.a931fc17340b6c91d4316b87e5351def" langs="und" size="266926" type="full-text">
          <location>yadda.pack:/archive/bwmeta1.element.id-from-db-book-otworz-ksiazke-28303-slugswiatopoglad_stanislawa_ignacego_witkiewicza/content/full-text/0078.jpg</location>
          <name lang="zxx" type="file-name">0078.jpg</name>
          <name lang="zxx">155-156</name>
        </file>
        <file format="image/jpg" id="file.f413f4e6a5d947d83be645bf32f76c63" langs="und" size="265320" type="full-text">
          <location>yadda.pack:/archive/bwmeta1.element.id-from-db-book-otworz-ksiazke-28303-slugswiatopoglad_stanislawa_ignacego_witkiewicza/content/full-text/0079.jpg</location>
          <name lang="zxx" type="file-name">0079.jpg</name>
          <name lang="zxx">157-158</name>
        </file>
        <file format="image/jpg" id="file.cbaa9d0839eb90fea5ca873182343f47" langs="und" size="263919" type="full-text">
          <location>yadda.pack:/archive/bwmeta1.element.id-from-db-book-otworz-ksiazke-28303-slugswiatopoglad_stanislawa_ignacego_witkiewicza/content/full-text/0080.jpg</location>
          <name lang="zxx" type="file-name">0080.jpg</name>
          <name lang="zxx">159-160</name>
        </file>
        <file format="image/jpg" id="file.a1a2d41b7b572b5cb89b3472f9461c66" langs="und" size="266841" type="full-text">
          <location>yadda.pack:/archive/bwmeta1.element.id-from-db-book-otworz-ksiazke-28303-slugswiatopoglad_stanislawa_ignacego_witkiewicza/content/full-text/0081.jpg</location>
          <name lang="zxx" type="file-name">0081.jpg</name>
          <name lang="zxx">161-162</name>
        </file>
        <file format="image/jpg" id="file.a453c7110403ac12aea0dba1bcffa7f0" langs="und" size="257172" type="full-text">
          <location>yadda.pack:/archive/bwmeta1.element.id-from-db-book-otworz-ksiazke-28303-slugswiatopoglad_stanislawa_ignacego_witkiewicza/content/full-text/0082.jpg</location>
          <name lang="zxx" type="file-name">0082.jpg</name>
          <name lang="zxx">163-164</name>
        </file>
        <file format="image/jpg" id="file.b73b24b54a5e58060484964461ceed6b" langs="und" size="260711" type="full-text">
          <location>yadda.pack:/archive/bwmeta1.element.id-from-db-book-otworz-ksiazke-28303-slugswiatopoglad_stanislawa_ignacego_witkiewicza/content/full-text/0083.jpg</location>
          <name lang="zxx" type="file-name">0083.jpg</name>
          <name lang="zxx">165-166</name>
        </file>
        <file format="image/jpg" id="file.a47182238565903cf3a5269a004d5c3e" langs="und" size="256956" type="full-text">
          <location>yadda.pack:/archive/bwmeta1.element.id-from-db-book-otworz-ksiazke-28303-slugswiatopoglad_stanislawa_ignacego_witkiewicza/content/full-text/0084.jpg</location>
          <name lang="zxx" type="file-name">0084.jpg</name>
          <name lang="zxx">167-168</name>
        </file>
        <file format="image/jpg" id="file.2bf77bce51bcc88b0906c67b744399f2" langs="und" size="263485" type="full-text">
          <location>yadda.pack:/archive/bwmeta1.element.id-from-db-book-otworz-ksiazke-28303-slugswiatopoglad_stanislawa_ignacego_witkiewicza/content/full-text/0085.jpg</location>
          <name lang="zxx" type="file-name">0085.jpg</name>
          <name lang="zxx">169-170</name>
        </file>
        <file format="image/jpg" id="file.f9fa5b53bbbf92d0f8f31053fc04d06a" langs="und" size="252248" type="full-text">
          <location>yadda.pack:/archive/bwmeta1.element.id-from-db-book-otworz-ksiazke-28303-slugswiatopoglad_stanislawa_ignacego_witkiewicza/content/full-text/0086.jpg</location>
          <name lang="zxx" type="file-name">0086.jpg</name>
          <name lang="zxx">171-172</name>
        </file>
        <file format="image/jpg" id="file.9a0e8bfac40186da3ed3aecb8b33630d" langs="und" size="258974" type="full-text">
          <location>yadda.pack:/archive/bwmeta1.element.id-from-db-book-otworz-ksiazke-28303-slugswiatopoglad_stanislawa_ignacego_witkiewicza/content/full-text/0087.jpg</location>
          <name lang="zxx" type="file-name">0087.jpg</name>
          <name lang="zxx">173-174</name>
        </file>
        <file format="image/jpg" id="file.1b66167cc0387106de8ee7dbf0e17bfb" langs="und" size="256671" type="full-text">
          <location>yadda.pack:/archive/bwmeta1.element.id-from-db-book-otworz-ksiazke-28303-slugswiatopoglad_stanislawa_ignacego_witkiewicza/content/full-text/0088.jpg</location>
          <name lang="zxx" type="file-name">0088.jpg</name>
          <name lang="zxx">175-176</name>
        </file>
        <file format="image/jpg" id="file.9e0c8f2bf7d783ebfe7000c66505a871" langs="und" size="260078" type="full-text">
          <location>yadda.pack:/archive/bwmeta1.element.id-from-db-book-otworz-ksiazke-28303-slugswiatopoglad_stanislawa_ignacego_witkiewicza/content/full-text/0089.jpg</location>
          <name lang="zxx" type="file-name">0089.jpg</name>
          <name lang="zxx">177-178</name>
        </file>
        <file format="image/jpg" id="file.67574d2d76b2a371db67977ee80036ea" langs="und" size="260667" type="full-text">
          <location>yadda.pack:/archive/bwmeta1.element.id-from-db-book-otworz-ksiazke-28303-slugswiatopoglad_stanislawa_ignacego_witkiewicza/content/full-text/0090.jpg</location>
          <name lang="zxx" type="file-name">0090.jpg</name>
          <name lang="zxx">179-180</name>
        </file>
        <file format="image/jpg" id="file.f9303e1cf79c7733a16d27b1fe6f3b80" langs="und" size="259208" type="full-text">
          <location>yadda.pack:/archive/bwmeta1.element.id-from-db-book-otworz-ksiazke-28303-slugswiatopoglad_stanislawa_ignacego_witkiewicza/content/full-text/0091.jpg</location>
          <name lang="zxx" type="file-name">0091.jpg</name>
          <name lang="zxx">181-182</name>
        </file>
        <file format="image/jpg" id="file.019ae551b67711c1bbf3acea95b2b606" langs="und" size="260847" type="full-text">
          <location>yadda.pack:/archive/bwmeta1.element.id-from-db-book-otworz-ksiazke-28303-slugswiatopoglad_stanislawa_ignacego_witkiewicza/content/full-text/0092.jpg</location>
          <name lang="zxx" type="file-name">0092.jpg</name>
          <name lang="zxx">183-184</name>
        </file>
        <file format="image/jpg" id="file.54c586406e9ee2a2a86687922a41ff3f" langs="und" size="265074" type="full-text">
          <location>yadda.pack:/archive/bwmeta1.element.id-from-db-book-otworz-ksiazke-28303-slugswiatopoglad_stanislawa_ignacego_witkiewicza/content/full-text/0093.jpg</location>
          <name lang="zxx" type="file-name">0093.jpg</name>
          <name lang="zxx">185-186</name>
        </file>
        <file format="image/jpg" id="file.27c29f49cddaca345b00cd1b1c7e0ae7" langs="und" size="268327" type="full-text">
          <location>yadda.pack:/archive/bwmeta1.element.id-from-db-book-otworz-ksiazke-28303-slugswiatopoglad_stanislawa_ignacego_witkiewicza/content/full-text/0094.jpg</location>
          <name lang="zxx" type="file-name">0094.jpg</name>
          <name lang="zxx">187-188</name>
        </file>
        <file format="image/jpg" id="file.fa990fa25c693958bbed606fde653cdd" langs="und" size="256617" type="full-text">
          <location>yadda.pack:/archive/bwmeta1.element.id-from-db-book-otworz-ksiazke-28303-slugswiatopoglad_stanislawa_ignacego_witkiewicza/content/full-text/0095.jpg</location>
          <name lang="zxx" type="file-name">0095.jpg</name>
          <name lang="zxx">189-190</name>
        </file>
        <file format="image/jpg" id="file.c46244d9d06a06c2687cbe99ef854c71" langs="und" size="275415" type="full-text">
          <location>yadda.pack:/archive/bwmeta1.element.id-from-db-book-otworz-ksiazke-28303-slugswiatopoglad_stanislawa_ignacego_witkiewicza/content/full-text/0096.jpg</location>
          <name lang="zxx" type="file-name">0096.jpg</name>
          <name lang="zxx">191-192</name>
        </file>
        <file format="image/jpg" id="file.3c5fae3b3979cac14cab0cca10fcaad6" langs="und" size="262410" type="full-text">
          <location>yadda.pack:/archive/bwmeta1.element.id-from-db-book-otworz-ksiazke-28303-slugswiatopoglad_stanislawa_ignacego_witkiewicza/content/full-text/0097.jpg</location>
          <name lang="zxx" type="file-name">0097.jpg</name>
          <name lang="zxx">193-194</name>
        </file>
        <file format="image/jpg" id="file.939fbdf59df49a6ebdee03cdadd47d57" langs="und" size="268319" type="full-text">
          <location>yadda.pack:/archive/bwmeta1.element.id-from-db-book-otworz-ksiazke-28303-slugswiatopoglad_stanislawa_ignacego_witkiewicza/content/full-text/0098.jpg</location>
          <name lang="zxx" type="file-name">0098.jpg</name>
          <name lang="zxx">195-196</name>
        </file>
        <file format="image/jpg" id="file.4fc2e6f6d6d54d4e1bcfc17b560c0640" langs="und" size="248713" type="full-text">
          <location>yadda.pack:/archive/bwmeta1.element.id-from-db-book-otworz-ksiazke-28303-slugswiatopoglad_stanislawa_ignacego_witkiewicza/content/full-text/0099.jpg</location>
          <name lang="zxx" type="file-name">0099.jpg</name>
          <name lang="zxx">197-198</name>
        </file>
        <file format="image/jpg" id="file.cc132aaa335232aaf36622697263bcb7" langs="und" size="268018" type="full-text">
          <location>yadda.pack:/archive/bwmeta1.element.id-from-db-book-otworz-ksiazke-28303-slugswiatopoglad_stanislawa_ignacego_witkiewicza/content/full-text/0100.jpg</location>
          <name lang="zxx" type="file-name">0100.jpg</name>
          <name lang="zxx">199-200</name>
        </file>
        <file format="image/jpg" id="file.2a678fd36a66463615021019167e82d8" langs="und" size="215591" type="full-text">
          <location>yadda.pack:/archive/bwmeta1.element.id-from-db-book-otworz-ksiazke-28303-slugswiatopoglad_stanislawa_ignacego_witkiewicza/content/full-text/0101.jpg</location>
          <name lang="zxx" type="file-name">0101.jpg</name>
          <name lang="zxx">201-202</name>
        </file>
        <name lang="und">Filozofia społeczna</name>
      </directory>
      <directory id="r-7" type="paged">
        <file format="image/jpg" id="file.adfc5d3d10fdc6e102555220a467ff04" langs="und" size="263860" type="full-text">
          <location>yadda.pack:/archive/bwmeta1.element.id-from-db-book-otworz-ksiazke-28303-slugswiatopoglad_stanislawa_ignacego_witkiewicza/content/full-text/0102.jpg</location>
          <name lang="zxx" type="file-name">0102.jpg</name>
          <name lang="zxx">203-204</name>
        </file>
        <file format="image/jpg" id="file.32c6630be2b642b363a1f9f7ed42daa6" langs="und" size="257865" type="full-text">
          <location>yadda.pack:/archive/bwmeta1.element.id-from-db-book-otworz-ksiazke-28303-slugswiatopoglad_stanislawa_ignacego_witkiewicza/content/full-text/0103.jpg</location>
          <name lang="zxx" type="file-name">0103.jpg</name>
          <name lang="zxx">205-206</name>
        </file>
        <file format="image/jpg" id="file.677e383454eafa8bf70a75db86a8140a" langs="und" size="266024" type="full-text">
          <location>yadda.pack:/archive/bwmeta1.element.id-from-db-book-otworz-ksiazke-28303-slugswiatopoglad_stanislawa_ignacego_witkiewicza/content/full-text/0104.jpg</location>
          <name lang="zxx" type="file-name">0104.jpg</name>
          <name lang="zxx">207-208</name>
        </file>
        <file format="image/jpg" id="file.1cf0fac1f3b351e72b2d4daab25c1d67" langs="und" size="262796" type="full-text">
          <location>yadda.pack:/archive/bwmeta1.element.id-from-db-book-otworz-ksiazke-28303-slugswiatopoglad_stanislawa_ignacego_witkiewicza/content/full-text/0105.jpg</location>
          <name lang="zxx" type="file-name">0105.jpg</name>
          <name lang="zxx">209-210</name>
        </file>
        <file format="image/jpg" id="file.c8f1567dd9056a64721cf3089c9c9093" langs="und" size="254339" type="full-text">
          <location>yadda.pack:/archive/bwmeta1.element.id-from-db-book-otworz-ksiazke-28303-slugswiatopoglad_stanislawa_ignacego_witkiewicza/content/full-text/0106.jpg</location>
          <name lang="zxx" type="file-name">0106.jpg</name>
          <name lang="zxx">211-212</name>
        </file>
        <file format="image/jpg" id="file.e4232bc835b078c7df083e24ed574ab3" langs="und" size="271245" type="full-text">
          <location>yadda.pack:/archive/bwmeta1.element.id-from-db-book-otworz-ksiazke-28303-slugswiatopoglad_stanislawa_ignacego_witkiewicza/content/full-text/0107.jpg</location>
          <name lang="zxx" type="file-name">0107.jpg</name>
          <name lang="zxx">213-214</name>
        </file>
        <file format="image/jpg" id="file.c36ae6544cf2c801972d536ab5de281a" langs="und" size="260473" type="full-text">
          <location>yadda.pack:/archive/bwmeta1.element.id-from-db-book-otworz-ksiazke-28303-slugswiatopoglad_stanislawa_ignacego_witkiewicza/content/full-text/0108.jpg</location>
          <name lang="zxx" type="file-name">0108.jpg</name>
          <name lang="zxx">215-216</name>
        </file>
        <file format="image/jpg" id="file.bab45751ab95f3ba9a06d0398ebb1159" langs="und" size="263821" type="full-text">
          <location>yadda.pack:/archive/bwmeta1.element.id-from-db-book-otworz-ksiazke-28303-slugswiatopoglad_stanislawa_ignacego_witkiewicza/content/full-text/0109.jpg</location>
          <name lang="zxx" type="file-name">0109.jpg</name>
          <name lang="zxx">217-218</name>
        </file>
        <file format="image/jpg" id="file.1f86ec7d05795529f784c0ab2df5097e" langs="und" size="215859" type="full-text">
          <location>yadda.pack:/archive/bwmeta1.element.id-from-db-book-otworz-ksiazke-28303-slugswiatopoglad_stanislawa_ignacego_witkiewicza/content/full-text/0110.jpg</location>
          <name lang="zxx" type="file-name">0110.jpg</name>
          <name lang="zxx">219-220</name>
        </file>
        <name lang="und">Witkiewicz w globalnym miasteczku</name>
      </directory>
      <directory id="r-8" type="paged">
        <file format="image/jpg" id="file.aedf2505a1ddc2aa59730150ec1963ab" langs="und" size="252359" type="full-text">
          <location>yadda.pack:/archive/bwmeta1.element.id-from-db-book-otworz-ksiazke-28303-slugswiatopoglad_stanislawa_ignacego_witkiewicza/content/full-text/0111.jpg</location>
          <name lang="zxx" type="file-name">0111.jpg</name>
          <name lang="zxx">221-222</name>
        </file>
        <file format="image/jpg" id="file.757d1251b7588822d9fc66662065d1b3" langs="und" size="270423" type="full-text">
          <location>yadda.pack:/archive/bwmeta1.element.id-from-db-book-otworz-ksiazke-28303-slugswiatopoglad_stanislawa_ignacego_witkiewicza/content/full-text/0112.jpg</location>
          <name lang="zxx" type="file-name">0112.jpg</name>
          <name lang="zxx">223-224</name>
        </file>
        <file format="image/jpg" id="file.68526027a7602d018bf116a08c63ffb8" langs="und" size="207704" type="full-text">
          <location>yadda.pack:/archive/bwmeta1.element.id-from-db-book-otworz-ksiazke-28303-slugswiatopoglad_stanislawa_ignacego_witkiewicza/content/full-text/0113.jpg</location>
          <name lang="zxx" type="file-name">0113.jpg</name>
          <name lang="zxx">225-226</name>
        </file>
        <file format="image/jpg" id="file.f970178ba75716132e0064e2943fa869" langs="und" size="145225" type="full-text">
          <location>yadda.pack:/archive/bwmeta1.element.id-from-db-book-otworz-ksiazke-28303-slugswiatopoglad_stanislawa_ignacego_witkiewicza/content/full-text/0114.jpg</location>
          <name lang="zxx" type="file-name">0114.jpg</name>
          <name lang="zxx">227-228</name>
        </file>
        <file format="image/jpg" id="file.54628c3f103903580c876c9f0cf5a70d" langs="und" size="118879" type="full-text">
          <location>yadda.pack:/archive/bwmeta1.element.id-from-db-book-otworz-ksiazke-28303-slugswiatopoglad_stanislawa_ignacego_witkiewicza/content/full-text/0115.jpg</location>
          <name lang="zxx" type="file-name">0115.jpg</name>
          <name lang="zxx">229-230</name>
        </file>
        <file format="image/jpg" id="file.3dfc29a4fcd7904bb7e8c49a9ca144cb" langs="und" size="94408" type="full-text">
          <location>yadda.pack:/archive/bwmeta1.element.id-from-db-book-otworz-ksiazke-28303-slugswiatopoglad_stanislawa_ignacego_witkiewicza/content/full-text/0116.jpg</location>
          <name lang="zxx" type="file-name">0116.jpg</name>
          <name lang="zxx">231-232</name>
        </file>
        <file format="image/jpg" id="file.cc9af1a9f32e9c692754ae89a848930f" langs="und" size="87973" type="full-text">
          <location>yadda.pack:/archive/bwmeta1.element.id-from-db-book-otworz-ksiazke-28303-slugswiatopoglad_stanislawa_ignacego_witkiewicza/content/full-text/0117.jpg</location>
          <name lang="zxx" type="file-name">0117.jpg</name>
          <name lang="zxx">233-234</name>
        </file>
        <name lang="und">The Outlook of Witkacy. Summary.</name>
      </directory>
    </directory>
  </contents>
  <contributor institution="false" role="author">
    <identity ref="bwmeta1.person.id-from-db-authors-otworz-ksiazke-164-slug-malgorzata_szpakowska" />
    <name lang="und" type="canonical">Małgorzata  Szpakowska</name>
    <name lang="und" type="surname">Szpakowska</name>
    <name lang="und" type="forename">Małgorzata</name>
  </contributor>
  <id scheme="bwmeta1.id-class.otworz-ksiazke-db-id" value="28303" />
  <id scheme="bwmeta1.id-class.otworz-ksiazke-db-slug" value="swiatopoglad_stanislawa_ignacego_witkiewicza" />
  <name lang="und">Światopogląd Stanisława Ignacego Witkiewicza</name>
  <structure hierarchy="bwmeta1.hierarchy-class.hierarchy_Book">
    <ancestor level="bwmeta1.level.hierarchy_Book_Publisher" identity="bwmeta1.element.id-from-db-publisher-otworz-ksiazke-14">
      <name lang="und">Zakład Narodowy im. Ossolińskich - Wydawnictwo</name>
    </ancestor>
    <current level="bwmeta1.level.hierarchy_Book_Book" />
  </structure>
  <tags lang="und" type="License">
    <tag>by-nc</tag>
  </tags>
  <tags lang="und" type="keyword">
    <tag>kulturoznawstwo</tag>
  </tags>
</element>

