<?xml version="1.0" encoding="UTF-8"?>
<element xmlns="http://yadda.icm.edu.pl/bwmeta-2.0.0.xsd" id="bwmeta1.element.id-from-db-publisher-otworz-ksiazke-40">
  <attribute key="source-id">
    <value>przywileje_i_polityka_podatkowa_ludwika_wegierskiego_w_polsce</value>
  </attribute>
  <id scheme="bwmeta1.id-class.otworz-ksiazke-publisher-slug" value="wydawnictwa_uniwersytetu_Łodzkiego" />
  <name lang="und">Wydawnictwa Uniwersytetu Łódzkiego</name>
  <structure hierarchy="bwmeta1.hierarchy-class.hierarchy_Book">
    <current level="bwmeta1.level.hierarchy_Book_Publisher" />
  </structure>
</element>

