<?xml version="1.0" encoding="UTF-8"?>
<element xmlns="http://yadda.icm.edu.pl/bwmeta-2.0.0.xsd" id="bwmeta1.element.id-from-db-book-otworz-ksiazke-28301-slugreforms_adaptation_and_breakthrough">
  <attribute key="source-id">
    <value>reforms_adaptation_and_breakthrough</value>
  </attribute>
  <contents>
    <file format="image/jpeg" id="file.2867dcb0e483837aade078b5172628f9" langs="und" size="118203" type="cover">
      <location>yadda.pack:/archive/bwmeta1.element.id-from-db-book-otworz-ksiazke-28301-slugreforms_adaptation_and_breakthrough/content/cover/okladka.jpg</location>
      <name lang="zxx" type="file-name">okladka.jpg</name>
    </file>
    <directory id="full-content" type="multi-type">
      <file format="application/pdf" id="file.60c4614dbbcf508d0f812eb01dc6b644" langs="und" size="1435339" type="full-text">
        <location>yadda.pack:/archive/bwmeta1.element.id-from-db-book-otworz-ksiazke-28301-slugreforms_adaptation_and_breakthrough/content/full-text/reforms_adaptation_and_breakthrough.pdf</location>
        <name lang="zxx" type="file-name">reforms_adaptation_and_breakthrough.pdf</name>
      </file>
      <directory id="chaptered-content-dir" type="directory">
        <directory id="r-1" type="paged">
          <file format="image/jpg" id="file.7fc3abc949da5b6c4ab55010cec93fa7" langs="und" size="39840" type="full-text">
            <location>yadda.pack:/archive/bwmeta1.element.id-from-db-book-otworz-ksiazke-28301-slugreforms_adaptation_and_breakthrough/content/full-text/0001.jpg</location>
            <name lang="zxx" type="file-name">0001.jpg</name>
            <name lang="zxx">1-2</name>
          </file>
          <file format="image/jpg" id="file.c7fd78be59096335e0c9c107fe9e6f0a" langs="und" size="139392" type="full-text">
            <location>yadda.pack:/archive/bwmeta1.element.id-from-db-book-otworz-ksiazke-28301-slugreforms_adaptation_and_breakthrough/content/full-text/0002.jpg</location>
            <name lang="zxx" type="file-name">0002.jpg</name>
            <name lang="zxx">3-4</name>
          </file>
        </directory>
        <directory id="r-2" type="paged">
          <file format="image/jpg" id="file.d149bd7ef1345b1883a0911b6d664f4d" langs="und" size="106482" type="full-text">
            <location>yadda.pack:/archive/bwmeta1.element.id-from-db-book-otworz-ksiazke-28301-slugreforms_adaptation_and_breakthrough/content/full-text/0003.jpg</location>
            <name lang="zxx" type="file-name">0003.jpg</name>
            <name lang="zxx">5-6</name>
          </file>
          <file format="image/jpg" id="file.96c91f5d45c69ef9ff1b16c51af8d153" langs="und" size="151139" type="full-text">
            <location>yadda.pack:/archive/bwmeta1.element.id-from-db-book-otworz-ksiazke-28301-slugreforms_adaptation_and_breakthrough/content/full-text/0004.jpg</location>
            <name lang="zxx" type="file-name">0004.jpg</name>
            <name lang="zxx">7-8</name>
          </file>
          <file format="image/jpg" id="file.bff48d071a98d15f69180b8afbb72e8e" langs="und" size="208961" type="full-text">
            <location>yadda.pack:/archive/bwmeta1.element.id-from-db-book-otworz-ksiazke-28301-slugreforms_adaptation_and_breakthrough/content/full-text/0005.jpg</location>
            <name lang="zxx" type="file-name">0005.jpg</name>
            <name lang="zxx">9-10</name>
          </file>
          <name lang="und">Strony tytułowe i spis treści</name>
        </directory>
        <directory id="r-3" type="paged">
          <file format="image/jpg" id="file.6ba1ca431b2ff4113fc616090c6c4b34" langs="und" size="265152" type="full-text">
            <location>yadda.pack:/archive/bwmeta1.element.id-from-db-book-otworz-ksiazke-28301-slugreforms_adaptation_and_breakthrough/content/full-text/0006.jpg</location>
            <name lang="zxx" type="file-name">0006.jpg</name>
            <name lang="zxx">11-12</name>
          </file>
          <file format="image/jpg" id="file.7f8e8d5b7f043a2cadbcf3f5ff919c54" langs="und" size="249861" type="full-text">
            <location>yadda.pack:/archive/bwmeta1.element.id-from-db-book-otworz-ksiazke-28301-slugreforms_adaptation_and_breakthrough/content/full-text/0007.jpg</location>
            <name lang="zxx" type="file-name">0007.jpg</name>
            <name lang="zxx">13-14</name>
          </file>
          <file format="image/jpg" id="file.81ce32fbd5a000abe754916e27345f5f" langs="und" size="172035" type="full-text">
            <location>yadda.pack:/archive/bwmeta1.element.id-from-db-book-otworz-ksiazke-28301-slugreforms_adaptation_and_breakthrough/content/full-text/0008.jpg</location>
            <name lang="zxx" type="file-name">0008.jpg</name>
            <name lang="zxx">15-16</name>
          </file>
          <file format="image/jpg" id="file.0d7ba89da7466348387abfcee5f282da" langs="und" size="264501" type="full-text">
            <location>yadda.pack:/archive/bwmeta1.element.id-from-db-book-otworz-ksiazke-28301-slugreforms_adaptation_and_breakthrough/content/full-text/0009.jpg</location>
            <name lang="zxx" type="file-name">0009.jpg</name>
            <name lang="zxx">17-18</name>
          </file>
          <file format="image/jpg" id="file.ec9c0824accc4c6918c7165d10b3000a" langs="und" size="265334" type="full-text">
            <location>yadda.pack:/archive/bwmeta1.element.id-from-db-book-otworz-ksiazke-28301-slugreforms_adaptation_and_breakthrough/content/full-text/0010.jpg</location>
            <name lang="zxx" type="file-name">0010.jpg</name>
            <name lang="zxx">19-20</name>
          </file>
          <file format="image/jpg" id="file.3a94c4d1a2ffbe460ac5100fd027bf46" langs="und" size="261684" type="full-text">
            <location>yadda.pack:/archive/bwmeta1.element.id-from-db-book-otworz-ksiazke-28301-slugreforms_adaptation_and_breakthrough/content/full-text/0011.jpg</location>
            <name lang="zxx" type="file-name">0011.jpg</name>
            <name lang="zxx">21-22</name>
          </file>
          <file format="image/jpg" id="file.a2e4f52458ff9fb88a114e2e525cf6ec" langs="und" size="263437" type="full-text">
            <location>yadda.pack:/archive/bwmeta1.element.id-from-db-book-otworz-ksiazke-28301-slugreforms_adaptation_and_breakthrough/content/full-text/0012.jpg</location>
            <name lang="zxx" type="file-name">0012.jpg</name>
            <name lang="zxx">23-24</name>
          </file>
          <file format="image/jpg" id="file.ec892eef1361a1a42dbf320236132989" langs="und" size="250201" type="full-text">
            <location>yadda.pack:/archive/bwmeta1.element.id-from-db-book-otworz-ksiazke-28301-slugreforms_adaptation_and_breakthrough/content/full-text/0013.jpg</location>
            <name lang="zxx" type="file-name">0013.jpg</name>
            <name lang="zxx">25-26</name>
          </file>
          <file format="image/jpg" id="file.15712678be4f0d017f014d38bd1998d3" langs="und" size="252969" type="full-text">
            <location>yadda.pack:/archive/bwmeta1.element.id-from-db-book-otworz-ksiazke-28301-slugreforms_adaptation_and_breakthrough/content/full-text/0014.jpg</location>
            <name lang="zxx" type="file-name">0014.jpg</name>
            <name lang="zxx">27-28</name>
          </file>
          <file format="image/jpg" id="file.3f01334a66a05b8cbcda907b3b51460c" langs="und" size="207085" type="full-text">
            <location>yadda.pack:/archive/bwmeta1.element.id-from-db-book-otworz-ksiazke-28301-slugreforms_adaptation_and_breakthrough/content/full-text/0015.jpg</location>
            <name lang="zxx" type="file-name">0015.jpg</name>
            <name lang="zxx">29-30</name>
          </file>
          <name lang="und">Reforms, Adaptation and Breakthrough: Continuity of Change and Transformation</name>
        </directory>
        <directory id="r-4" type="paged">
          <file format="image/jpg" id="file.5253b48a165ec4fbf173ac11339b8345" langs="und" size="237204" type="full-text">
            <location>yadda.pack:/archive/bwmeta1.element.id-from-db-book-otworz-ksiazke-28301-slugreforms_adaptation_and_breakthrough/content/full-text/0016.jpg</location>
            <name lang="zxx" type="file-name">0016.jpg</name>
            <name lang="zxx">31-32</name>
          </file>
          <file format="image/jpg" id="file.00b4a62ff4c0a9daaf66d6eceadc4c97" langs="und" size="253176" type="full-text">
            <location>yadda.pack:/archive/bwmeta1.element.id-from-db-book-otworz-ksiazke-28301-slugreforms_adaptation_and_breakthrough/content/full-text/0017.jpg</location>
            <name lang="zxx" type="file-name">0017.jpg</name>
            <name lang="zxx">33-34</name>
          </file>
          <file format="image/jpg" id="file.3b96a4ff4d9831920852949ade55f9c1" langs="und" size="261509" type="full-text">
            <location>yadda.pack:/archive/bwmeta1.element.id-from-db-book-otworz-ksiazke-28301-slugreforms_adaptation_and_breakthrough/content/full-text/0018.jpg</location>
            <name lang="zxx" type="file-name">0018.jpg</name>
            <name lang="zxx">35-36</name>
          </file>
          <file format="image/jpg" id="file.3ca1fb0daadf21527bee15076672bf9d" langs="und" size="257813" type="full-text">
            <location>yadda.pack:/archive/bwmeta1.element.id-from-db-book-otworz-ksiazke-28301-slugreforms_adaptation_and_breakthrough/content/full-text/0019.jpg</location>
            <name lang="zxx" type="file-name">0019.jpg</name>
            <name lang="zxx">37-38</name>
          </file>
          <file format="image/jpg" id="file.cc805a410bb67f83099fae47edf05dd7" langs="und" size="264919" type="full-text">
            <location>yadda.pack:/archive/bwmeta1.element.id-from-db-book-otworz-ksiazke-28301-slugreforms_adaptation_and_breakthrough/content/full-text/0020.jpg</location>
            <name lang="zxx" type="file-name">0020.jpg</name>
            <name lang="zxx">39-40</name>
          </file>
          <file format="image/jpg" id="file.77e84e4bf127ea78d4e93cf49813a6ae" langs="und" size="261773" type="full-text">
            <location>yadda.pack:/archive/bwmeta1.element.id-from-db-book-otworz-ksiazke-28301-slugreforms_adaptation_and_breakthrough/content/full-text/0021.jpg</location>
            <name lang="zxx" type="file-name">0021.jpg</name>
            <name lang="zxx">41-42</name>
          </file>
          <file format="image/jpg" id="file.75d190d51dac0fef28e8d90106ee8ebd" langs="und" size="258147" type="full-text">
            <location>yadda.pack:/archive/bwmeta1.element.id-from-db-book-otworz-ksiazke-28301-slugreforms_adaptation_and_breakthrough/content/full-text/0022.jpg</location>
            <name lang="zxx" type="file-name">0022.jpg</name>
            <name lang="zxx">43-44</name>
          </file>
          <file format="image/jpg" id="file.76dce3e8e48c025a95cf813ba726c2fe" langs="und" size="256754" type="full-text">
            <location>yadda.pack:/archive/bwmeta1.element.id-from-db-book-otworz-ksiazke-28301-slugreforms_adaptation_and_breakthrough/content/full-text/0023.jpg</location>
            <name lang="zxx" type="file-name">0023.jpg</name>
            <name lang="zxx">45-46</name>
          </file>
          <file format="image/jpg" id="file.80aea6965f20f0ed10afca13b67e75e9" langs="und" size="254032" type="full-text">
            <location>yadda.pack:/archive/bwmeta1.element.id-from-db-book-otworz-ksiazke-28301-slugreforms_adaptation_and_breakthrough/content/full-text/0024.jpg</location>
            <name lang="zxx" type="file-name">0024.jpg</name>
            <name lang="zxx">47-48</name>
          </file>
          <file format="image/jpg" id="file.80c5af393babbc4b2d9f51d909a9ccb0" langs="und" size="257620" type="full-text">
            <location>yadda.pack:/archive/bwmeta1.element.id-from-db-book-otworz-ksiazke-28301-slugreforms_adaptation_and_breakthrough/content/full-text/0025.jpg</location>
            <name lang="zxx" type="file-name">0025.jpg</name>
            <name lang="zxx">49-50</name>
          </file>
          <file format="image/jpg" id="file.34b011ba9ac76cd940657d34ba0b7098" langs="und" size="256407" type="full-text">
            <location>yadda.pack:/archive/bwmeta1.element.id-from-db-book-otworz-ksiazke-28301-slugreforms_adaptation_and_breakthrough/content/full-text/0026.jpg</location>
            <name lang="zxx" type="file-name">0026.jpg</name>
            <name lang="zxx">51-52</name>
          </file>
          <file format="image/jpg" id="file.b1b6fd3882098a7e79255da15366a2da" langs="und" size="247665" type="full-text">
            <location>yadda.pack:/archive/bwmeta1.element.id-from-db-book-otworz-ksiazke-28301-slugreforms_adaptation_and_breakthrough/content/full-text/0027.jpg</location>
            <name lang="zxx" type="file-name">0027.jpg</name>
            <name lang="zxx">53-54</name>
          </file>
          <file format="image/jpg" id="file.034ae6f5ee29a7a65cc66795e8c8c55c" langs="und" size="263667" type="full-text">
            <location>yadda.pack:/archive/bwmeta1.element.id-from-db-book-otworz-ksiazke-28301-slugreforms_adaptation_and_breakthrough/content/full-text/0028.jpg</location>
            <name lang="zxx" type="file-name">0028.jpg</name>
            <name lang="zxx">55-56</name>
          </file>
          <file format="image/jpg" id="file.3da6e1afa32325e519a3547d78f32ff6" langs="und" size="252004" type="full-text">
            <location>yadda.pack:/archive/bwmeta1.element.id-from-db-book-otworz-ksiazke-28301-slugreforms_adaptation_and_breakthrough/content/full-text/0029.jpg</location>
            <name lang="zxx" type="file-name">0029.jpg</name>
            <name lang="zxx">57-58</name>
          </file>
          <file format="image/jpg" id="file.65096b4bbb66f963532a58ab031ade08" langs="und" size="253227" type="full-text">
            <location>yadda.pack:/archive/bwmeta1.element.id-from-db-book-otworz-ksiazke-28301-slugreforms_adaptation_and_breakthrough/content/full-text/0030.jpg</location>
            <name lang="zxx" type="file-name">0030.jpg</name>
            <name lang="zxx">59-60</name>
          </file>
          <file format="image/jpg" id="file.427bf4aebd71b3bd38844f660322c7ca" langs="und" size="263226" type="full-text">
            <location>yadda.pack:/archive/bwmeta1.element.id-from-db-book-otworz-ksiazke-28301-slugreforms_adaptation_and_breakthrough/content/full-text/0031.jpg</location>
            <name lang="zxx" type="file-name">0031.jpg</name>
            <name lang="zxx">61-62</name>
          </file>
          <file format="image/jpg" id="file.aae0ee20b535090727dac1f266e5880e" langs="und" size="251030" type="full-text">
            <location>yadda.pack:/archive/bwmeta1.element.id-from-db-book-otworz-ksiazke-28301-slugreforms_adaptation_and_breakthrough/content/full-text/0032.jpg</location>
            <name lang="zxx" type="file-name">0032.jpg</name>
            <name lang="zxx">63-64</name>
          </file>
          <file format="image/jpg" id="file.faf36be84694c710edaaebb22bd86551" langs="und" size="247364" type="full-text">
            <location>yadda.pack:/archive/bwmeta1.element.id-from-db-book-otworz-ksiazke-28301-slugreforms_adaptation_and_breakthrough/content/full-text/0033.jpg</location>
            <name lang="zxx" type="file-name">0033.jpg</name>
            <name lang="zxx">65-66</name>
          </file>
          <file format="image/jpg" id="file.72a0696d7d3ddccb435ef72613f830f7" langs="und" size="260948" type="full-text">
            <location>yadda.pack:/archive/bwmeta1.element.id-from-db-book-otworz-ksiazke-28301-slugreforms_adaptation_and_breakthrough/content/full-text/0034.jpg</location>
            <name lang="zxx" type="file-name">0034.jpg</name>
            <name lang="zxx">67-68</name>
          </file>
          <file format="image/jpg" id="file.0f9ba6421245f0aa129ecce2c80c58bf" langs="und" size="264817" type="full-text">
            <location>yadda.pack:/archive/bwmeta1.element.id-from-db-book-otworz-ksiazke-28301-slugreforms_adaptation_and_breakthrough/content/full-text/0035.jpg</location>
            <name lang="zxx" type="file-name">0035.jpg</name>
            <name lang="zxx">69-70</name>
          </file>
          <file format="image/jpg" id="file.293e4913feccfeb8e6221a0480afba62" langs="und" size="266140" type="full-text">
            <location>yadda.pack:/archive/bwmeta1.element.id-from-db-book-otworz-ksiazke-28301-slugreforms_adaptation_and_breakthrough/content/full-text/0036.jpg</location>
            <name lang="zxx" type="file-name">0036.jpg</name>
            <name lang="zxx">71-72</name>
          </file>
          <file format="image/jpg" id="file.53d3b3015072c622fffd9106561ae114" langs="und" size="265870" type="full-text">
            <location>yadda.pack:/archive/bwmeta1.element.id-from-db-book-otworz-ksiazke-28301-slugreforms_adaptation_and_breakthrough/content/full-text/0037.jpg</location>
            <name lang="zxx" type="file-name">0037.jpg</name>
            <name lang="zxx">73-74</name>
          </file>
          <file format="image/jpg" id="file.8e4b2ceedcc7822485673baa70bff765" langs="und" size="237815" type="full-text">
            <location>yadda.pack:/archive/bwmeta1.element.id-from-db-book-otworz-ksiazke-28301-slugreforms_adaptation_and_breakthrough/content/full-text/0038.jpg</location>
            <name lang="zxx" type="file-name">0038.jpg</name>
            <name lang="zxx">75-76</name>
          </file>
          <file format="image/jpg" id="file.818b34508942418a295c7b04e274a222" langs="und" size="261572" type="full-text">
            <location>yadda.pack:/archive/bwmeta1.element.id-from-db-book-otworz-ksiazke-28301-slugreforms_adaptation_and_breakthrough/content/full-text/0039.jpg</location>
            <name lang="zxx" type="file-name">0039.jpg</name>
            <name lang="zxx">77-78</name>
          </file>
          <file format="image/jpg" id="file.7743e739f82fa359084a290620adbafe" langs="und" size="265540" type="full-text">
            <location>yadda.pack:/archive/bwmeta1.element.id-from-db-book-otworz-ksiazke-28301-slugreforms_adaptation_and_breakthrough/content/full-text/0040.jpg</location>
            <name lang="zxx" type="file-name">0040.jpg</name>
            <name lang="zxx">79-80</name>
          </file>
          <file format="image/jpg" id="file.aa8dd0d7610c0a07b6bbb83ecd7de084" langs="und" size="231075" type="full-text">
            <location>yadda.pack:/archive/bwmeta1.element.id-from-db-book-otworz-ksiazke-28301-slugreforms_adaptation_and_breakthrough/content/full-text/0041.jpg</location>
            <name lang="zxx" type="file-name">0041.jpg</name>
            <name lang="zxx">81-82</name>
          </file>
          <name lang="und">Reforms And Their Limits</name>
        </directory>
        <directory id="r-5" type="paged">
          <file format="image/jpg" id="file.e65a3d947a5e2717ceaac7c5ead2d6a1" langs="und" size="270007" type="full-text">
            <location>yadda.pack:/archive/bwmeta1.element.id-from-db-book-otworz-ksiazke-28301-slugreforms_adaptation_and_breakthrough/content/full-text/0042.jpg</location>
            <name lang="zxx" type="file-name">0042.jpg</name>
            <name lang="zxx">83-84</name>
          </file>
          <file format="image/jpg" id="file.1b8cb47d71d08eb79295137a23e0516f" langs="und" size="267438" type="full-text">
            <location>yadda.pack:/archive/bwmeta1.element.id-from-db-book-otworz-ksiazke-28301-slugreforms_adaptation_and_breakthrough/content/full-text/0043.jpg</location>
            <name lang="zxx" type="file-name">0043.jpg</name>
            <name lang="zxx">85-86</name>
          </file>
          <file format="image/jpg" id="file.41401dad4deeaa92d1cdb2672653b111" langs="und" size="264883" type="full-text">
            <location>yadda.pack:/archive/bwmeta1.element.id-from-db-book-otworz-ksiazke-28301-slugreforms_adaptation_and_breakthrough/content/full-text/0044.jpg</location>
            <name lang="zxx" type="file-name">0044.jpg</name>
            <name lang="zxx">87-88</name>
          </file>
          <file format="image/jpg" id="file.fce4e737744060a5c89455afcdc0e465" langs="und" size="252816" type="full-text">
            <location>yadda.pack:/archive/bwmeta1.element.id-from-db-book-otworz-ksiazke-28301-slugreforms_adaptation_and_breakthrough/content/full-text/0045.jpg</location>
            <name lang="zxx" type="file-name">0045.jpg</name>
            <name lang="zxx">89-90</name>
          </file>
          <file format="image/jpg" id="file.161b22e33bc4c4ff3a9dd2e4b546f7d2" langs="und" size="270979" type="full-text">
            <location>yadda.pack:/archive/bwmeta1.element.id-from-db-book-otworz-ksiazke-28301-slugreforms_adaptation_and_breakthrough/content/full-text/0046.jpg</location>
            <name lang="zxx" type="file-name">0046.jpg</name>
            <name lang="zxx">91-92</name>
          </file>
          <file format="image/jpg" id="file.31ffb7f76aecf167978607d1bb29978c" langs="und" size="256962" type="full-text">
            <location>yadda.pack:/archive/bwmeta1.element.id-from-db-book-otworz-ksiazke-28301-slugreforms_adaptation_and_breakthrough/content/full-text/0047.jpg</location>
            <name lang="zxx" type="file-name">0047.jpg</name>
            <name lang="zxx">93-94</name>
          </file>
          <file format="image/jpg" id="file.335f5aca9c806470fcdccb3f977d2365" langs="und" size="264667" type="full-text">
            <location>yadda.pack:/archive/bwmeta1.element.id-from-db-book-otworz-ksiazke-28301-slugreforms_adaptation_and_breakthrough/content/full-text/0048.jpg</location>
            <name lang="zxx" type="file-name">0048.jpg</name>
            <name lang="zxx">95-96</name>
          </file>
          <file format="image/jpg" id="file.3db1af0c79c7913b7c3ff865e98029d6" langs="und" size="264004" type="full-text">
            <location>yadda.pack:/archive/bwmeta1.element.id-from-db-book-otworz-ksiazke-28301-slugreforms_adaptation_and_breakthrough/content/full-text/0049.jpg</location>
            <name lang="zxx" type="file-name">0049.jpg</name>
            <name lang="zxx">97-98</name>
          </file>
          <file format="image/jpg" id="file.787298f7e9c5bbc31f19ef06bbbd1a0c" langs="und" size="267196" type="full-text">
            <location>yadda.pack:/archive/bwmeta1.element.id-from-db-book-otworz-ksiazke-28301-slugreforms_adaptation_and_breakthrough/content/full-text/0050.jpg</location>
            <name lang="zxx" type="file-name">0050.jpg</name>
            <name lang="zxx">99-100</name>
          </file>
          <file format="image/jpg" id="file.46818b74ceab117df071fb0f0eaa4fc5" langs="und" size="269154" type="full-text">
            <location>yadda.pack:/archive/bwmeta1.element.id-from-db-book-otworz-ksiazke-28301-slugreforms_adaptation_and_breakthrough/content/full-text/0051.jpg</location>
            <name lang="zxx" type="file-name">0051.jpg</name>
            <name lang="zxx">101-102</name>
          </file>
          <file format="image/jpg" id="file.9a5985a5798f921d626174907e3bea00" langs="und" size="262741" type="full-text">
            <location>yadda.pack:/archive/bwmeta1.element.id-from-db-book-otworz-ksiazke-28301-slugreforms_adaptation_and_breakthrough/content/full-text/0052.jpg</location>
            <name lang="zxx" type="file-name">0052.jpg</name>
            <name lang="zxx">103-104</name>
          </file>
          <file format="image/jpg" id="file.857be2af034963a2f42bff30bb462595" langs="und" size="263916" type="full-text">
            <location>yadda.pack:/archive/bwmeta1.element.id-from-db-book-otworz-ksiazke-28301-slugreforms_adaptation_and_breakthrough/content/full-text/0053.jpg</location>
            <name lang="zxx" type="file-name">0053.jpg</name>
            <name lang="zxx">105-106</name>
          </file>
          <file format="image/jpg" id="file.2a472c8b5e3419da01bdc1d133194471" langs="und" size="236629" type="full-text">
            <location>yadda.pack:/archive/bwmeta1.element.id-from-db-book-otworz-ksiazke-28301-slugreforms_adaptation_and_breakthrough/content/full-text/0054.jpg</location>
            <name lang="zxx" type="file-name">0054.jpg</name>
            <name lang="zxx">107-108</name>
          </file>
          <file format="image/jpg" id="file.efde4a932919e1e3e59c98f9312e9323" langs="und" size="268403" type="full-text">
            <location>yadda.pack:/archive/bwmeta1.element.id-from-db-book-otworz-ksiazke-28301-slugreforms_adaptation_and_breakthrough/content/full-text/0055.jpg</location>
            <name lang="zxx" type="file-name">0055.jpg</name>
            <name lang="zxx">109-110</name>
          </file>
          <file format="image/jpg" id="file.4dba396205dbfc36a5d36efdce336d2e" langs="und" size="265587" type="full-text">
            <location>yadda.pack:/archive/bwmeta1.element.id-from-db-book-otworz-ksiazke-28301-slugreforms_adaptation_and_breakthrough/content/full-text/0056.jpg</location>
            <name lang="zxx" type="file-name">0056.jpg</name>
            <name lang="zxx">111-112</name>
          </file>
          <file format="image/jpg" id="file.26255abfa8eeb6dfd010ffc29995c4f1" langs="und" size="267549" type="full-text">
            <location>yadda.pack:/archive/bwmeta1.element.id-from-db-book-otworz-ksiazke-28301-slugreforms_adaptation_and_breakthrough/content/full-text/0057.jpg</location>
            <name lang="zxx" type="file-name">0057.jpg</name>
            <name lang="zxx">113-114</name>
          </file>
          <file format="image/jpg" id="file.fe584f0c56fc01611726b96b1a5598f0" langs="und" size="262911" type="full-text">
            <location>yadda.pack:/archive/bwmeta1.element.id-from-db-book-otworz-ksiazke-28301-slugreforms_adaptation_and_breakthrough/content/full-text/0058.jpg</location>
            <name lang="zxx" type="file-name">0058.jpg</name>
            <name lang="zxx">115-116</name>
          </file>
          <file format="image/jpg" id="file.d104bdb620182f8b2d315e95ff595bb9" langs="und" size="260780" type="full-text">
            <location>yadda.pack:/archive/bwmeta1.element.id-from-db-book-otworz-ksiazke-28301-slugreforms_adaptation_and_breakthrough/content/full-text/0059.jpg</location>
            <name lang="zxx" type="file-name">0059.jpg</name>
            <name lang="zxx">117-118</name>
          </file>
          <file format="image/jpg" id="file.3e8d98346e3987ad927bec13e16fb4f6" langs="und" size="247754" type="full-text">
            <location>yadda.pack:/archive/bwmeta1.element.id-from-db-book-otworz-ksiazke-28301-slugreforms_adaptation_and_breakthrough/content/full-text/0060.jpg</location>
            <name lang="zxx" type="file-name">0060.jpg</name>
            <name lang="zxx">119-120</name>
          </file>
          <file format="image/jpg" id="file.e61736334d175ed077530f3eb54bdf3a" langs="und" size="254804" type="full-text">
            <location>yadda.pack:/archive/bwmeta1.element.id-from-db-book-otworz-ksiazke-28301-slugreforms_adaptation_and_breakthrough/content/full-text/0061.jpg</location>
            <name lang="zxx" type="file-name">0061.jpg</name>
            <name lang="zxx">121-122</name>
          </file>
          <file format="image/jpg" id="file.d14794bd21a8098a01d18612e46a5e40" langs="und" size="257261" type="full-text">
            <location>yadda.pack:/archive/bwmeta1.element.id-from-db-book-otworz-ksiazke-28301-slugreforms_adaptation_and_breakthrough/content/full-text/0062.jpg</location>
            <name lang="zxx" type="file-name">0062.jpg</name>
            <name lang="zxx">123-124</name>
          </file>
          <file format="image/jpg" id="file.3023fe9df57f155526742ec01106b7a0" langs="und" size="249479" type="full-text">
            <location>yadda.pack:/archive/bwmeta1.element.id-from-db-book-otworz-ksiazke-28301-slugreforms_adaptation_and_breakthrough/content/full-text/0063.jpg</location>
            <name lang="zxx" type="file-name">0063.jpg</name>
            <name lang="zxx">125-126</name>
          </file>
          <file format="image/jpg" id="file.9b9dded610cdf787e615fa7346e422b6" langs="und" size="265690" type="full-text">
            <location>yadda.pack:/archive/bwmeta1.element.id-from-db-book-otworz-ksiazke-28301-slugreforms_adaptation_and_breakthrough/content/full-text/0064.jpg</location>
            <name lang="zxx" type="file-name">0064.jpg</name>
            <name lang="zxx">127-128</name>
          </file>
          <file format="image/jpg" id="file.f5a91d61d783fed655dbecaf1b9f5991" langs="und" size="253260" type="full-text">
            <location>yadda.pack:/archive/bwmeta1.element.id-from-db-book-otworz-ksiazke-28301-slugreforms_adaptation_and_breakthrough/content/full-text/0065.jpg</location>
            <name lang="zxx" type="file-name">0065.jpg</name>
            <name lang="zxx">129-130</name>
          </file>
          <file format="image/jpg" id="file.cbc0bb952f86787dc6b54c3e9755191c" langs="und" size="262877" type="full-text">
            <location>yadda.pack:/archive/bwmeta1.element.id-from-db-book-otworz-ksiazke-28301-slugreforms_adaptation_and_breakthrough/content/full-text/0066.jpg</location>
            <name lang="zxx" type="file-name">0066.jpg</name>
            <name lang="zxx">131-132</name>
          </file>
          <file format="image/jpg" id="file.82f33e0bfb6270a1a770d364789ebcd6" langs="und" size="262819" type="full-text">
            <location>yadda.pack:/archive/bwmeta1.element.id-from-db-book-otworz-ksiazke-28301-slugreforms_adaptation_and_breakthrough/content/full-text/0067.jpg</location>
            <name lang="zxx" type="file-name">0067.jpg</name>
            <name lang="zxx">133-134</name>
          </file>
          <file format="image/jpg" id="file.0a6b880c654bea222181d9f84001818b" langs="und" size="266703" type="full-text">
            <location>yadda.pack:/archive/bwmeta1.element.id-from-db-book-otworz-ksiazke-28301-slugreforms_adaptation_and_breakthrough/content/full-text/0068.jpg</location>
            <name lang="zxx" type="file-name">0068.jpg</name>
            <name lang="zxx">135-136</name>
          </file>
          <file format="image/jpg" id="file.3e2fc586c6771732bd58e0c563c74dc5" langs="und" size="269038" type="full-text">
            <location>yadda.pack:/archive/bwmeta1.element.id-from-db-book-otworz-ksiazke-28301-slugreforms_adaptation_and_breakthrough/content/full-text/0069.jpg</location>
            <name lang="zxx" type="file-name">0069.jpg</name>
            <name lang="zxx">137-138</name>
          </file>
          <file format="image/jpg" id="file.34fbd18e822dd999b0b0c7f485e6ab08" langs="und" size="267520" type="full-text">
            <location>yadda.pack:/archive/bwmeta1.element.id-from-db-book-otworz-ksiazke-28301-slugreforms_adaptation_and_breakthrough/content/full-text/0070.jpg</location>
            <name lang="zxx" type="file-name">0070.jpg</name>
            <name lang="zxx">139-140</name>
          </file>
          <file format="image/jpg" id="file.760d42950a9dd16b7c4d2985e2b680dc" langs="und" size="261802" type="full-text">
            <location>yadda.pack:/archive/bwmeta1.element.id-from-db-book-otworz-ksiazke-28301-slugreforms_adaptation_and_breakthrough/content/full-text/0071.jpg</location>
            <name lang="zxx" type="file-name">0071.jpg</name>
            <name lang="zxx">141-142</name>
          </file>
          <file format="image/jpg" id="file.e84cd64fd1682f4dac894ca2aa49f167" langs="und" size="259667" type="full-text">
            <location>yadda.pack:/archive/bwmeta1.element.id-from-db-book-otworz-ksiazke-28301-slugreforms_adaptation_and_breakthrough/content/full-text/0072.jpg</location>
            <name lang="zxx" type="file-name">0072.jpg</name>
            <name lang="zxx">143-144</name>
          </file>
          <file format="image/jpg" id="file.0c3dde6c06bf09ef5c7d1a6a0fef3a47" langs="und" size="266952" type="full-text">
            <location>yadda.pack:/archive/bwmeta1.element.id-from-db-book-otworz-ksiazke-28301-slugreforms_adaptation_and_breakthrough/content/full-text/0073.jpg</location>
            <name lang="zxx" type="file-name">0073.jpg</name>
            <name lang="zxx">145-146</name>
          </file>
          <file format="image/jpg" id="file.581591fc984cb6790a11b6dd491c0c7b" langs="und" size="247632" type="full-text">
            <location>yadda.pack:/archive/bwmeta1.element.id-from-db-book-otworz-ksiazke-28301-slugreforms_adaptation_and_breakthrough/content/full-text/0074.jpg</location>
            <name lang="zxx" type="file-name">0074.jpg</name>
            <name lang="zxx">147-148</name>
          </file>
          <name lang="und">Adaptive Processes and Crisis of Legitimacy</name>
        </directory>
        <directory id="r-6" type="paged">
          <file format="image/jpg" id="file.e1f63d87b31b9e6040ddfcbf3715a797" langs="und" size="254604" type="full-text">
            <location>yadda.pack:/archive/bwmeta1.element.id-from-db-book-otworz-ksiazke-28301-slugreforms_adaptation_and_breakthrough/content/full-text/0075.jpg</location>
            <name lang="zxx" type="file-name">0075.jpg</name>
            <name lang="zxx">149-150</name>
          </file>
          <file format="image/jpg" id="file.a55b183ee1224247914cd3d82c2ec43a" langs="und" size="256591" type="full-text">
            <location>yadda.pack:/archive/bwmeta1.element.id-from-db-book-otworz-ksiazke-28301-slugreforms_adaptation_and_breakthrough/content/full-text/0076.jpg</location>
            <name lang="zxx" type="file-name">0076.jpg</name>
            <name lang="zxx">151-152</name>
          </file>
          <file format="image/jpg" id="file.b405d2621b17f91738980ffad58ca761" langs="und" size="255730" type="full-text">
            <location>yadda.pack:/archive/bwmeta1.element.id-from-db-book-otworz-ksiazke-28301-slugreforms_adaptation_and_breakthrough/content/full-text/0077.jpg</location>
            <name lang="zxx" type="file-name">0077.jpg</name>
            <name lang="zxx">153-154</name>
          </file>
          <file format="image/jpg" id="file.2e8bae5898216a00833edd1b01aed94f" langs="und" size="260879" type="full-text">
            <location>yadda.pack:/archive/bwmeta1.element.id-from-db-book-otworz-ksiazke-28301-slugreforms_adaptation_and_breakthrough/content/full-text/0078.jpg</location>
            <name lang="zxx" type="file-name">0078.jpg</name>
            <name lang="zxx">155-156</name>
          </file>
          <file format="image/jpg" id="file.3d1ff51139a48ec23af4c79212a4efca" langs="und" size="253634" type="full-text">
            <location>yadda.pack:/archive/bwmeta1.element.id-from-db-book-otworz-ksiazke-28301-slugreforms_adaptation_and_breakthrough/content/full-text/0079.jpg</location>
            <name lang="zxx" type="file-name">0079.jpg</name>
            <name lang="zxx">157-158</name>
          </file>
          <file format="image/jpg" id="file.d10a9f95260a725dcbddbbcd0b86e01d" langs="und" size="255017" type="full-text">
            <location>yadda.pack:/archive/bwmeta1.element.id-from-db-book-otworz-ksiazke-28301-slugreforms_adaptation_and_breakthrough/content/full-text/0080.jpg</location>
            <name lang="zxx" type="file-name">0080.jpg</name>
            <name lang="zxx">159-160</name>
          </file>
          <file format="image/jpg" id="file.115706492836ef807aa89e28e06bccd3" langs="und" size="262435" type="full-text">
            <location>yadda.pack:/archive/bwmeta1.element.id-from-db-book-otworz-ksiazke-28301-slugreforms_adaptation_and_breakthrough/content/full-text/0081.jpg</location>
            <name lang="zxx" type="file-name">0081.jpg</name>
            <name lang="zxx">161-162</name>
          </file>
          <file format="image/jpg" id="file.5a05f9414c3ed244bdd77e261157cda2" langs="und" size="224119" type="full-text">
            <location>yadda.pack:/archive/bwmeta1.element.id-from-db-book-otworz-ksiazke-28301-slugreforms_adaptation_and_breakthrough/content/full-text/0082.jpg</location>
            <name lang="zxx" type="file-name">0082.jpg</name>
            <name lang="zxx">163-164</name>
          </file>
          <file format="image/jpg" id="file.982a70b656c75c4af528cc221a0a8a4a" langs="und" size="269816" type="full-text">
            <location>yadda.pack:/archive/bwmeta1.element.id-from-db-book-otworz-ksiazke-28301-slugreforms_adaptation_and_breakthrough/content/full-text/0083.jpg</location>
            <name lang="zxx" type="file-name">0083.jpg</name>
            <name lang="zxx">165-166</name>
          </file>
          <file format="image/jpg" id="file.e69c3a7267dc1082fd98a7379f6396e9" langs="und" size="253803" type="full-text">
            <location>yadda.pack:/archive/bwmeta1.element.id-from-db-book-otworz-ksiazke-28301-slugreforms_adaptation_and_breakthrough/content/full-text/0084.jpg</location>
            <name lang="zxx" type="file-name">0084.jpg</name>
            <name lang="zxx">167-168</name>
          </file>
          <file format="image/jpg" id="file.7101d850c928d474b01133784d4602f2" langs="und" size="233894" type="full-text">
            <location>yadda.pack:/archive/bwmeta1.element.id-from-db-book-otworz-ksiazke-28301-slugreforms_adaptation_and_breakthrough/content/full-text/0085.jpg</location>
            <name lang="zxx" type="file-name">0085.jpg</name>
            <name lang="zxx">169-170</name>
          </file>
          <name lang="und">Dynamics of Post-Communism: From Passive Politization to Active Depolitization?</name>
        </directory>
        <directory id="r-7" type="paged">
          <file format="image/jpg" id="file.56c297064a88e4a59c4f58a66bcb61df" langs="und" size="242382" type="full-text">
            <location>yadda.pack:/archive/bwmeta1.element.id-from-db-book-otworz-ksiazke-28301-slugreforms_adaptation_and_breakthrough/content/full-text/0086.jpg</location>
            <name lang="zxx" type="file-name">0086.jpg</name>
            <name lang="zxx">171-172</name>
          </file>
          <file format="image/jpg" id="file.41e52227de6232e04c72a0b833c996ad" langs="und" size="243031" type="full-text">
            <location>yadda.pack:/archive/bwmeta1.element.id-from-db-book-otworz-ksiazke-28301-slugreforms_adaptation_and_breakthrough/content/full-text/0087.jpg</location>
            <name lang="zxx" type="file-name">0087.jpg</name>
            <name lang="zxx">173-174</name>
          </file>
          <file format="image/jpg" id="file.7912f7e1c8eb15c6888e07c71d164a6c" langs="und" size="234051" type="full-text">
            <location>yadda.pack:/archive/bwmeta1.element.id-from-db-book-otworz-ksiazke-28301-slugreforms_adaptation_and_breakthrough/content/full-text/0088.jpg</location>
            <name lang="zxx" type="file-name">0088.jpg</name>
            <name lang="zxx">175-176</name>
          </file>
          <file format="image/jpg" id="file.20586e27d832338d9481097b75f85bf7" langs="und" size="242796" type="full-text">
            <location>yadda.pack:/archive/bwmeta1.element.id-from-db-book-otworz-ksiazke-28301-slugreforms_adaptation_and_breakthrough/content/full-text/0089.jpg</location>
            <name lang="zxx" type="file-name">0089.jpg</name>
            <name lang="zxx">177-178</name>
          </file>
          <file format="image/jpg" id="file.bd70e0e0f89f0725e762948797a7d36f" langs="und" size="243466" type="full-text">
            <location>yadda.pack:/archive/bwmeta1.element.id-from-db-book-otworz-ksiazke-28301-slugreforms_adaptation_and_breakthrough/content/full-text/0090.jpg</location>
            <name lang="zxx" type="file-name">0090.jpg</name>
            <name lang="zxx">179-180</name>
          </file>
          <file format="image/jpg" id="file.94de86ff35b83873aee1398e6cc33704" langs="und" size="94541" type="full-text">
            <location>yadda.pack:/archive/bwmeta1.element.id-from-db-book-otworz-ksiazke-28301-slugreforms_adaptation_and_breakthrough/content/full-text/0091.jpg</location>
            <name lang="zxx" type="file-name">0091.jpg</name>
            <name lang="zxx">181-182</name>
          </file>
          <name lang="und">References</name>
        </directory>
      </directory>
    </directory>
  </contents>
  <contributor institution="false" role="author">
    <identity ref="bwmeta1.person.id-from-db-authors-otworz-ksiazke-162-slug-andrzej_rychard" />
    <name lang="und" type="canonical">Andrzej  Rychard</name>
    <name lang="und" type="surname">Rychard</name>
    <name lang="und" type="forename">Andrzej</name>
  </contributor>
  <id scheme="bwmeta1.id-class.otworz-ksiazke-db-id" value="28301" />
  <id scheme="bwmeta1.id-class.otworz-ksiazke-db-slug" value="reforms_adaptation_and_breakthrough" />
  <name lang="und">Reforms, Adaptation and Breakthrough</name>
  <structure hierarchy="bwmeta1.hierarchy-class.hierarchy_Book">
    <ancestor level="bwmeta1.level.hierarchy_Book_Publisher" identity="bwmeta1.element.id-from-db-publisher-otworz-ksiazke-6">
      <name lang="und">IFiS Publishers</name>
    </ancestor>
    <current level="bwmeta1.level.hierarchy_Book_Book" />
  </structure>
  <tags lang="und" type="License">
    <tag>by-nc-sa</tag>
  </tags>
  <tags lang="und" type="keyword">
    <tag>socjologia</tag>
  </tags>
</element>

